ISO-10303-21;
HEADER;
FILE_DESCRIPTION(('FreeCAD Model'),'2;1');
FILE_NAME('Open CASCADE Shape Model','2026-03-05T21:16:14',(''),(''),
  'Open CASCADE STEP processor 7.8','FreeCAD','Unknown');
FILE_SCHEMA(('AUTOMOTIVE_DESIGN { 1 0 10303 214 1 1 1 1 }'));
ENDSEC;
DATA;
#1 = APPLICATION_PROTOCOL_DEFINITION('international standard',
  'automotive_design',2000,#2);
#2 = APPLICATION_CONTEXT(
  'core data for automotive mechanical design processes');
#3 = SHAPE_DEFINITION_REPRESENTATION(#4,#10);
#4 = PRODUCT_DEFINITION_SHAPE('','',#5);
#5 = PRODUCT_DEFINITION('design','',#6,#9);
#6 = PRODUCT_DEFINITION_FORMATION('','',#7);
#7 = PRODUCT('Screw Transport Wheel','Screw Transport Wheel','',(#8));
#8 = PRODUCT_CONTEXT('',#2,'mechanical');
#9 = PRODUCT_DEFINITION_CONTEXT('part definition',#2,'design');
#10 = ADVANCED_BREP_SHAPE_REPRESENTATION('',(#11,#15),#4134);
#11 = AXIS2_PLACEMENT_3D('',#12,#13,#14);
#12 = CARTESIAN_POINT('',(0.,0.,0.));
#13 = DIRECTION('',(0.,0.,1.));
#14 = DIRECTION('',(1.,0.,-0.));
#15 = MANIFOLD_SOLID_BREP('',#16);
#16 = CLOSED_SHELL('',(#17,#57,#192,#217,#241,#272,#324,#366,#391,#415,
    #440,#464,#489,#545,#570,#594,#618,#636,#688,#729,#760,#793,#824,
    #855,#888,#937,#972,#1003,#1036,#1067,#1098,#1131,#1164,#1206,#1228,
    #1257,#1721,#1780,#1837,#1863,#1887,#1912,#1944,#1968,#1992,#2009,
    #2033,#2058,#2091,#2122,#2155,#2186,#2219,#2248,#2307,#2364,#2390,
    #2414,#2439,#2471,#2495,#2519,#2536,#2560,#2593,#2618,#2649,#2691,
    #2722,#2746,#2775,#2834,#2891,#2917,#2941,#2966,#2998,#3022,#3046,
    #3063,#3087,#3120,#3145,#3176,#3218,#3249,#3273,#3302,#3379,#3436,
    #3462,#3486,#3511,#3553,#3577,#3601,#3618,#3642,#3675,#3700,#3731,
    #3764,#3806,#3828,#3859,#3885,#3910,#3936,#3956,#3980,#4000,#4020,
    #4089,#4104,#4119));
#17 = ADVANCED_FACE('',(#18),#52,.F.);
#18 = FACE_BOUND('',#19,.F.);
#19 = EDGE_LOOP('',(#20,#30,#38,#46));
#20 = ORIENTED_EDGE('',*,*,#21,.F.);
#21 = EDGE_CURVE('',#22,#24,#26,.T.);
#22 = VERTEX_POINT('',#23);
#23 = CARTESIAN_POINT('',(-188.,-8.999999999909,1.183409002084));
#24 = VERTEX_POINT('',#25);
#25 = CARTESIAN_POINT('',(-188.,-7.249999999984,1.183409002084));
#26 = LINE('',#27,#28);
#27 = CARTESIAN_POINT('',(-188.,-9.499999999489,1.183409002084));
#28 = VECTOR('',#29,1.);
#29 = DIRECTION('',(0.,1.,0.));
#30 = ORIENTED_EDGE('',*,*,#31,.T.);
#31 = EDGE_CURVE('',#22,#32,#34,.T.);
#32 = VERTEX_POINT('',#33);
#33 = CARTESIAN_POINT('',(-193.,-8.999999999909,1.183409002084));
#34 = LINE('',#35,#36);
#35 = CARTESIAN_POINT('',(-188.,-8.999999999909,1.183409002084));
#36 = VECTOR('',#37,1.);
#37 = DIRECTION('',(-1.,-0.,-0.));
#38 = ORIENTED_EDGE('',*,*,#39,.F.);
#39 = EDGE_CURVE('',#40,#32,#42,.T.);
#40 = VERTEX_POINT('',#41);
#41 = CARTESIAN_POINT('',(-193.,-7.249999999984,1.183409002084));
#42 = LINE('',#43,#44);
#43 = CARTESIAN_POINT('',(-193.,-10.87499999974,1.183409002084));
#44 = VECTOR('',#45,1.);
#45 = DIRECTION('',(0.,-1.,0.));
#46 = ORIENTED_EDGE('',*,*,#47,.F.);
#47 = EDGE_CURVE('',#24,#40,#48,.T.);
#48 = LINE('',#49,#50);
#49 = CARTESIAN_POINT('',(-188.,-7.249999999984,1.183409002084));
#50 = VECTOR('',#51,1.);
#51 = DIRECTION('',(-1.,-0.,-0.));
#52 = PLANE('',#53);
#53 = AXIS2_PLACEMENT_3D('',#54,#55,#56);
#54 = CARTESIAN_POINT('',(-188.,-9.499999999489,1.183409002084));
#55 = DIRECTION('',(0.,0.,-1.));
#56 = DIRECTION('',(0.,1.,0.));
#57 = ADVANCED_FACE('',(#58),#187,.T.);
#58 = FACE_BOUND('',#59,.T.);
#59 = EDGE_LOOP('',(#60,#70,#79,#87,#95,#104,#110,#111,#120,#128,#137,
    #145,#154,#162,#171,#180));
#60 = ORIENTED_EDGE('',*,*,#61,.F.);
#61 = EDGE_CURVE('',#62,#64,#66,.T.);
#62 = VERTEX_POINT('',#63);
#63 = CARTESIAN_POINT('',(-188.,7.433785537674,10.460134640606));
#64 = VERTEX_POINT('',#65);
#65 = CARTESIAN_POINT('',(-188.,11.309589133807,8.222438391052));
#66 = LINE('',#67,#68);
#67 = CARTESIAN_POINT('',(-188.,7.000772835782,10.710134640606));
#68 = VECTOR('',#69,1.);
#69 = DIRECTION('',(1.659685186994E-16,0.866025403784,-0.5));
#70 = ORIENTED_EDGE('',*,*,#71,.T.);
#71 = EDGE_CURVE('',#62,#72,#74,.T.);
#72 = VERTEX_POINT('',#73);
#73 = CARTESIAN_POINT('',(-188.,6.750772835782,10.277121938713));
#74 = CIRCLE('',#75,0.5);
#75 = AXIS2_PLACEMENT_3D('',#76,#77,#78);
#76 = CARTESIAN_POINT('',(-188.,7.183785537674,10.027121938713));
#77 = DIRECTION('',(1.,-1.278713470545E-16,1.104573674682E-16));
#78 = DIRECTION('',(1.659685186994E-16,0.866025403784,-0.5));
#79 = ORIENTED_EDGE('',*,*,#80,.F.);
#80 = EDGE_CURVE('',#81,#72,#83,.T.);
#81 = VERTEX_POINT('',#82);
#82 = CARTESIAN_POINT('',(-188.,5.87577283579,8.761577482105));
#83 = LINE('',#84,#85);
#84 = CARTESIAN_POINT('',(-188.,5.87577283579,8.761577482105));
#85 = VECTOR('',#86,1.);
#86 = DIRECTION('',(-3.172321273534E-17,0.5,0.866025403784));
#87 = ORIENTED_EDGE('',*,*,#88,.T.);
#88 = EDGE_CURVE('',#81,#89,#91,.T.);
#89 = VERTEX_POINT('',#90);
#90 = CARTESIAN_POINT('',(-188.,5.556264552435,8.9460456755));
#91 = LINE('',#92,#93);
#92 = CARTESIAN_POINT('',(-188.,5.87577283579,8.761577482105));
#93 = VECTOR('',#94,1.);
#94 = DIRECTION('',(-1.659685186994E-16,-0.866025403784,0.5));
#95 = ORIENTED_EDGE('',*,*,#96,.T.);
#96 = EDGE_CURVE('',#89,#97,#99,.T.);
#97 = VERTEX_POINT('',#98);
#98 = CARTESIAN_POINT('',(-188.,-7.249999999984,1.552345388833));
#99 = CIRCLE('',#100,23.974830693133);
#100 = AXIS2_PLACEMENT_3D('',#101,#102,#103);
#101 = CARTESIAN_POINT('',(-188.,-12.25,24.999999999996));
#102 = DIRECTION('',(-1.,0.,0.));
#103 = DIRECTION('',(0.,-1.,0.));
#104 = ORIENTED_EDGE('',*,*,#105,.T.);
#105 = EDGE_CURVE('',#97,#24,#106,.T.);
#106 = LINE('',#107,#108);
#107 = CARTESIAN_POINT('',(-188.,-7.249999999984,1.552345388833));
#108 = VECTOR('',#109,1.);
#109 = DIRECTION('',(0.,0.,-1.));
#110 = ORIENTED_EDGE('',*,*,#21,.F.);
#111 = ORIENTED_EDGE('',*,*,#112,.T.);
#112 = EDGE_CURVE('',#22,#113,#115,.T.);
#113 = VERTEX_POINT('',#114);
#114 = CARTESIAN_POINT('',(-188.,-9.499999999909,0.683409002085));
#115 = CIRCLE('',#116,0.5);
#116 = AXIS2_PLACEMENT_3D('',#117,#118,#119);
#117 = CARTESIAN_POINT('',(-188.,-8.999999999909,0.683409002084));
#118 = DIRECTION('',(1.,-0.,0.));
#119 = DIRECTION('',(0.,0.,-1.));
#120 = ORIENTED_EDGE('',*,*,#121,.T.);
#121 = EDGE_CURVE('',#113,#122,#124,.T.);
#122 = VERTEX_POINT('',#123);
#123 = CARTESIAN_POINT('',(-188.,-9.499999999969,-18.84626286918));
#124 = LINE('',#125,#126);
#125 = CARTESIAN_POINT('',(-188.,-9.499999999965,-4.346262869212));
#126 = VECTOR('',#127,1.);
#127 = DIRECTION('',(0.,0.,-1.));
#128 = ORIENTED_EDGE('',*,*,#129,.F.);
#129 = EDGE_CURVE('',#130,#122,#132,.T.);
#130 = VERTEX_POINT('',#131);
#131 = CARTESIAN_POINT('',(-188.,-8.999999999969,-19.34626286919));
#132 = CIRCLE('',#133,0.5);
#133 = AXIS2_PLACEMENT_3D('',#134,#135,#136);
#134 = CARTESIAN_POINT('',(-188.,-8.999999999969,-18.84626286919));
#135 = DIRECTION('',(-1.,-0.,-0.));
#136 = DIRECTION('',(0.,0.,-1.));
#137 = ORIENTED_EDGE('',*,*,#138,.T.);
#138 = EDGE_CURVE('',#130,#139,#141,.T.);
#139 = VERTEX_POINT('',#140);
#140 = CARTESIAN_POINT('',(-188.,-4.999999999973,-19.34626286919));
#141 = LINE('',#142,#143);
#142 = CARTESIAN_POINT('',(-188.,-9.499999999966,-19.34626286919));
#143 = VECTOR('',#144,1.);
#144 = DIRECTION('',(0.,1.,0.));
#145 = ORIENTED_EDGE('',*,*,#146,.F.);
#146 = EDGE_CURVE('',#147,#139,#149,.T.);
#147 = VERTEX_POINT('',#148);
#148 = CARTESIAN_POINT('',(-188.,-4.499999999973,-18.84626286919));
#149 = CIRCLE('',#150,0.5);
#150 = AXIS2_PLACEMENT_3D('',#151,#152,#153);
#151 = CARTESIAN_POINT('',(-188.,-4.999999999973,-18.84626286919));
#152 = DIRECTION('',(-1.,-0.,-0.));
#153 = DIRECTION('',(0.,0.,-1.));
#154 = ORIENTED_EDGE('',*,*,#155,.T.);
#155 = EDGE_CURVE('',#147,#156,#158,.T.);
#156 = VERTEX_POINT('',#157);
#157 = CARTESIAN_POINT('',(-188.,-4.499999999973,-3.817147240519));
#158 = LINE('',#159,#160);
#159 = CARTESIAN_POINT('',(-188.,-4.499999999973,-19.34626286919));
#160 = VECTOR('',#161,1.);
#161 = DIRECTION('',(0.,0.,1.));
#162 = ORIENTED_EDGE('',*,*,#163,.T.);
#163 = EDGE_CURVE('',#156,#164,#166,.T.);
#164 = VERTEX_POINT('',#165);
#165 = CARTESIAN_POINT('',(-188.,-4.137615456161,-3.33645816615));
#166 = CIRCLE('',#167,0.5);
#167 = AXIS2_PLACEMENT_3D('',#168,#169,#170);
#168 = CARTESIAN_POINT('',(-188.,-3.999999999973,-3.817147240519));
#169 = DIRECTION('',(-1.,0.,0.));
#170 = DIRECTION('',(0.,0.,-1.));
#171 = ORIENTED_EDGE('',*,*,#172,.F.);
#172 = EDGE_CURVE('',#173,#164,#175,.T.);
#173 = VERTEX_POINT('',#174);
#174 = CARTESIAN_POINT('',(-188.,11.461827707359,7.492433888015));
#175 = CIRCLE('',#176,29.474830693133);
#176 = AXIS2_PLACEMENT_3D('',#177,#178,#179);
#177 = CARTESIAN_POINT('',(-188.,-12.25,24.999999999996));
#178 = DIRECTION('',(-1.,0.,0.));
#179 = DIRECTION('',(0.,-1.,0.));
#180 = ORIENTED_EDGE('',*,*,#181,.F.);
#181 = EDGE_CURVE('',#64,#173,#182,.T.);
#182 = CIRCLE('',#183,0.5);
#183 = AXIS2_PLACEMENT_3D('',#184,#185,#186);
#184 = CARTESIAN_POINT('',(-188.,11.059589133807,7.78942568916));
#185 = DIRECTION('',(-1.,1.278713470545E-16,-1.104573674682E-16));
#186 = DIRECTION('',(1.659685186994E-16,0.866025403784,-0.5));
#187 = PLANE('',#188);
#188 = AXIS2_PLACEMENT_3D('',#189,#190,#191);
#189 = CARTESIAN_POINT('',(-188.,-12.73182791395,20.185595831618));
#190 = DIRECTION('',(1.,0.,0.));
#191 = DIRECTION('',(0.,0.,1.));
#192 = ADVANCED_FACE('',(#193),#212,.T.);
#193 = FACE_BOUND('',#194,.F.);
#194 = EDGE_LOOP('',(#195,#196,#204,#211));
#195 = ORIENTED_EDGE('',*,*,#112,.T.);
#196 = ORIENTED_EDGE('',*,*,#197,.T.);
#197 = EDGE_CURVE('',#113,#198,#200,.T.);
#198 = VERTEX_POINT('',#199);
#199 = CARTESIAN_POINT('',(-193.,-9.499999999909,0.683409002085));
#200 = LINE('',#201,#202);
#201 = CARTESIAN_POINT('',(-188.,-9.499999999909,0.683409002085));
#202 = VECTOR('',#203,1.);
#203 = DIRECTION('',(-1.,-0.,-0.));
#204 = ORIENTED_EDGE('',*,*,#205,.F.);
#205 = EDGE_CURVE('',#32,#198,#206,.T.);
#206 = CIRCLE('',#207,0.5);
#207 = AXIS2_PLACEMENT_3D('',#208,#209,#210);
#208 = CARTESIAN_POINT('',(-193.,-8.999999999909,0.683409002084));
#209 = DIRECTION('',(1.,-0.,0.));
#210 = DIRECTION('',(0.,0.,-1.));
#211 = ORIENTED_EDGE('',*,*,#31,.F.);
#212 = CYLINDRICAL_SURFACE('',#213,0.5);
#213 = AXIS2_PLACEMENT_3D('',#214,#215,#216);
#214 = CARTESIAN_POINT('',(-188.,-8.999999999909,0.683409002084));
#215 = DIRECTION('',(-1.,-0.,-0.));
#216 = DIRECTION('',(0.,0.,1.));
#217 = ADVANCED_FACE('',(#218),#236,.T.);
#218 = FACE_BOUND('',#219,.T.);
#219 = EDGE_LOOP('',(#220,#221,#229,#235));
#220 = ORIENTED_EDGE('',*,*,#105,.F.);
#221 = ORIENTED_EDGE('',*,*,#222,.T.);
#222 = EDGE_CURVE('',#97,#223,#225,.T.);
#223 = VERTEX_POINT('',#224);
#224 = CARTESIAN_POINT('',(-193.,-7.249999999984,1.552345388833));
#225 = LINE('',#226,#227);
#226 = CARTESIAN_POINT('',(-188.,-7.249999999984,1.552345388833));
#227 = VECTOR('',#228,1.);
#228 = DIRECTION('',(-1.,-0.,-0.));
#229 = ORIENTED_EDGE('',*,*,#230,.F.);
#230 = EDGE_CURVE('',#40,#223,#231,.T.);
#231 = LINE('',#232,#233);
#232 = CARTESIAN_POINT('',(-193.,-7.249999999984,13.276172694415));
#233 = VECTOR('',#234,1.);
#234 = DIRECTION('',(0.,0.,1.));
#235 = ORIENTED_EDGE('',*,*,#47,.F.);
#236 = PLANE('',#237);
#237 = AXIS2_PLACEMENT_3D('',#238,#239,#240);
#238 = CARTESIAN_POINT('',(-188.,-7.249999999984,1.552345388833));
#239 = DIRECTION('',(0.,-1.,0.));
#240 = DIRECTION('',(0.,0.,-1.));
#241 = ADVANCED_FACE('',(#242),#267,.F.);
#242 = FACE_BOUND('',#243,.F.);
#243 = EDGE_LOOP('',(#244,#245,#253,#261));
#244 = ORIENTED_EDGE('',*,*,#61,.F.);
#245 = ORIENTED_EDGE('',*,*,#246,.T.);
#246 = EDGE_CURVE('',#62,#247,#249,.T.);
#247 = VERTEX_POINT('',#248);
#248 = CARTESIAN_POINT('',(-193.,7.433785537674,10.460134640606));
#249 = LINE('',#250,#251);
#250 = CARTESIAN_POINT('',(-188.,7.433785537674,10.460134640606));
#251 = VECTOR('',#252,1.);
#252 = DIRECTION('',(-1.,1.278713470545E-16,-1.104573674682E-16));
#253 = ORIENTED_EDGE('',*,*,#254,.T.);
#254 = EDGE_CURVE('',#247,#255,#257,.T.);
#255 = VERTEX_POINT('',#256);
#256 = CARTESIAN_POINT('',(-193.,11.309589133807,8.222438391052));
#257 = LINE('',#258,#259);
#258 = CARTESIAN_POINT('',(-193.,-0.484682722672,15.031864422286));
#259 = VECTOR('',#260,1.);
#260 = DIRECTION('',(1.659685186994E-16,0.866025403784,-0.5));
#261 = ORIENTED_EDGE('',*,*,#262,.F.);
#262 = EDGE_CURVE('',#64,#255,#263,.T.);
#263 = LINE('',#264,#265);
#264 = CARTESIAN_POINT('',(-188.,11.309589133807,8.222438391052));
#265 = VECTOR('',#266,1.);
#266 = DIRECTION('',(-1.,1.278713470545E-16,-1.104573674682E-16));
#267 = PLANE('',#268);
#268 = AXIS2_PLACEMENT_3D('',#269,#270,#271);
#269 = CARTESIAN_POINT('',(-190.5,9.82820369522,9.077716672794));
#270 = DIRECTION('',(3.172321273534E-17,-0.5,-0.866025403784));
#271 = DIRECTION('',(1.659685186994E-16,0.866025403784,-0.5));
#272 = ADVANCED_FACE('',(#273),#319,.T.);
#273 = FACE_BOUND('',#274,.T.);
#274 = EDGE_LOOP('',(#275,#304,#311,#312,#313));
#275 = ORIENTED_EDGE('',*,*,#276,.T.);
#276 = EDGE_CURVE('',#277,#279,#281,.T.);
#277 = VERTEX_POINT('',#278);
#278 = CARTESIAN_POINT('',(-193.5,11.461827707359,7.492433888015));
#279 = VERTEX_POINT('',#280);
#280 = CARTESIAN_POINT('',(-193.,11.353099293845,8.194211788174));
#281 = B_SPLINE_CURVE_WITH_KNOTS('',5,(#282,#283,#284,#285,#286,#287,
    #288,#289,#290,#291,#292,#293,#294,#295,#296,#297,#298,#299,#300,
    #301,#302,#303),.UNSPECIFIED.,.F.,.F.,(6,4,4,4,4,6),(0.,
    3.152072785858E-02,0.277014079237,0.544399901114,0.774327221931,1.),
  .UNSPECIFIED.);
#282 = CARTESIAN_POINT('',(-193.5,11.461827742556,7.492433935686));
#283 = CARTESIAN_POINT('',(-193.4952878735,11.464650645689,
    7.496257208434));
#284 = CARTESIAN_POINT('',(-193.4905758229,11.467428175813,
    7.500114093934));
#285 = CARTESIAN_POINT('',(-193.4858644758,11.470159834976,
    7.504003917805));
#286 = CARTESIAN_POINT('',(-193.4811545229,11.472845174031,
    7.507926060683));
#287 = CARTESIAN_POINT('',(-193.4397808446,11.496034184896,
    7.542674156895));
#288 = CARTESIAN_POINT('',(-193.4032455854,11.513749396804,
    7.575392848488));
#289 = CARTESIAN_POINT('',(-193.3671739279,11.528429033978,
    7.609753330899));
#290 = CARTESIAN_POINT('',(-193.3319115003,11.539882473907,
    7.645450122215));
#291 = CARTESIAN_POINT('',(-193.2607053501,11.556720157575,7.72208909051
    ));
#292 = CARTESIAN_POINT('',(-193.2249843314,11.561471310359,
    7.763211935602));
#293 = CARTESIAN_POINT('',(-193.1911395094,11.561981692091,
    7.805053277129));
#294 = CARTESIAN_POINT('',(-193.1597089213,11.558061157621,
    7.847071749902));
#295 = CARTESIAN_POINT('',(-193.1067657015,11.542416861547,
    7.924357075877));
#296 = CARTESIAN_POINT('',(-193.0844811133,11.531863572811,
    7.959744114409));
#297 = CARTESIAN_POINT('',(-193.0647403492,11.517953906945,
    7.994375616117));
#298 = CARTESIAN_POINT('',(-193.0479035988,11.500731682673,
    8.027776884874));
#299 = CARTESIAN_POINT('',(-193.020848146,11.460432016194,8.090575206221
    ));
#300 = CARTESIAN_POINT('',(-193.0105111093,11.437466909925,
    8.120038331377));
#301 = CARTESIAN_POINT('',(-193.00350524,11.411686184498,8.147400420405)
  );
#302 = CARTESIAN_POINT('',(-193.,11.383414804816,8.17223002917));
#303 = CARTESIAN_POINT('',(-193.,11.353099293845,8.194211788174));
#304 = ORIENTED_EDGE('',*,*,#305,.T.);
#305 = EDGE_CURVE('',#279,#255,#306,.T.);
#306 = CIRCLE('',#307,0.5);
#307 = AXIS2_PLACEMENT_3D('',#308,#309,#310);
#308 = CARTESIAN_POINT('',(-193.,11.059589133807,7.78942568916));
#309 = DIRECTION('',(1.,-1.278713470545E-16,1.104573674682E-16));
#310 = DIRECTION('',(1.659685186994E-16,0.866025403784,-0.5));
#311 = ORIENTED_EDGE('',*,*,#262,.F.);
#312 = ORIENTED_EDGE('',*,*,#181,.T.);
#313 = ORIENTED_EDGE('',*,*,#314,.T.);
#314 = EDGE_CURVE('',#173,#277,#315,.T.);
#315 = LINE('',#316,#317);
#316 = CARTESIAN_POINT('',(-188.,11.461827707359,7.492433888015));
#317 = VECTOR('',#318,1.);
#318 = DIRECTION('',(-1.,1.278713470545E-16,-1.104573674682E-16));
#319 = CYLINDRICAL_SURFACE('',#320,0.5);
#320 = AXIS2_PLACEMENT_3D('',#321,#322,#323);
#321 = CARTESIAN_POINT('',(-188.,11.059589133807,7.78942568916));
#322 = DIRECTION('',(-1.,1.278713470545E-16,-1.104573674682E-16));
#323 = DIRECTION('',(-3.172321273534E-17,0.5,0.866025403784));
#324 = ADVANCED_FACE('',(#325),#361,.T.);
#325 = FACE_BOUND('',#326,.T.);
#326 = EDGE_LOOP('',(#327,#338,#346,#353,#354,#355));
#327 = ORIENTED_EDGE('',*,*,#328,.F.);
#328 = EDGE_CURVE('',#329,#331,#333,.T.);
#329 = VERTEX_POINT('',#330);
#330 = CARTESIAN_POINT('',(-196.,14.539609150888,12.708438425829));
#331 = VERTEX_POINT('',#332);
#332 = CARTESIAN_POINT('',(-196.,-4.137615456161,-3.33645816615));
#333 = CIRCLE('',#334,29.474830693133);
#334 = AXIS2_PLACEMENT_3D('',#335,#336,#337);
#335 = CARTESIAN_POINT('',(-196.,-12.25,24.999999999996));
#336 = DIRECTION('',(-1.,0.,0.));
#337 = DIRECTION('',(0.,-1.,0.));
#338 = ORIENTED_EDGE('',*,*,#339,.F.);
#339 = EDGE_CURVE('',#340,#329,#342,.T.);
#340 = VERTEX_POINT('',#341);
#341 = CARTESIAN_POINT('',(-193.5,14.539609150887,12.708438425829));
#342 = LINE('',#343,#344);
#343 = CARTESIAN_POINT('',(-193.,14.539609150887,12.708438425829));
#344 = VECTOR('',#345,1.);
#345 = DIRECTION('',(-1.,0.,0.));
#346 = ORIENTED_EDGE('',*,*,#347,.T.);
#347 = EDGE_CURVE('',#340,#277,#348,.T.);
#348 = CIRCLE('',#349,29.474830693133);
#349 = AXIS2_PLACEMENT_3D('',#350,#351,#352);
#350 = CARTESIAN_POINT('',(-193.5,-12.25,24.999999999996));
#351 = DIRECTION('',(-1.,3.821137139092E-16,-2.572442664112E-16));
#352 = DIRECTION('',(4.545780407193E-16,0.908897812842,-0.417018903421)
  );
#353 = ORIENTED_EDGE('',*,*,#314,.F.);
#354 = ORIENTED_EDGE('',*,*,#172,.T.);
#355 = ORIENTED_EDGE('',*,*,#356,.T.);
#356 = EDGE_CURVE('',#164,#331,#357,.T.);
#357 = LINE('',#358,#359);
#358 = CARTESIAN_POINT('',(-188.,-4.137615456161,-3.33645816615));
#359 = VECTOR('',#360,1.);
#360 = DIRECTION('',(-1.,0.,0.));
#361 = CYLINDRICAL_SURFACE('',#362,29.474830693133);
#362 = AXIS2_PLACEMENT_3D('',#363,#364,#365);
#363 = CARTESIAN_POINT('',(-193.,-12.25,24.999999999996));
#364 = DIRECTION('',(-1.,0.,0.));
#365 = DIRECTION('',(0.,-1.,0.));
#366 = ADVANCED_FACE('',(#367),#386,.F.);
#367 = FACE_BOUND('',#368,.F.);
#368 = EDGE_LOOP('',(#369,#370,#371,#380));
#369 = ORIENTED_EDGE('',*,*,#163,.T.);
#370 = ORIENTED_EDGE('',*,*,#356,.T.);
#371 = ORIENTED_EDGE('',*,*,#372,.F.);
#372 = EDGE_CURVE('',#373,#331,#375,.T.);
#373 = VERTEX_POINT('',#374);
#374 = CARTESIAN_POINT('',(-196.,-4.499999999973,-3.817147240519));
#375 = CIRCLE('',#376,0.5);
#376 = AXIS2_PLACEMENT_3D('',#377,#378,#379);
#377 = CARTESIAN_POINT('',(-196.,-3.999999999973,-3.817147240519));
#378 = DIRECTION('',(-1.,0.,0.));
#379 = DIRECTION('',(0.,0.,-1.));
#380 = ORIENTED_EDGE('',*,*,#381,.F.);
#381 = EDGE_CURVE('',#156,#373,#382,.T.);
#382 = LINE('',#383,#384);
#383 = CARTESIAN_POINT('',(-188.,-4.499999999973,-3.817147240519));
#384 = VECTOR('',#385,1.);
#385 = DIRECTION('',(-1.,0.,0.));
#386 = CYLINDRICAL_SURFACE('',#387,0.5);
#387 = AXIS2_PLACEMENT_3D('',#388,#389,#390);
#388 = CARTESIAN_POINT('',(-188.,-3.999999999973,-3.817147240519));
#389 = DIRECTION('',(-1.,0.,0.));
#390 = DIRECTION('',(-0.,-1.,-0.));
#391 = ADVANCED_FACE('',(#392),#410,.T.);
#392 = FACE_BOUND('',#393,.T.);
#393 = EDGE_LOOP('',(#394,#395,#403,#409));
#394 = ORIENTED_EDGE('',*,*,#155,.F.);
#395 = ORIENTED_EDGE('',*,*,#396,.T.);
#396 = EDGE_CURVE('',#147,#397,#399,.T.);
#397 = VERTEX_POINT('',#398);
#398 = CARTESIAN_POINT('',(-196.,-4.499999999973,-18.84626286919));
#399 = LINE('',#400,#401);
#400 = CARTESIAN_POINT('',(-188.,-4.499999999973,-18.84626286919));
#401 = VECTOR('',#402,1.);
#402 = DIRECTION('',(-1.,-0.,-0.));
#403 = ORIENTED_EDGE('',*,*,#404,.T.);
#404 = EDGE_CURVE('',#397,#373,#405,.T.);
#405 = LINE('',#406,#407);
#406 = CARTESIAN_POINT('',(-196.,-4.499999999973,2.826868565403));
#407 = VECTOR('',#408,1.);
#408 = DIRECTION('',(0.,0.,1.));
#409 = ORIENTED_EDGE('',*,*,#381,.F.);
#410 = PLANE('',#411);
#411 = AXIS2_PLACEMENT_3D('',#412,#413,#414);
#412 = CARTESIAN_POINT('',(-188.,-4.499999999973,-19.34626286919));
#413 = DIRECTION('',(0.,1.,0.));
#414 = DIRECTION('',(0.,0.,1.));
#415 = ADVANCED_FACE('',(#416),#435,.T.);
#416 = FACE_BOUND('',#417,.T.);
#417 = EDGE_LOOP('',(#418,#419,#427,#434));
#418 = ORIENTED_EDGE('',*,*,#146,.T.);
#419 = ORIENTED_EDGE('',*,*,#420,.T.);
#420 = EDGE_CURVE('',#139,#421,#423,.T.);
#421 = VERTEX_POINT('',#422);
#422 = CARTESIAN_POINT('',(-196.,-4.999999999973,-19.34626286919));
#423 = LINE('',#424,#425);
#424 = CARTESIAN_POINT('',(-188.,-4.999999999973,-19.34626286919));
#425 = VECTOR('',#426,1.);
#426 = DIRECTION('',(-1.,-0.,-0.));
#427 = ORIENTED_EDGE('',*,*,#428,.F.);
#428 = EDGE_CURVE('',#397,#421,#429,.T.);
#429 = CIRCLE('',#430,0.5);
#430 = AXIS2_PLACEMENT_3D('',#431,#432,#433);
#431 = CARTESIAN_POINT('',(-196.,-4.999999999973,-18.84626286919));
#432 = DIRECTION('',(-1.,-0.,-0.));
#433 = DIRECTION('',(0.,0.,-1.));
#434 = ORIENTED_EDGE('',*,*,#396,.F.);
#435 = CYLINDRICAL_SURFACE('',#436,0.5);
#436 = AXIS2_PLACEMENT_3D('',#437,#438,#439);
#437 = CARTESIAN_POINT('',(-188.,-4.999999999973,-18.84626286919));
#438 = DIRECTION('',(-1.,-0.,-0.));
#439 = DIRECTION('',(0.,1.,0.));
#440 = ADVANCED_FACE('',(#441),#459,.T.);
#441 = FACE_BOUND('',#442,.T.);
#442 = EDGE_LOOP('',(#443,#444,#452,#458));
#443 = ORIENTED_EDGE('',*,*,#138,.F.);
#444 = ORIENTED_EDGE('',*,*,#445,.T.);
#445 = EDGE_CURVE('',#130,#446,#448,.T.);
#446 = VERTEX_POINT('',#447);
#447 = CARTESIAN_POINT('',(-196.,-8.999999999969,-19.34626286919));
#448 = LINE('',#449,#450);
#449 = CARTESIAN_POINT('',(-188.,-8.999999999969,-19.34626286919));
#450 = VECTOR('',#451,1.);
#451 = DIRECTION('',(-1.,-0.,-0.));
#452 = ORIENTED_EDGE('',*,*,#453,.T.);
#453 = EDGE_CURVE('',#446,#421,#454,.T.);
#454 = LINE('',#455,#456);
#455 = CARTESIAN_POINT('',(-196.,-10.87499999998,-19.34626286919));
#456 = VECTOR('',#457,1.);
#457 = DIRECTION('',(0.,1.,0.));
#458 = ORIENTED_EDGE('',*,*,#420,.F.);
#459 = PLANE('',#460);
#460 = AXIS2_PLACEMENT_3D('',#461,#462,#463);
#461 = CARTESIAN_POINT('',(-188.,-9.499999999966,-19.34626286919));
#462 = DIRECTION('',(0.,0.,-1.));
#463 = DIRECTION('',(0.,1.,0.));
#464 = ADVANCED_FACE('',(#465),#484,.T.);
#465 = FACE_BOUND('',#466,.T.);
#466 = EDGE_LOOP('',(#467,#468,#476,#483));
#467 = ORIENTED_EDGE('',*,*,#129,.T.);
#468 = ORIENTED_EDGE('',*,*,#469,.T.);
#469 = EDGE_CURVE('',#122,#470,#472,.T.);
#470 = VERTEX_POINT('',#471);
#471 = CARTESIAN_POINT('',(-196.,-9.499999999969,-18.84626286918));
#472 = LINE('',#473,#474);
#473 = CARTESIAN_POINT('',(-188.,-9.499999999969,-18.84626286918));
#474 = VECTOR('',#475,1.);
#475 = DIRECTION('',(-1.,-0.,-0.));
#476 = ORIENTED_EDGE('',*,*,#477,.F.);
#477 = EDGE_CURVE('',#446,#470,#478,.T.);
#478 = CIRCLE('',#479,0.5);
#479 = AXIS2_PLACEMENT_3D('',#480,#481,#482);
#480 = CARTESIAN_POINT('',(-196.,-8.999999999969,-18.84626286919));
#481 = DIRECTION('',(-1.,-0.,-0.));
#482 = DIRECTION('',(0.,0.,-1.));
#483 = ORIENTED_EDGE('',*,*,#445,.F.);
#484 = CYLINDRICAL_SURFACE('',#485,0.5);
#485 = AXIS2_PLACEMENT_3D('',#486,#487,#488);
#486 = CARTESIAN_POINT('',(-188.,-8.999999999969,-18.84626286919));
#487 = DIRECTION('',(-1.,-0.,-0.));
#488 = DIRECTION('',(0.,0.,-1.));
#489 = ADVANCED_FACE('',(#490),#540,.T.);
#490 = FACE_BOUND('',#491,.T.);
#491 = EDGE_LOOP('',(#492,#500,#523,#531,#537,#538,#539));
#492 = ORIENTED_EDGE('',*,*,#493,.F.);
#493 = EDGE_CURVE('',#494,#198,#496,.T.);
#494 = VERTEX_POINT('',#495);
#495 = CARTESIAN_POINT('',(-193.,-9.499999999965,-3.844034282599));
#496 = LINE('',#497,#498);
#497 = CARTESIAN_POINT('',(-193.,-9.499999999965,13.091704501018));
#498 = VECTOR('',#499,1.);
#499 = DIRECTION('',(0.,0.,1.));
#500 = ORIENTED_EDGE('',*,*,#501,.T.);
#501 = EDGE_CURVE('',#494,#502,#504,.T.);
#502 = VERTEX_POINT('',#503);
#503 = CARTESIAN_POINT('',(-193.5,-9.499999999966,-4.346262869212));
#504 = B_SPLINE_CURVE_WITH_KNOTS('',5,(#505,#506,#507,#508,#509,#510,
    #511,#512,#513,#514,#515,#516,#517,#518,#519,#520,#521,#522),
  .UNSPECIFIED.,.F.,.F.,(6,4,4,4,6),(0.,0.245346320313,0.490634327535,
    0.744847590948,1.),.UNSPECIFIED.);
#505 = CARTESIAN_POINT('',(-193.,-9.499999999929,-3.844034282596));
#506 = CARTESIAN_POINT('',(-193.,-9.49999999993,-3.88269129455));
#507 = CARTESIAN_POINT('',(-193.0037022698,-9.49999999993,
    -3.921348349346));
#508 = CARTESIAN_POINT('',(-193.0111069772,-9.49999999993,
    -3.959527774512));
#509 = CARTESIAN_POINT('',(-193.0221227724,-9.49999999993,
    -3.996755365071));
#510 = CARTESIAN_POINT('',(-193.0510171978,-9.49999999993,
    -4.068411586289));
#511 = CARTESIAN_POINT('',(-193.0688945804,-9.49999999993,
    -4.102841835815));
#512 = CARTESIAN_POINT('',(-193.0900262507,-9.49999999993,
    -4.135435297003));
#513 = CARTESIAN_POINT('',(-193.1141506567,-9.499999999931,
    -4.165786104497));
#514 = CARTESIAN_POINT('',(-193.1686977109,-9.499999999931,
    -4.222323480942));
#515 = CARTESIAN_POINT('',(-193.1993184299,-9.499999999931,
    -4.248319210915));
#516 = CARTESIAN_POINT('',(-193.2324307226,-9.499999999931,
    -4.271152948531));
#517 = CARTESIAN_POINT('',(-193.2675920712,-9.499999999931,
    -4.290517767782));
#518 = CARTESIAN_POINT('',(-193.3411699222,-9.499999999931,
    -4.321947821741));
#519 = CARTESIAN_POINT('',(-193.3795991896,-9.499999999931,
    -4.333986347196));
#520 = CARTESIAN_POINT('',(-193.4191063257,-9.499999999932,
    -4.342106863221));
#521 = CARTESIAN_POINT('',(-193.4591576455,-9.499999999932,
    -4.346199052664));
#522 = CARTESIAN_POINT('',(-193.4992146026,-9.499999999932,
    -4.346262249657));
#523 = ORIENTED_EDGE('',*,*,#524,.T.);
#524 = EDGE_CURVE('',#502,#525,#527,.T.);
#525 = VERTEX_POINT('',#526);
#526 = CARTESIAN_POINT('',(-196.,-9.499999999965,-4.346262869212));
#527 = LINE('',#528,#529);
#528 = CARTESIAN_POINT('',(-193.,-9.499999999966,-4.346262869212));
#529 = VECTOR('',#530,1.);
#530 = DIRECTION('',(-1.,0.,0.));
#531 = ORIENTED_EDGE('',*,*,#532,.T.);
#532 = EDGE_CURVE('',#525,#470,#533,.T.);
#533 = LINE('',#534,#535);
#534 = CARTESIAN_POINT('',(-196.,-9.499999999966,10.326868565399));
#535 = VECTOR('',#536,1.);
#536 = DIRECTION('',(0.,0.,-1.));
#537 = ORIENTED_EDGE('',*,*,#469,.F.);
#538 = ORIENTED_EDGE('',*,*,#121,.F.);
#539 = ORIENTED_EDGE('',*,*,#197,.T.);
#540 = PLANE('',#541);
#541 = AXIS2_PLACEMENT_3D('',#542,#543,#544);
#542 = CARTESIAN_POINT('',(-191.7092673254,-9.499999999945,
    -9.372159608105));
#543 = DIRECTION('',(1.254168827624E-12,-1.,3.061988478091E-12));
#544 = DIRECTION('',(0.,-3.061988478091E-12,-1.));
#545 = ADVANCED_FACE('',(#546),#565,.F.);
#546 = FACE_BOUND('',#547,.F.);
#547 = EDGE_LOOP('',(#548,#556,#557,#558));
#548 = ORIENTED_EDGE('',*,*,#549,.F.);
#549 = EDGE_CURVE('',#89,#550,#552,.T.);
#550 = VERTEX_POINT('',#551);
#551 = CARTESIAN_POINT('',(-193.,5.556264552435,8.9460456755));
#552 = LINE('',#553,#554);
#553 = CARTESIAN_POINT('',(-188.,5.556264552435,8.9460456755));
#554 = VECTOR('',#555,1.);
#555 = DIRECTION('',(-1.,1.278713470545E-16,-1.104573674682E-16));
#556 = ORIENTED_EDGE('',*,*,#96,.T.);
#557 = ORIENTED_EDGE('',*,*,#222,.T.);
#558 = ORIENTED_EDGE('',*,*,#559,.F.);
#559 = EDGE_CURVE('',#550,#223,#560,.T.);
#560 = CIRCLE('',#561,23.974830693133);
#561 = AXIS2_PLACEMENT_3D('',#562,#563,#564);
#562 = CARTESIAN_POINT('',(-193.,-12.25,24.999999999996));
#563 = DIRECTION('',(-1.,0.,0.));
#564 = DIRECTION('',(0.,-1.,0.));
#565 = CYLINDRICAL_SURFACE('',#566,23.974830693133);
#566 = AXIS2_PLACEMENT_3D('',#567,#568,#569);
#567 = CARTESIAN_POINT('',(-193.,-12.25,24.999999999996));
#568 = DIRECTION('',(-1.,0.,0.));
#569 = DIRECTION('',(0.,-1.,0.));
#570 = ADVANCED_FACE('',(#571),#589,.T.);
#571 = FACE_BOUND('',#572,.T.);
#572 = EDGE_LOOP('',(#573,#574,#582,#588));
#573 = ORIENTED_EDGE('',*,*,#88,.F.);
#574 = ORIENTED_EDGE('',*,*,#575,.T.);
#575 = EDGE_CURVE('',#81,#576,#578,.T.);
#576 = VERTEX_POINT('',#577);
#577 = CARTESIAN_POINT('',(-193.,5.87577283579,8.761577482105));
#578 = LINE('',#579,#580);
#579 = CARTESIAN_POINT('',(-188.,5.87577283579,8.761577482105));
#580 = VECTOR('',#581,1.);
#581 = DIRECTION('',(-1.,1.278713470545E-16,-1.104573674682E-16));
#582 = ORIENTED_EDGE('',*,*,#583,.F.);
#583 = EDGE_CURVE('',#550,#576,#584,.T.);
#584 = LINE('',#585,#586);
#585 = CARTESIAN_POINT('',(-193.,-4.437113582101,14.715725231597));
#586 = VECTOR('',#587,1.);
#587 = DIRECTION('',(1.659685186994E-16,0.866025403784,-0.5));
#588 = ORIENTED_EDGE('',*,*,#549,.F.);
#589 = PLANE('',#590);
#590 = AXIS2_PLACEMENT_3D('',#591,#592,#593);
#591 = CARTESIAN_POINT('',(-188.,5.87577283579,8.761577482105));
#592 = DIRECTION('',(-3.172321273534E-17,0.5,0.866025403784));
#593 = DIRECTION('',(-1.659685186994E-16,-0.866025403784,0.5));
#594 = ADVANCED_FACE('',(#595),#613,.F.);
#595 = FACE_BOUND('',#596,.F.);
#596 = EDGE_LOOP('',(#597,#598,#599,#607));
#597 = ORIENTED_EDGE('',*,*,#80,.F.);
#598 = ORIENTED_EDGE('',*,*,#575,.T.);
#599 = ORIENTED_EDGE('',*,*,#600,.F.);
#600 = EDGE_CURVE('',#601,#576,#603,.T.);
#601 = VERTEX_POINT('',#602);
#602 = CARTESIAN_POINT('',(-193.,6.750772835782,10.277121938713));
#603 = LINE('',#604,#605);
#604 = CARTESIAN_POINT('',(-193.,7.125772835786,10.926640991559));
#605 = VECTOR('',#606,1.);
#606 = DIRECTION('',(3.172321273534E-17,-0.5,-0.866025403784));
#607 = ORIENTED_EDGE('',*,*,#608,.F.);
#608 = EDGE_CURVE('',#72,#601,#609,.T.);
#609 = LINE('',#610,#611);
#610 = CARTESIAN_POINT('',(-188.,6.750772835782,10.277121938713));
#611 = VECTOR('',#612,1.);
#612 = DIRECTION('',(-1.,1.278713470545E-16,-1.104573674682E-16));
#613 = PLANE('',#614);
#614 = AXIS2_PLACEMENT_3D('',#615,#616,#617);
#615 = CARTESIAN_POINT('',(-188.,5.87577283579,8.761577482105));
#616 = DIRECTION('',(1.659685186994E-16,0.866025403784,-0.5));
#617 = DIRECTION('',(-3.172321273534E-17,0.5,0.866025403784));
#618 = ADVANCED_FACE('',(#619),#631,.T.);
#619 = FACE_BOUND('',#620,.F.);
#620 = EDGE_LOOP('',(#621,#622,#623,#630));
#621 = ORIENTED_EDGE('',*,*,#71,.T.);
#622 = ORIENTED_EDGE('',*,*,#608,.T.);
#623 = ORIENTED_EDGE('',*,*,#624,.F.);
#624 = EDGE_CURVE('',#247,#601,#625,.T.);
#625 = CIRCLE('',#626,0.5);
#626 = AXIS2_PLACEMENT_3D('',#627,#628,#629);
#627 = CARTESIAN_POINT('',(-193.,7.183785537674,10.027121938713));
#628 = DIRECTION('',(1.,-1.278713470545E-16,1.104573674682E-16));
#629 = DIRECTION('',(1.659685186994E-16,0.866025403784,-0.5));
#630 = ORIENTED_EDGE('',*,*,#246,.F.);
#631 = CYLINDRICAL_SURFACE('',#632,0.5);
#632 = AXIS2_PLACEMENT_3D('',#633,#634,#635);
#633 = CARTESIAN_POINT('',(-188.,7.183785537674,10.027121938713));
#634 = DIRECTION('',(-1.,1.278713470545E-16,-1.104573674682E-16));
#635 = DIRECTION('',(-3.172321273534E-17,0.5,0.866025403784));
#636 = ADVANCED_FACE('',(#637),#683,.T.);
#637 = FACE_BOUND('',#638,.T.);
#638 = EDGE_LOOP('',(#639,#640,#649,#676));
#639 = ORIENTED_EDGE('',*,*,#501,.F.);
#640 = ORIENTED_EDGE('',*,*,#641,.T.);
#641 = EDGE_CURVE('',#494,#642,#644,.T.);
#642 = VERTEX_POINT('',#643);
#643 = CARTESIAN_POINT('',(-193.,-15.00268987513,-3.843777702431));
#644 = CIRCLE('',#645,28.974830693133);
#645 = AXIS2_PLACEMENT_3D('',#646,#647,#648);
#646 = CARTESIAN_POINT('',(-193.,-12.25,24.999999999996));
#647 = DIRECTION('',(-1.,0.,-2.935737978859E-16));
#648 = DIRECTION('',(2.922932427999E-16,9.329994220036E-02,
    -0.995638047076));
#649 = ORIENTED_EDGE('',*,*,#650,.F.);
#650 = EDGE_CURVE('',#651,#642,#653,.T.);
#651 = VERTEX_POINT('',#652);
#652 = CARTESIAN_POINT('',(-193.5,-15.55608315773,-4.288828220727));
#653 = B_SPLINE_CURVE_WITH_KNOTS('',5,(#654,#655,#656,#657,#658,#659,
    #660,#661,#662,#663,#664,#665,#666,#667,#668,#669,#670,#671,#672,
    #673,#674,#675),.UNSPECIFIED.,.F.,.F.,(6,4,4,4,4,6),(0.,
    3.152072785858E-02,0.277014079237,0.544399901114,0.774327221931,1.),
  .UNSPECIFIED.);
#654 = CARTESIAN_POINT('',(-193.5,-15.55608309884,-4.288828227373));
#655 = CARTESIAN_POINT('',(-193.4952878735,-15.55136059595,
    -4.289361296825));
#656 = CARTESIAN_POINT('',(-193.4905758229,-15.54663167007,
    -4.289838265722));
#657 = CARTESIAN_POINT('',(-193.4858644758,-15.5418971542,
    -4.290259040016));
#658 = CARTESIAN_POINT('',(-193.4811545229,-15.5371578093,
    -4.290623540416));
#659 = CARTESIAN_POINT('',(-193.4397808446,-15.49547056982,
    -4.293331764808));
#660 = CARTESIAN_POINT('',(-193.4032455854,-15.45827774576,
    -4.292314242557));
#661 = CARTESIAN_POINT('',(-193.3671739279,-15.42118087652,
    -4.287846940063));
#662 = CARTESIAN_POINT('',(-193.3319115003,-15.38453982844,
    -4.279917514344));
#663 = CARTESIAN_POINT('',(-193.2607053501,-15.30974969315,
    -4.256179891994));
#664 = CARTESIAN_POINT('',(-193.2249843314,-15.27176068823,
    -4.239733088456));
#665 = CARTESIAN_POINT('',(-193.1911395094,-15.23526983267,
    -4.219254421239));
#666 = CARTESIAN_POINT('',(-193.1597089213,-15.20084103506,
    -4.194849902404));
#667 = CARTESIAN_POINT('',(-193.1067657015,-15.14173212746,
    -4.142658881592));
#668 = CARTESIAN_POINT('',(-193.0844811133,-15.1163626975,
    -4.115825946187));
#669 = CARTESIAN_POINT('',(-193.0647403492,-15.09332577018,
    -4.086464071335));
#670 = CARTESIAN_POINT('',(-193.0479035988,-15.07301053505,
    -4.054848553228));
#671 = CARTESIAN_POINT('',(-193.020848146,-15.03877542669,
    -3.988548857619));
#672 = CARTESIAN_POINT('',(-193.0105111093,-15.02474216496,
    -3.953928929612));
#673 = CARTESIAN_POINT('',(-193.00350524,-15.01393626348,-3.91792112195)
  );
#674 = CARTESIAN_POINT('',(-193.,-15.00656888136,-3.881022584563));
#675 = CARTESIAN_POINT('',(-193.,-15.00268987513,-3.843777702431));
#676 = ORIENTED_EDGE('',*,*,#677,.F.);
#677 = EDGE_CURVE('',#502,#651,#678,.T.);
#678 = CIRCLE('',#679,29.474830693133);
#679 = AXIS2_PLACEMENT_3D('',#680,#681,#682);
#680 = CARTESIAN_POINT('',(-193.5,-12.25,24.999999999996));
#681 = DIRECTION('',(-1.,0.,-2.935737978859E-16));
#682 = DIRECTION('',(2.922932427999E-16,9.329994220036E-02,
    -0.995638047076));
#683 = TOROIDAL_SURFACE('',#684,28.974830693133,0.5);
#684 = AXIS2_PLACEMENT_3D('',#685,#686,#687);
#685 = CARTESIAN_POINT('',(-193.5,-12.25,24.999999999996));
#686 = DIRECTION('',(-1.,-0.,-2.935737978859E-16));
#687 = DIRECTION('',(2.922932427999E-16,9.329994220036E-02,
    -0.995638047076));
#688 = ADVANCED_FACE('',(#689),#724,.T.);
#689 = FACE_BOUND('',#690,.T.);
#690 = EDGE_LOOP('',(#691,#692,#701,#709,#718));
#691 = ORIENTED_EDGE('',*,*,#650,.T.);
#692 = ORIENTED_EDGE('',*,*,#693,.T.);
#693 = EDGE_CURVE('',#642,#694,#696,.T.);
#694 = VERTEX_POINT('',#695);
#695 = CARTESIAN_POINT('',(-193.,-15.,-3.791983497077));
#696 = CIRCLE('',#697,0.5);
#697 = AXIS2_PLACEMENT_3D('',#698,#699,#700);
#698 = CARTESIAN_POINT('',(-193.,-15.5,-3.791983497077));
#699 = DIRECTION('',(1.,-0.,0.));
#700 = DIRECTION('',(0.,0.,-1.));
#701 = ORIENTED_EDGE('',*,*,#702,.F.);
#702 = EDGE_CURVE('',#703,#694,#705,.T.);
#703 = VERTEX_POINT('',#704);
#704 = CARTESIAN_POINT('',(-188.,-15.,-3.791983497077));
#705 = LINE('',#706,#707);
#706 = CARTESIAN_POINT('',(-188.,-15.,-3.791983497077));
#707 = VECTOR('',#708,1.);
#708 = DIRECTION('',(-1.,0.,0.));
#709 = ORIENTED_EDGE('',*,*,#710,.T.);
#710 = EDGE_CURVE('',#703,#711,#713,.T.);
#711 = VERTEX_POINT('',#712);
#712 = CARTESIAN_POINT('',(-188.,-15.55608315773,-4.288828220727));
#713 = CIRCLE('',#714,0.5);
#714 = AXIS2_PLACEMENT_3D('',#715,#716,#717);
#715 = CARTESIAN_POINT('',(-188.,-15.5,-3.791983497077));
#716 = DIRECTION('',(-1.,0.,0.));
#717 = DIRECTION('',(0.,0.,-1.));
#718 = ORIENTED_EDGE('',*,*,#719,.T.);
#719 = EDGE_CURVE('',#711,#651,#720,.T.);
#720 = LINE('',#721,#722);
#721 = CARTESIAN_POINT('',(-188.,-15.55608315773,-4.288828220727));
#722 = VECTOR('',#723,1.);
#723 = DIRECTION('',(-1.,0.,0.));
#724 = CYLINDRICAL_SURFACE('',#725,0.5);
#725 = AXIS2_PLACEMENT_3D('',#726,#727,#728);
#726 = CARTESIAN_POINT('',(-188.,-15.5,-3.791983497077));
#727 = DIRECTION('',(-1.,0.,0.));
#728 = DIRECTION('',(0.,1.,0.));
#729 = ADVANCED_FACE('',(#730),#755,.F.);
#730 = FACE_BOUND('',#731,.F.);
#731 = EDGE_LOOP('',(#732,#740,#748,#754));
#732 = ORIENTED_EDGE('',*,*,#733,.F.);
#733 = EDGE_CURVE('',#734,#703,#736,.T.);
#734 = VERTEX_POINT('',#735);
#735 = CARTESIAN_POINT('',(-188.,-15.,0.68340900203));
#736 = LINE('',#737,#738);
#737 = CARTESIAN_POINT('',(-188.,-15.,1.18340900203));
#738 = VECTOR('',#739,1.);
#739 = DIRECTION('',(0.,0.,-1.));
#740 = ORIENTED_EDGE('',*,*,#741,.T.);
#741 = EDGE_CURVE('',#734,#742,#744,.T.);
#742 = VERTEX_POINT('',#743);
#743 = CARTESIAN_POINT('',(-193.,-15.,0.68340900203));
#744 = LINE('',#745,#746);
#745 = CARTESIAN_POINT('',(-188.,-15.,0.68340900203));
#746 = VECTOR('',#747,1.);
#747 = DIRECTION('',(-1.,-0.,-0.));
#748 = ORIENTED_EDGE('',*,*,#749,.T.);
#749 = EDGE_CURVE('',#742,#694,#750,.T.);
#750 = LINE('',#751,#752);
#751 = CARTESIAN_POINT('',(-193.,-15.,9.826868565391));
#752 = VECTOR('',#753,1.);
#753 = DIRECTION('',(0.,0.,-1.));
#754 = ORIENTED_EDGE('',*,*,#702,.F.);
#755 = PLANE('',#756);
#756 = AXIS2_PLACEMENT_3D('',#757,#758,#759);
#757 = CARTESIAN_POINT('',(-190.5,-15.,-2.081426933592));
#758 = DIRECTION('',(-0.,-1.,-0.));
#759 = DIRECTION('',(0.,0.,-1.));
#760 = ADVANCED_FACE('',(#761),#788,.T.);
#761 = FACE_BOUND('',#762,.F.);
#762 = EDGE_LOOP('',(#763,#772,#780,#787));
#763 = ORIENTED_EDGE('',*,*,#764,.T.);
#764 = EDGE_CURVE('',#734,#765,#767,.T.);
#765 = VERTEX_POINT('',#766);
#766 = CARTESIAN_POINT('',(-188.,-15.5,1.18340900203));
#767 = CIRCLE('',#768,0.5);
#768 = AXIS2_PLACEMENT_3D('',#769,#770,#771);
#769 = CARTESIAN_POINT('',(-188.,-15.5,0.68340900203));
#770 = DIRECTION('',(1.,-0.,0.));
#771 = DIRECTION('',(0.,0.,-1.));
#772 = ORIENTED_EDGE('',*,*,#773,.T.);
#773 = EDGE_CURVE('',#765,#774,#776,.T.);
#774 = VERTEX_POINT('',#775);
#775 = CARTESIAN_POINT('',(-193.,-15.5,1.18340900203));
#776 = LINE('',#777,#778);
#777 = CARTESIAN_POINT('',(-188.,-15.5,1.18340900203));
#778 = VECTOR('',#779,1.);
#779 = DIRECTION('',(-1.,-0.,-0.));
#780 = ORIENTED_EDGE('',*,*,#781,.F.);
#781 = EDGE_CURVE('',#742,#774,#782,.T.);
#782 = CIRCLE('',#783,0.5);
#783 = AXIS2_PLACEMENT_3D('',#784,#785,#786);
#784 = CARTESIAN_POINT('',(-193.,-15.5,0.68340900203));
#785 = DIRECTION('',(1.,-0.,0.));
#786 = DIRECTION('',(0.,0.,-1.));
#787 = ORIENTED_EDGE('',*,*,#741,.F.);
#788 = CYLINDRICAL_SURFACE('',#789,0.5);
#789 = AXIS2_PLACEMENT_3D('',#790,#791,#792);
#790 = CARTESIAN_POINT('',(-188.,-15.5,0.68340900203));
#791 = DIRECTION('',(-1.,-0.,-0.));
#792 = DIRECTION('',(0.,1.,0.));
#793 = ADVANCED_FACE('',(#794),#819,.F.);
#794 = FACE_BOUND('',#795,.F.);
#795 = EDGE_LOOP('',(#796,#804,#812,#818));
#796 = ORIENTED_EDGE('',*,*,#797,.F.);
#797 = EDGE_CURVE('',#798,#765,#800,.T.);
#798 = VERTEX_POINT('',#799);
#799 = CARTESIAN_POINT('',(-188.,-17.24999999998,1.18340900203));
#800 = LINE('',#801,#802);
#801 = CARTESIAN_POINT('',(-188.,-17.24999999998,1.18340900203));
#802 = VECTOR('',#803,1.);
#803 = DIRECTION('',(0.,1.,0.));
#804 = ORIENTED_EDGE('',*,*,#805,.T.);
#805 = EDGE_CURVE('',#798,#806,#808,.T.);
#806 = VERTEX_POINT('',#807);
#807 = CARTESIAN_POINT('',(-193.,-17.24999999998,1.18340900203));
#808 = LINE('',#809,#810);
#809 = CARTESIAN_POINT('',(-188.,-17.24999999998,1.18340900203));
#810 = VECTOR('',#811,1.);
#811 = DIRECTION('',(-1.,-0.,-0.));
#812 = ORIENTED_EDGE('',*,*,#813,.F.);
#813 = EDGE_CURVE('',#774,#806,#814,.T.);
#814 = LINE('',#815,#816);
#815 = CARTESIAN_POINT('',(-193.,-14.74999999999,1.18340900203));
#816 = VECTOR('',#817,1.);
#817 = DIRECTION('',(0.,-1.,0.));
#818 = ORIENTED_EDGE('',*,*,#773,.F.);
#819 = PLANE('',#820);
#820 = AXIS2_PLACEMENT_3D('',#821,#822,#823);
#821 = CARTESIAN_POINT('',(-188.,-17.24999999998,1.18340900203));
#822 = DIRECTION('',(0.,0.,-1.));
#823 = DIRECTION('',(0.,1.,0.));
#824 = ADVANCED_FACE('',(#825),#850,.T.);
#825 = FACE_BOUND('',#826,.T.);
#826 = EDGE_LOOP('',(#827,#835,#836,#844));
#827 = ORIENTED_EDGE('',*,*,#828,.F.);
#828 = EDGE_CURVE('',#798,#829,#831,.T.);
#829 = VERTEX_POINT('',#830);
#830 = CARTESIAN_POINT('',(-188.,-17.24999999999,1.552345388833));
#831 = LINE('',#832,#833);
#832 = CARTESIAN_POINT('',(-188.,-17.24999999998,1.18340900203));
#833 = VECTOR('',#834,1.);
#834 = DIRECTION('',(0.,0.,1.));
#835 = ORIENTED_EDGE('',*,*,#805,.T.);
#836 = ORIENTED_EDGE('',*,*,#837,.F.);
#837 = EDGE_CURVE('',#838,#806,#840,.T.);
#838 = VERTEX_POINT('',#839);
#839 = CARTESIAN_POINT('',(-193.,-17.24999999999,1.552345388833));
#840 = LINE('',#841,#842);
#841 = CARTESIAN_POINT('',(-193.,-17.24999999998,13.091704501013));
#842 = VECTOR('',#843,1.);
#843 = DIRECTION('',(0.,0.,-1.));
#844 = ORIENTED_EDGE('',*,*,#845,.F.);
#845 = EDGE_CURVE('',#829,#838,#846,.T.);
#846 = LINE('',#847,#848);
#847 = CARTESIAN_POINT('',(-188.,-17.24999999999,1.552345388833));
#848 = VECTOR('',#849,1.);
#849 = DIRECTION('',(-1.,-0.,-0.));
#850 = PLANE('',#851);
#851 = AXIS2_PLACEMENT_3D('',#852,#853,#854);
#852 = CARTESIAN_POINT('',(-188.,-17.24999999998,1.18340900203));
#853 = DIRECTION('',(0.,1.,0.));
#854 = DIRECTION('',(0.,0.,1.));
#855 = ADVANCED_FACE('',(#856),#883,.F.);
#856 = FACE_BOUND('',#857,.F.);
#857 = EDGE_LOOP('',(#858,#859,#868,#876));
#858 = ORIENTED_EDGE('',*,*,#845,.F.);
#859 = ORIENTED_EDGE('',*,*,#860,.T.);
#860 = EDGE_CURVE('',#829,#861,#863,.T.);
#861 = VERTEX_POINT('',#862);
#862 = CARTESIAN_POINT('',(-188.,-30.05626455242,8.946045675478));
#863 = CIRCLE('',#864,23.974830693133);
#864 = AXIS2_PLACEMENT_3D('',#865,#866,#867);
#865 = CARTESIAN_POINT('',(-188.,-12.25,24.999999999996));
#866 = DIRECTION('',(-1.,0.,0.));
#867 = DIRECTION('',(0.,-1.,0.));
#868 = ORIENTED_EDGE('',*,*,#869,.T.);
#869 = EDGE_CURVE('',#861,#870,#872,.T.);
#870 = VERTEX_POINT('',#871);
#871 = CARTESIAN_POINT('',(-193.,-30.05626455242,8.946045675478));
#872 = LINE('',#873,#874);
#873 = CARTESIAN_POINT('',(-188.,-30.05626455242,8.946045675478));
#874 = VECTOR('',#875,1.);
#875 = DIRECTION('',(-1.,3.172321273534E-17,1.659685186994E-16));
#876 = ORIENTED_EDGE('',*,*,#877,.F.);
#877 = EDGE_CURVE('',#838,#870,#878,.T.);
#878 = CIRCLE('',#879,23.974830693133);
#879 = AXIS2_PLACEMENT_3D('',#880,#881,#882);
#880 = CARTESIAN_POINT('',(-193.,-12.25,24.999999999996));
#881 = DIRECTION('',(-1.,0.,0.));
#882 = DIRECTION('',(0.,-1.,0.));
#883 = CYLINDRICAL_SURFACE('',#884,23.974830693133);
#884 = AXIS2_PLACEMENT_3D('',#885,#886,#887);
#885 = CARTESIAN_POINT('',(-193.,-12.25,24.999999999996));
#886 = DIRECTION('',(-1.,0.,0.));
#887 = DIRECTION('',(0.,-1.,0.));
#888 = ADVANCED_FACE('',(#889),#932,.T.);
#889 = FACE_BOUND('',#890,.T.);
#890 = EDGE_LOOP('',(#891,#914,#923,#930,#931));
#891 = ORIENTED_EDGE('',*,*,#892,.F.);
#892 = EDGE_CURVE('',#893,#340,#895,.T.);
#893 = VERTEX_POINT('',#894);
#894 = CARTESIAN_POINT('',(-193.,14.104666436374,12.959552719136));
#895 = B_SPLINE_CURVE_WITH_KNOTS('',5,(#896,#897,#898,#899,#900,#901,
    #902,#903,#904,#905,#906,#907,#908,#909,#910,#911,#912,#913),
  .UNSPECIFIED.,.F.,.F.,(6,4,4,4,6),(0.,0.245346320313,0.490634327535,
    0.744847590948,1.),.UNSPECIFIED.);
#896 = CARTESIAN_POINT('',(-193.,14.104666436389,12.959552719169));
#897 = CARTESIAN_POINT('',(-193.,14.138144390776,12.940224213191));
#898 = CARTESIAN_POINT('',(-193.0037022698,14.171622382265,
    12.920895685793));
#899 = CARTESIAN_POINT('',(-193.0111069772,14.20468673436,12.90180597321
    ));
#900 = CARTESIAN_POINT('',(-193.0221227724,14.236926773506,
    12.883192177931));
#901 = CARTESIAN_POINT('',(-193.0510171978,14.29898288142,
    12.847364067321));
#902 = CARTESIAN_POINT('',(-193.0688945804,14.328800352168,
    12.830148942558));
#903 = CARTESIAN_POINT('',(-193.0900262507,14.357027117554,
    12.813852211964));
#904 = CARTESIAN_POINT('',(-193.1141506567,14.383311687869,
    12.798676808217));
#905 = CARTESIAN_POINT('',(-193.1686977109,14.432274492133,
    12.770408119995));
#906 = CARTESIAN_POINT('',(-193.1993184299,14.45478745468,
    12.757410255008));
#907 = CARTESIAN_POINT('',(-193.2324307226,14.474562051519,12.7459933862
    ));
#908 = CARTESIAN_POINT('',(-193.2675920712,14.49133247693,
    12.736310976574));
#909 = CARTESIAN_POINT('',(-193.3411699222,14.518551702101,
    12.720595949594));
#910 = CARTESIAN_POINT('',(-193.3795991896,14.528977370969,
    12.714576686867));
#911 = CARTESIAN_POINT('',(-193.4191063257,14.536009944138,
    12.710516428854));
#912 = CARTESIAN_POINT('',(-193.4591576455,14.539553884153,
    12.708470334133));
#913 = CARTESIAN_POINT('',(-193.4992146026,14.539608614354,
    12.708438735636));
#914 = ORIENTED_EDGE('',*,*,#915,.T.);
#915 = EDGE_CURVE('',#893,#916,#918,.T.);
#916 = VERTEX_POINT('',#917);
#917 = CARTESIAN_POINT('',(-193.,11.354666436359,8.196412998289));
#918 = CIRCLE('',#919,28.974830693133);
#919 = AXIS2_PLACEMENT_3D('',#920,#921,#922);
#920 = CARTESIAN_POINT('',(-193.,-12.25,24.999999999996));
#921 = DIRECTION('',(-1.,3.821137139092E-16,-2.572442664112E-16));
#922 = DIRECTION('',(4.545780407193E-16,0.908897812842,-0.417018903421)
  );
#923 = ORIENTED_EDGE('',*,*,#924,.T.);
#924 = EDGE_CURVE('',#916,#279,#925,.T.);
#925 = CIRCLE('',#926,28.974830693133);
#926 = AXIS2_PLACEMENT_3D('',#927,#928,#929);
#927 = CARTESIAN_POINT('',(-193.,-12.25,24.999999999996));
#928 = DIRECTION('',(-1.,3.821137139092E-16,-2.572442664112E-16));
#929 = DIRECTION('',(4.545780407193E-16,0.908897812842,-0.417018903421)
  );
#930 = ORIENTED_EDGE('',*,*,#276,.F.);
#931 = ORIENTED_EDGE('',*,*,#347,.F.);
#932 = TOROIDAL_SURFACE('',#933,28.974830693133,0.5);
#933 = AXIS2_PLACEMENT_3D('',#934,#935,#936);
#934 = CARTESIAN_POINT('',(-193.5,-12.25,24.999999999996));
#935 = DIRECTION('',(-1.,3.821137139092E-16,-2.572442664112E-16));
#936 = DIRECTION('',(4.545780407193E-16,0.908897812842,-0.417018903421)
  );
#937 = ADVANCED_FACE('',(#938),#967,.T.);
#938 = FACE_BOUND('',#939,.T.);
#939 = EDGE_LOOP('',(#940,#941,#942,#943,#952,#960));
#940 = ORIENTED_EDGE('',*,*,#524,.F.);
#941 = ORIENTED_EDGE('',*,*,#677,.T.);
#942 = ORIENTED_EDGE('',*,*,#719,.F.);
#943 = ORIENTED_EDGE('',*,*,#944,.T.);
#944 = EDGE_CURVE('',#711,#945,#947,.T.);
#945 = VERTEX_POINT('',#946);
#946 = CARTESIAN_POINT('',(-188.,-32.73390035323,3.806239816691));
#947 = CIRCLE('',#948,29.474830693133);
#948 = AXIS2_PLACEMENT_3D('',#949,#950,#951);
#949 = CARTESIAN_POINT('',(-188.,-12.25,24.999999999996));
#950 = DIRECTION('',(-1.,0.,0.));
#951 = DIRECTION('',(0.,-1.,0.));
#952 = ORIENTED_EDGE('',*,*,#953,.T.);
#953 = EDGE_CURVE('',#945,#954,#956,.T.);
#954 = VERTEX_POINT('',#955);
#955 = CARTESIAN_POINT('',(-196.,-32.73390035323,3.806239816691));
#956 = LINE('',#957,#958);
#957 = CARTESIAN_POINT('',(-188.,-32.73390035323,3.806239816691));
#958 = VECTOR('',#959,1.);
#959 = DIRECTION('',(-1.,3.172321273534E-17,1.659685186994E-16));
#960 = ORIENTED_EDGE('',*,*,#961,.F.);
#961 = EDGE_CURVE('',#525,#954,#962,.T.);
#962 = CIRCLE('',#963,29.474830693133);
#963 = AXIS2_PLACEMENT_3D('',#964,#965,#966);
#964 = CARTESIAN_POINT('',(-196.,-12.25,24.999999999996));
#965 = DIRECTION('',(-1.,0.,0.));
#966 = DIRECTION('',(0.,-1.,0.));
#967 = CYLINDRICAL_SURFACE('',#968,29.474830693133);
#968 = AXIS2_PLACEMENT_3D('',#969,#970,#971);
#969 = CARTESIAN_POINT('',(-193.,-12.25,24.999999999996));
#970 = DIRECTION('',(-1.,0.,0.));
#971 = DIRECTION('',(0.,-1.,0.));
#972 = ADVANCED_FACE('',(#973),#998,.T.);
#973 = FACE_BOUND('',#974,.T.);
#974 = EDGE_LOOP('',(#975,#983,#984,#992));
#975 = ORIENTED_EDGE('',*,*,#976,.F.);
#976 = EDGE_CURVE('',#861,#977,#979,.T.);
#977 = VERTEX_POINT('',#978);
#978 = CARTESIAN_POINT('',(-188.,-30.37577283572,8.761577482104));
#979 = LINE('',#980,#981);
#980 = CARTESIAN_POINT('',(-188.,-30.05626455242,8.946045675478));
#981 = VECTOR('',#982,1.);
#982 = DIRECTION('',(-1.104573674682E-16,-0.866025403784,-0.5));
#983 = ORIENTED_EDGE('',*,*,#869,.T.);
#984 = ORIENTED_EDGE('',*,*,#985,.F.);
#985 = EDGE_CURVE('',#986,#870,#988,.T.);
#986 = VERTEX_POINT('',#987);
#987 = CARTESIAN_POINT('',(-193.,-30.37577283572,8.761577482104));
#988 = LINE('',#989,#990);
#989 = CARTESIAN_POINT('',(-193.,-19.9031322762,14.807959328269));
#990 = VECTOR('',#991,1.);
#991 = DIRECTION('',(1.104573674682E-16,0.866025403784,0.5));
#992 = ORIENTED_EDGE('',*,*,#993,.F.);
#993 = EDGE_CURVE('',#977,#986,#994,.T.);
#994 = LINE('',#995,#996);
#995 = CARTESIAN_POINT('',(-188.,-30.37577283572,8.761577482104));
#996 = VECTOR('',#997,1.);
#997 = DIRECTION('',(-1.,3.172321273534E-17,1.659685186994E-16));
#998 = PLANE('',#999);
#999 = AXIS2_PLACEMENT_3D('',#1000,#1001,#1002);
#1000 = CARTESIAN_POINT('',(-188.,-30.05626455242,8.946045675478));
#1001 = DIRECTION('',(1.278713470545E-16,-0.5,0.866025403784));
#1002 = DIRECTION('',(-1.104573674682E-16,-0.866025403784,-0.5));
#1003 = ADVANCED_FACE('',(#1004),#1031,.F.);
#1004 = FACE_BOUND('',#1005,.F.);
#1005 = EDGE_LOOP('',(#1006,#1015,#1016,#1025));
#1006 = ORIENTED_EDGE('',*,*,#1007,.T.);
#1007 = EDGE_CURVE('',#1008,#945,#1010,.T.);
#1008 = VERTEX_POINT('',#1009);
#1009 = CARTESIAN_POINT('',(-188.,-33.33138157486,3.879729500386));
#1010 = CIRCLE('',#1011,0.5);
#1011 = AXIS2_PLACEMENT_3D('',#1012,#1013,#1014);
#1012 = CARTESIAN_POINT('',(-188.,-33.08138157486,3.446716798493));
#1013 = DIRECTION('',(-1.,3.172321273534E-17,1.659685186994E-16));
#1014 = DIRECTION('',(-1.104573674682E-16,-0.866025403784,-0.5));
#1015 = ORIENTED_EDGE('',*,*,#953,.T.);
#1016 = ORIENTED_EDGE('',*,*,#1017,.F.);
#1017 = EDGE_CURVE('',#1018,#954,#1020,.T.);
#1018 = VERTEX_POINT('',#1019);
#1019 = CARTESIAN_POINT('',(-196.,-33.33138157486,3.879729500386));
#1020 = CIRCLE('',#1021,0.5);
#1021 = AXIS2_PLACEMENT_3D('',#1022,#1023,#1024);
#1022 = CARTESIAN_POINT('',(-196.,-33.08138157486,3.446716798493));
#1023 = DIRECTION('',(-1.,3.172321273534E-17,1.659685186994E-16));
#1024 = DIRECTION('',(-1.104573674682E-16,-0.866025403784,-0.5));
#1025 = ORIENTED_EDGE('',*,*,#1026,.F.);
#1026 = EDGE_CURVE('',#1008,#1018,#1027,.T.);
#1027 = LINE('',#1028,#1029);
#1028 = CARTESIAN_POINT('',(-188.,-33.33138157486,3.879729500386));
#1029 = VECTOR('',#1030,1.);
#1030 = DIRECTION('',(-1.,3.172321273534E-17,1.659685186994E-16));
#1031 = CYLINDRICAL_SURFACE('',#1032,0.5);
#1032 = AXIS2_PLACEMENT_3D('',#1033,#1034,#1035);
#1033 = CARTESIAN_POINT('',(-188.,-33.08138157486,3.446716798493));
#1034 = DIRECTION('',(-1.,3.172321273534E-17,1.659685186994E-16));
#1035 = DIRECTION('',(1.278713470545E-16,-0.5,0.866025403784));
#1036 = ADVANCED_FACE('',(#1037),#1062,.F.);
#1037 = FACE_BOUND('',#1038,.F.);
#1038 = EDGE_LOOP('',(#1039,#1047,#1055,#1061));
#1039 = ORIENTED_EDGE('',*,*,#1040,.F.);
#1040 = EDGE_CURVE('',#1041,#977,#1043,.T.);
#1041 = VERTEX_POINT('',#1042);
#1042 = CARTESIAN_POINT('',(-188.,-31.25077283569,10.277121938662));
#1043 = LINE('',#1044,#1045);
#1044 = CARTESIAN_POINT('',(-188.,-31.50077283574,10.710134640596));
#1045 = VECTOR('',#1046,1.);
#1046 = DIRECTION('',(-1.278713470545E-16,0.5,-0.866025403784));
#1047 = ORIENTED_EDGE('',*,*,#1048,.T.);
#1048 = EDGE_CURVE('',#1041,#1049,#1051,.T.);
#1049 = VERTEX_POINT('',#1050);
#1050 = CARTESIAN_POINT('',(-193.,-31.25077283569,10.277121938662));
#1051 = LINE('',#1052,#1053);
#1052 = CARTESIAN_POINT('',(-188.,-31.25077283569,10.277121938662));
#1053 = VECTOR('',#1054,1.);
#1054 = DIRECTION('',(-1.,3.172321273534E-17,1.659685186994E-16));
#1055 = ORIENTED_EDGE('',*,*,#1056,.F.);
#1056 = EDGE_CURVE('',#986,#1049,#1057,.T.);
#1057 = LINE('',#1058,#1059);
#1058 = CARTESIAN_POINT('',(-193.,-32.1882728356,11.900919570615));
#1059 = VECTOR('',#1060,1.);
#1060 = DIRECTION('',(1.278713470545E-16,-0.5,0.866025403784));
#1061 = ORIENTED_EDGE('',*,*,#993,.F.);
#1062 = PLANE('',#1063);
#1063 = AXIS2_PLACEMENT_3D('',#1064,#1065,#1066);
#1064 = CARTESIAN_POINT('',(-188.,-31.50077283548,10.71013464019));
#1065 = DIRECTION('',(-1.104573674682E-16,-0.866025403784,-0.5));
#1066 = DIRECTION('',(-1.278713470545E-16,0.5,-0.866025403784));
#1067 = ADVANCED_FACE('',(#1068),#1093,.T.);
#1068 = FACE_BOUND('',#1069,.T.);
#1069 = EDGE_LOOP('',(#1070,#1078,#1086,#1092));
#1070 = ORIENTED_EDGE('',*,*,#1071,.F.);
#1071 = EDGE_CURVE('',#1072,#1008,#1074,.T.);
#1072 = VERTEX_POINT('',#1073);
#1073 = CARTESIAN_POINT('',(-188.,-46.34697750571,-3.63482831395));
#1074 = LINE('',#1075,#1076);
#1075 = CARTESIAN_POINT('',(-188.,-46.7799902076,-3.88482831395));
#1076 = VECTOR('',#1077,1.);
#1077 = DIRECTION('',(1.104573674682E-16,0.866025403784,0.5));
#1078 = ORIENTED_EDGE('',*,*,#1079,.T.);
#1079 = EDGE_CURVE('',#1072,#1080,#1082,.T.);
#1080 = VERTEX_POINT('',#1081);
#1081 = CARTESIAN_POINT('',(-196.,-46.34697750571,-3.63482831395));
#1082 = LINE('',#1083,#1084);
#1083 = CARTESIAN_POINT('',(-188.,-46.34697750571,-3.63482831395));
#1084 = VECTOR('',#1085,1.);
#1085 = DIRECTION('',(-1.,3.172321273534E-17,1.659685186994E-16));
#1086 = ORIENTED_EDGE('',*,*,#1087,.T.);
#1087 = EDGE_CURVE('',#1080,#1018,#1088,.T.);
#1088 = LINE('',#1089,#1090);
#1089 = CARTESIAN_POINT('',(-196.,-27.57749510379,7.201737403347));
#1090 = VECTOR('',#1091,1.);
#1091 = DIRECTION('',(1.104573674682E-16,0.866025403784,0.5));
#1092 = ORIENTED_EDGE('',*,*,#1026,.F.);
#1093 = PLANE('',#1094);
#1094 = AXIS2_PLACEMENT_3D('',#1095,#1096,#1097);
#1095 = CARTESIAN_POINT('',(-188.,-46.7799902076,-3.88482831395));
#1096 = DIRECTION('',(-1.278713470545E-16,0.5,-0.866025403784));
#1097 = DIRECTION('',(1.104573674682E-16,0.866025403784,0.5));
#1098 = ADVANCED_FACE('',(#1099),#1126,.T.);
#1099 = FACE_BOUND('',#1100,.F.);
#1100 = EDGE_LOOP('',(#1101,#1110,#1118,#1125));
#1101 = ORIENTED_EDGE('',*,*,#1102,.T.);
#1102 = EDGE_CURVE('',#1041,#1103,#1105,.T.);
#1103 = VERTEX_POINT('',#1104);
#1104 = CARTESIAN_POINT('',(-188.,-31.93378553758,10.460134640555));
#1105 = CIRCLE('',#1106,0.5);
#1106 = AXIS2_PLACEMENT_3D('',#1107,#1108,#1109);
#1107 = CARTESIAN_POINT('',(-188.,-31.68378553758,10.027121938662));
#1108 = DIRECTION('',(1.,-3.172321273534E-17,-1.659685186994E-16));
#1109 = DIRECTION('',(-1.104573674682E-16,-0.866025403784,-0.5));
#1110 = ORIENTED_EDGE('',*,*,#1111,.T.);
#1111 = EDGE_CURVE('',#1103,#1112,#1114,.T.);
#1112 = VERTEX_POINT('',#1113);
#1113 = CARTESIAN_POINT('',(-193.,-31.93378553758,10.460134640555));
#1114 = LINE('',#1115,#1116);
#1115 = CARTESIAN_POINT('',(-188.,-31.93378553758,10.460134640555));
#1116 = VECTOR('',#1117,1.);
#1117 = DIRECTION('',(-1.,3.172321273534E-17,1.659685186994E-16));
#1118 = ORIENTED_EDGE('',*,*,#1119,.F.);
#1119 = EDGE_CURVE('',#1049,#1112,#1120,.T.);
#1120 = CIRCLE('',#1121,0.5);
#1121 = AXIS2_PLACEMENT_3D('',#1122,#1123,#1124);
#1122 = CARTESIAN_POINT('',(-193.,-31.68378553758,10.027121938662));
#1123 = DIRECTION('',(1.,-3.172321273534E-17,-1.659685186994E-16));
#1124 = DIRECTION('',(-1.104573674682E-16,-0.866025403784,-0.5));
#1125 = ORIENTED_EDGE('',*,*,#1048,.F.);
#1126 = CYLINDRICAL_SURFACE('',#1127,0.5);
#1127 = AXIS2_PLACEMENT_3D('',#1128,#1129,#1130);
#1128 = CARTESIAN_POINT('',(-188.,-31.68378553758,10.027121938662));
#1129 = DIRECTION('',(-1.,3.172321273534E-17,1.659685186994E-16));
#1130 = DIRECTION('',(1.104573674682E-16,0.866025403784,0.5));
#1131 = ADVANCED_FACE('',(#1132),#1159,.T.);
#1132 = FACE_BOUND('',#1133,.T.);
#1133 = EDGE_LOOP('',(#1134,#1143,#1151,#1158));
#1134 = ORIENTED_EDGE('',*,*,#1135,.T.);
#1135 = EDGE_CURVE('',#1072,#1136,#1138,.T.);
#1136 = VERTEX_POINT('',#1137);
#1137 = CARTESIAN_POINT('',(-188.,-47.0299902076,-3.451815612057));
#1138 = CIRCLE('',#1139,0.5);
#1139 = AXIS2_PLACEMENT_3D('',#1140,#1141,#1142);
#1140 = CARTESIAN_POINT('',(-188.,-46.59697750571,-3.201815612057));
#1141 = DIRECTION('',(-1.,3.172321273534E-17,1.659685186994E-16));
#1142 = DIRECTION('',(-1.104573674682E-16,-0.866025403784,-0.5));
#1143 = ORIENTED_EDGE('',*,*,#1144,.T.);
#1144 = EDGE_CURVE('',#1136,#1145,#1147,.T.);
#1145 = VERTEX_POINT('',#1146);
#1146 = CARTESIAN_POINT('',(-196.,-47.0299902076,-3.451815612057));
#1147 = LINE('',#1148,#1149);
#1148 = CARTESIAN_POINT('',(-188.,-47.0299902076,-3.451815612057));
#1149 = VECTOR('',#1150,1.);
#1150 = DIRECTION('',(-1.,3.172321273534E-17,1.659685186994E-16));
#1151 = ORIENTED_EDGE('',*,*,#1152,.F.);
#1152 = EDGE_CURVE('',#1080,#1145,#1153,.T.);
#1153 = CIRCLE('',#1154,0.5);
#1154 = AXIS2_PLACEMENT_3D('',#1155,#1156,#1157);
#1155 = CARTESIAN_POINT('',(-196.,-46.59697750571,-3.201815612057));
#1156 = DIRECTION('',(-1.,3.172321273534E-17,1.659685186994E-16));
#1157 = DIRECTION('',(-1.104573674682E-16,-0.866025403784,-0.5));
#1158 = ORIENTED_EDGE('',*,*,#1079,.F.);
#1159 = CYLINDRICAL_SURFACE('',#1160,0.5);
#1160 = AXIS2_PLACEMENT_3D('',#1161,#1162,#1163);
#1161 = CARTESIAN_POINT('',(-188.,-46.59697750571,-3.201815612057));
#1162 = DIRECTION('',(-1.,3.172321273534E-17,1.659685186994E-16));
#1163 = DIRECTION('',(-1.278713470545E-16,0.5,-0.866025403784));
#1164 = ADVANCED_FACE('',(#1165),#1201,.T.);
#1165 = FACE_BOUND('',#1166,.T.);
#1166 = EDGE_LOOP('',(#1167,#1178,#1186,#1195));
#1167 = ORIENTED_EDGE('',*,*,#1168,.T.);
#1168 = EDGE_CURVE('',#1169,#1171,#1173,.T.);
#1169 = VERTEX_POINT('',#1170);
#1170 = CARTESIAN_POINT('',(-188.,-49.0299902076,1.228600307708E-02));
#1171 = VERTEX_POINT('',#1172);
#1172 = CARTESIAN_POINT('',(-188.,-48.8469775057,0.69529870497));
#1173 = CIRCLE('',#1174,0.5);
#1174 = AXIS2_PLACEMENT_3D('',#1175,#1176,#1177);
#1175 = CARTESIAN_POINT('',(-188.,-48.59697750571,0.262286003077));
#1176 = DIRECTION('',(-1.,3.172321273534E-17,1.659685186994E-16));
#1177 = DIRECTION('',(-1.104573674682E-16,-0.866025403784,-0.5));
#1178 = ORIENTED_EDGE('',*,*,#1179,.T.);
#1179 = EDGE_CURVE('',#1171,#1180,#1182,.T.);
#1180 = VERTEX_POINT('',#1181);
#1181 = CARTESIAN_POINT('',(-196.,-48.8469775057,0.69529870497));
#1182 = LINE('',#1183,#1184);
#1183 = CARTESIAN_POINT('',(-188.,-48.8469775057,0.69529870497));
#1184 = VECTOR('',#1185,1.);
#1185 = DIRECTION('',(-1.,3.172321273534E-17,1.659685186994E-16));
#1186 = ORIENTED_EDGE('',*,*,#1187,.F.);
#1187 = EDGE_CURVE('',#1188,#1180,#1190,.T.);
#1188 = VERTEX_POINT('',#1189);
#1189 = CARTESIAN_POINT('',(-196.,-49.0299902076,1.228600307708E-02));
#1190 = CIRCLE('',#1191,0.5);
#1191 = AXIS2_PLACEMENT_3D('',#1192,#1193,#1194);
#1192 = CARTESIAN_POINT('',(-196.,-48.59697750571,0.262286003077));
#1193 = DIRECTION('',(-1.,3.172321273534E-17,1.659685186994E-16));
#1194 = DIRECTION('',(-1.104573674682E-16,-0.866025403784,-0.5));
#1195 = ORIENTED_EDGE('',*,*,#1196,.F.);
#1196 = EDGE_CURVE('',#1169,#1188,#1197,.T.);
#1197 = LINE('',#1198,#1199);
#1198 = CARTESIAN_POINT('',(-188.,-49.0299902076,1.228600307708E-02));
#1199 = VECTOR('',#1200,1.);
#1200 = DIRECTION('',(-1.,3.172321273534E-17,1.659685186994E-16));
#1201 = CYLINDRICAL_SURFACE('',#1202,0.5);
#1202 = AXIS2_PLACEMENT_3D('',#1203,#1204,#1205);
#1203 = CARTESIAN_POINT('',(-188.,-48.59697750571,0.262286003077));
#1204 = DIRECTION('',(-1.,3.172321273534E-17,1.659685186994E-16));
#1205 = DIRECTION('',(-1.104573674682E-16,-0.866025403784,-0.5));
#1206 = ADVANCED_FACE('',(#1207),#1223,.T.);
#1207 = FACE_BOUND('',#1208,.T.);
#1208 = EDGE_LOOP('',(#1209,#1215,#1216,#1222));
#1209 = ORIENTED_EDGE('',*,*,#1210,.F.);
#1210 = EDGE_CURVE('',#1169,#1136,#1211,.T.);
#1211 = LINE('',#1212,#1213);
#1212 = CARTESIAN_POINT('',(-188.,-49.2799902076,0.445298704967));
#1213 = VECTOR('',#1214,1.);
#1214 = DIRECTION('',(-1.278713470545E-16,0.5,-0.866025403784));
#1215 = ORIENTED_EDGE('',*,*,#1196,.T.);
#1216 = ORIENTED_EDGE('',*,*,#1217,.T.);
#1217 = EDGE_CURVE('',#1188,#1145,#1218,.T.);
#1218 = LINE('',#1219,#1220);
#1219 = CARTESIAN_POINT('',(-196.,-49.9674902076,1.636083635185));
#1220 = VECTOR('',#1221,1.);
#1221 = DIRECTION('',(-1.278713470545E-16,0.5,-0.866025403784));
#1222 = ORIENTED_EDGE('',*,*,#1144,.F.);
#1223 = PLANE('',#1224);
#1224 = AXIS2_PLACEMENT_3D('',#1225,#1226,#1227);
#1225 = CARTESIAN_POINT('',(-188.,-49.2799902076,0.445298704967));
#1226 = DIRECTION('',(-1.104573674682E-16,-0.866025403784,-0.5));
#1227 = DIRECTION('',(-1.278713470545E-16,0.5,-0.866025403784));
#1228 = ADVANCED_FACE('',(#1229),#1252,.T.);
#1229 = FACE_BOUND('',#1230,.T.);
#1230 = EDGE_LOOP('',(#1231,#1232,#1233,#1234,#1235,#1236,#1237,#1238,
    #1239,#1245,#1246,#1247,#1248,#1249,#1250,#1251));
#1231 = ORIENTED_EDGE('',*,*,#733,.F.);
#1232 = ORIENTED_EDGE('',*,*,#764,.T.);
#1233 = ORIENTED_EDGE('',*,*,#797,.F.);
#1234 = ORIENTED_EDGE('',*,*,#828,.T.);
#1235 = ORIENTED_EDGE('',*,*,#860,.T.);
#1236 = ORIENTED_EDGE('',*,*,#976,.T.);
#1237 = ORIENTED_EDGE('',*,*,#1040,.F.);
#1238 = ORIENTED_EDGE('',*,*,#1102,.T.);
#1239 = ORIENTED_EDGE('',*,*,#1240,.T.);
#1240 = EDGE_CURVE('',#1103,#1171,#1241,.T.);
#1241 = LINE('',#1242,#1243);
#1242 = CARTESIAN_POINT('',(-188.,-31.50077283573,10.710134640592));
#1243 = VECTOR('',#1244,1.);
#1244 = DIRECTION('',(-1.104573674682E-16,-0.866025403784,-0.5));
#1245 = ORIENTED_EDGE('',*,*,#1168,.F.);
#1246 = ORIENTED_EDGE('',*,*,#1210,.T.);
#1247 = ORIENTED_EDGE('',*,*,#1135,.F.);
#1248 = ORIENTED_EDGE('',*,*,#1071,.T.);
#1249 = ORIENTED_EDGE('',*,*,#1007,.T.);
#1250 = ORIENTED_EDGE('',*,*,#944,.F.);
#1251 = ORIENTED_EDGE('',*,*,#710,.F.);
#1252 = PLANE('',#1253);
#1253 = AXIS2_PLACEMENT_3D('',#1254,#1255,#1256);
#1254 = CARTESIAN_POINT('',(-188.,-31.63072743686,2.017028028641));
#1255 = DIRECTION('',(1.,0.,0.));
#1256 = DIRECTION('',(0.,0.,1.));
#1257 = ADVANCED_FACE('',(#1258,#1705),#1716,.T.);
#1258 = FACE_BOUND('',#1259,.T.);
#1259 = EDGE_LOOP('',(#1260,#1261,#1262,#1263,#1264,#1265,#1266,#1267,
    #1268,#1269,#1270,#1271,#1272,#1273,#1274,#1275,#1276,#1277,#1285,
    #1294,#1302,#1310,#1319,#1327,#1335,#1344,#1352,#1361,#1370,#1379,
    #1387,#1396,#1404,#1412,#1421,#1429,#1437,#1446,#1454,#1463,#1472,
    #1481,#1489,#1498,#1506,#1514,#1523,#1531,#1539,#1548,#1556,#1565,
    #1574,#1583,#1591,#1600,#1608,#1616,#1625,#1634,#1642,#1650,#1659,
    #1667,#1676,#1685,#1694,#1700,#1701,#1702,#1703,#1704));
#1260 = ORIENTED_EDGE('',*,*,#813,.F.);
#1261 = ORIENTED_EDGE('',*,*,#781,.F.);
#1262 = ORIENTED_EDGE('',*,*,#749,.T.);
#1263 = ORIENTED_EDGE('',*,*,#693,.F.);
#1264 = ORIENTED_EDGE('',*,*,#641,.F.);
#1265 = ORIENTED_EDGE('',*,*,#493,.T.);
#1266 = ORIENTED_EDGE('',*,*,#205,.F.);
#1267 = ORIENTED_EDGE('',*,*,#39,.F.);
#1268 = ORIENTED_EDGE('',*,*,#230,.T.);
#1269 = ORIENTED_EDGE('',*,*,#559,.F.);
#1270 = ORIENTED_EDGE('',*,*,#583,.T.);
#1271 = ORIENTED_EDGE('',*,*,#600,.F.);
#1272 = ORIENTED_EDGE('',*,*,#624,.F.);
#1273 = ORIENTED_EDGE('',*,*,#254,.T.);
#1274 = ORIENTED_EDGE('',*,*,#305,.F.);
#1275 = ORIENTED_EDGE('',*,*,#924,.F.);
#1276 = ORIENTED_EDGE('',*,*,#915,.F.);
#1277 = ORIENTED_EDGE('',*,*,#1278,.T.);
#1278 = EDGE_CURVE('',#893,#1279,#1281,.T.);
#1279 = VERTEX_POINT('',#1280);
#1280 = CARTESIAN_POINT('',(-193.,10.183785537672,15.223274361527));
#1281 = LINE('',#1282,#1283);
#1282 = CARTESIAN_POINT('',(-193.,-0.562113582096,21.427422110944));
#1283 = VECTOR('',#1284,1.);
#1284 = DIRECTION('',(-1.659685186994E-16,-0.866025403784,0.5));
#1285 = ORIENTED_EDGE('',*,*,#1286,.F.);
#1286 = EDGE_CURVE('',#1287,#1279,#1289,.T.);
#1287 = VERTEX_POINT('',#1288);
#1288 = CARTESIAN_POINT('',(-193.,10.000772835781,15.906287063418));
#1289 = CIRCLE('',#1290,0.5);
#1290 = AXIS2_PLACEMENT_3D('',#1291,#1292,#1293);
#1291 = CARTESIAN_POINT('',(-193.,10.433785537674,15.656287063418));
#1292 = DIRECTION('',(1.,-1.278713470545E-16,1.104573674682E-16));
#1293 = DIRECTION('',(1.659685186994E-16,0.866025403784,-0.5));
#1294 = ORIENTED_EDGE('',*,*,#1295,.F.);
#1295 = EDGE_CURVE('',#1296,#1287,#1298,.T.);
#1296 = VERTEX_POINT('',#1297);
#1297 = CARTESIAN_POINT('',(-193.,10.875772835744,17.421831519976));
#1298 = LINE('',#1299,#1300);
#1299 = CARTESIAN_POINT('',(-193.,9.063272835864,14.282489431465));
#1300 = VECTOR('',#1301,1.);
#1301 = DIRECTION('',(3.172321273534E-17,-0.5,-0.866025403784));
#1302 = ORIENTED_EDGE('',*,*,#1303,.T.);
#1303 = EDGE_CURVE('',#1296,#1304,#1306,.T.);
#1304 = VERTEX_POINT('',#1305);
#1305 = CARTESIAN_POINT('',(-193.,10.556264552439,17.606299713351));
#1306 = LINE('',#1307,#1308);
#1307 = CARTESIAN_POINT('',(-193.,0.403132276223,23.468213366142));
#1308 = VECTOR('',#1309,1.);
#1309 = DIRECTION('',(-1.659685186994E-16,-0.866025403784,0.5));
#1310 = ORIENTED_EDGE('',*,*,#1311,.F.);
#1311 = EDGE_CURVE('',#1312,#1304,#1314,.T.);
#1312 = VERTEX_POINT('',#1313);
#1313 = CARTESIAN_POINT('',(-193.,10.556264552426,32.393700286663));
#1314 = CIRCLE('',#1315,23.974830693133);
#1315 = AXIS2_PLACEMENT_3D('',#1316,#1317,#1318);
#1316 = CARTESIAN_POINT('',(-193.,-12.25,24.999999999996));
#1317 = DIRECTION('',(-1.,0.,0.));
#1318 = DIRECTION('',(0.,-1.,0.));
#1319 = ORIENTED_EDGE('',*,*,#1320,.T.);
#1320 = EDGE_CURVE('',#1312,#1321,#1323,.T.);
#1321 = VERTEX_POINT('',#1322);
#1322 = CARTESIAN_POINT('',(-193.,10.875772835774,32.578168480071));
#1323 = LINE('',#1324,#1325);
#1324 = CARTESIAN_POINT('',(-193.,0.562886417883,26.62402073058));
#1325 = VECTOR('',#1326,1.);
#1326 = DIRECTION('',(2.214796699307E-16,0.866025403784,0.5));
#1327 = ORIENTED_EDGE('',*,*,#1328,.F.);
#1328 = EDGE_CURVE('',#1329,#1321,#1331,.T.);
#1329 = VERTEX_POINT('',#1330);
#1330 = CARTESIAN_POINT('',(-193.,10.000772835783,34.093712936679));
#1331 = LINE('',#1332,#1333);
#1332 = CARTESIAN_POINT('',(-193.,9.625772835778,34.743231989525));
#1333 = VECTOR('',#1334,1.);
#1334 = DIRECTION('',(1.913177725252E-16,0.5,-0.866025403784));
#1335 = ORIENTED_EDGE('',*,*,#1336,.F.);
#1336 = EDGE_CURVE('',#1337,#1329,#1339,.T.);
#1337 = VERTEX_POINT('',#1338);
#1338 = CARTESIAN_POINT('',(-193.,10.183785537675,34.776725638572));
#1339 = CIRCLE('',#1340,0.5);
#1340 = AXIS2_PLACEMENT_3D('',#1341,#1342,#1343);
#1341 = CARTESIAN_POINT('',(-193.,10.433785537675,34.343712936679));
#1342 = DIRECTION('',(1.,-2.874659068444E-16,5.494621623693E-17));
#1343 = DIRECTION('',(2.214796699307E-16,0.866025403784,0.5));
#1344 = ORIENTED_EDGE('',*,*,#1345,.T.);
#1345 = EDGE_CURVE('',#1337,#1346,#1348,.T.);
#1346 = VERTEX_POINT('',#1347);
#1347 = CARTESIAN_POINT('',(-193.,14.059589133808,37.014421888125));
#1348 = LINE('',#1349,#1350);
#1349 = CARTESIAN_POINT('',(-193.,2.265317277329,30.204995856891));
#1350 = VECTOR('',#1351,1.);
#1351 = DIRECTION('',(2.214796699307E-16,0.866025403784,0.5));
#1352 = ORIENTED_EDGE('',*,*,#1353,.F.);
#1353 = EDGE_CURVE('',#1354,#1346,#1356,.T.);
#1354 = VERTEX_POINT('',#1355);
#1355 = CARTESIAN_POINT('',(-193.,14.105789168982,37.037989490601));
#1356 = CIRCLE('',#1357,0.5);
#1357 = AXIS2_PLACEMENT_3D('',#1358,#1359,#1360);
#1358 = CARTESIAN_POINT('',(-193.,14.309589133808,36.581409186233));
#1359 = DIRECTION('',(1.,-2.874659068444E-16,5.494621623693E-17));
#1360 = DIRECTION('',(2.214796699307E-16,0.866025403784,0.5));
#1361 = ORIENTED_EDGE('',*,*,#1362,.F.);
#1362 = EDGE_CURVE('',#1363,#1354,#1365,.T.);
#1363 = VERTEX_POINT('',#1364);
#1364 = CARTESIAN_POINT('',(-193.,14.10466643636,37.040447280888));
#1365 = CIRCLE('',#1366,28.974830693133);
#1366 = AXIS2_PLACEMENT_3D('',#1367,#1368,#1369);
#1367 = CARTESIAN_POINT('',(-193.,-12.25,24.999999999996));
#1368 = DIRECTION('',(-1.,5.417082736991E-16,9.184068270604E-17));
#1369 = DIRECTION('',(4.949568917182E-16,0.815597870642,0.578619143655)
  );
#1370 = ORIENTED_EDGE('',*,*,#1371,.F.);
#1371 = EDGE_CURVE('',#1372,#1363,#1374,.T.);
#1372 = VERTEX_POINT('',#1373);
#1373 = CARTESIAN_POINT('',(-193.,11.35466643634,41.803587001731));
#1374 = CIRCLE('',#1375,28.974830693133);
#1375 = AXIS2_PLACEMENT_3D('',#1376,#1377,#1378);
#1376 = CARTESIAN_POINT('',(-193.,-12.25,24.999999999996));
#1377 = DIRECTION('',(-1.,5.417082736991E-16,9.184068270604E-17));
#1378 = DIRECTION('',(4.949568917182E-16,0.815597870642,0.578619143655)
  );
#1379 = ORIENTED_EDGE('',*,*,#1380,.T.);
#1380 = EDGE_CURVE('',#1372,#1381,#1383,.T.);
#1381 = VERTEX_POINT('',#1382);
#1382 = CARTESIAN_POINT('',(-193.,7.433785537581,39.539865359438));
#1383 = LINE('',#1384,#1385);
#1384 = CARTESIAN_POINT('',(-193.,-3.31211358213,33.335717609923));
#1385 = VECTOR('',#1386,1.);
#1386 = DIRECTION('',(-2.214796699307E-16,-0.866025403784,-0.5));
#1387 = ORIENTED_EDGE('',*,*,#1388,.F.);
#1388 = EDGE_CURVE('',#1389,#1381,#1391,.T.);
#1389 = VERTEX_POINT('',#1390);
#1390 = CARTESIAN_POINT('',(-193.,6.750772835691,39.722878061331));
#1391 = CIRCLE('',#1392,0.5);
#1392 = AXIS2_PLACEMENT_3D('',#1393,#1394,#1395);
#1393 = CARTESIAN_POINT('',(-193.,7.183785537583,39.972878061331));
#1394 = DIRECTION('',(1.,-2.874659068444E-16,5.494621623693E-17));
#1395 = DIRECTION('',(2.214796699307E-16,0.866025403784,0.5));
#1396 = ORIENTED_EDGE('',*,*,#1397,.F.);
#1397 = EDGE_CURVE('',#1398,#1389,#1400,.T.);
#1398 = VERTEX_POINT('',#1399);
#1399 = CARTESIAN_POINT('',(-193.,5.875772835728,41.238422517889));
#1400 = LINE('',#1401,#1402);
#1401 = CARTESIAN_POINT('',(-193.,7.688272835608,38.099080429378));
#1402 = VECTOR('',#1403,1.);
#1403 = DIRECTION('',(1.913177725252E-16,0.5,-0.866025403784));
#1404 = ORIENTED_EDGE('',*,*,#1405,.T.);
#1405 = EDGE_CURVE('',#1398,#1406,#1408,.T.);
#1406 = VERTEX_POINT('',#1407);
#1407 = CARTESIAN_POINT('',(-193.,5.556264552422,41.053954324514));
#1408 = LINE('',#1409,#1410);
#1409 = CARTESIAN_POINT('',(-193.,-4.596867723793,35.192040671723));
#1410 = VECTOR('',#1411,1.);
#1411 = DIRECTION('',(-2.214796699307E-16,-0.866025403784,-0.5));
#1412 = ORIENTED_EDGE('',*,*,#1413,.F.);
#1413 = EDGE_CURVE('',#1414,#1406,#1416,.T.);
#1414 = VERTEX_POINT('',#1415);
#1415 = CARTESIAN_POINT('',(-193.,-7.250000000008,48.447654611159));
#1416 = CIRCLE('',#1417,23.974830693133);
#1417 = AXIS2_PLACEMENT_3D('',#1418,#1419,#1420);
#1418 = CARTESIAN_POINT('',(-193.,-12.25,24.999999999996));
#1419 = DIRECTION('',(-1.,0.,0.));
#1420 = DIRECTION('',(0.,-1.,0.));
#1421 = ORIENTED_EDGE('',*,*,#1422,.T.);
#1422 = EDGE_CURVE('',#1414,#1423,#1425,.T.);
#1423 = VERTEX_POINT('',#1424);
#1424 = CARTESIAN_POINT('',(-193.,-7.250000000016,48.816590997962));
#1425 = LINE('',#1426,#1427);
#1426 = CARTESIAN_POINT('',(-193.,-7.250000000016,36.908295498979));
#1427 = VECTOR('',#1428,1.);
#1428 = DIRECTION('',(1.110223024625E-16,-1.224646799147E-16,1.));
#1429 = ORIENTED_EDGE('',*,*,#1430,.F.);
#1430 = EDGE_CURVE('',#1431,#1423,#1433,.T.);
#1431 = VERTEX_POINT('',#1432);
#1432 = CARTESIAN_POINT('',(-193.,-8.999999999999,48.816590997962));
#1433 = LINE('',#1434,#1435);
#1434 = CARTESIAN_POINT('',(-193.,-9.750000000008,48.816590997962));
#1435 = VECTOR('',#1436,1.);
#1436 = DIRECTION('',(3.191891195797E-16,1.,1.224646799147E-16));
#1437 = ORIENTED_EDGE('',*,*,#1438,.F.);
#1438 = EDGE_CURVE('',#1439,#1431,#1441,.T.);
#1439 = VERTEX_POINT('',#1440);
#1440 = CARTESIAN_POINT('',(-193.,-9.499999999999,49.316590997962));
#1441 = CIRCLE('',#1442,0.5);
#1442 = AXIS2_PLACEMENT_3D('',#1443,#1444,#1445);
#1443 = CARTESIAN_POINT('',(-193.,-8.999999999999,49.316590997962));
#1444 = DIRECTION('',(1.,-3.191891195797E-16,-1.110223024625E-16));
#1445 = DIRECTION('',(1.110223024625E-16,-1.224646799147E-16,1.));
#1446 = ORIENTED_EDGE('',*,*,#1447,.T.);
#1447 = EDGE_CURVE('',#1439,#1448,#1450,.T.);
#1448 = VERTEX_POINT('',#1449);
#1449 = CARTESIAN_POINT('',(-193.,-9.499999999999,53.791983497069));
#1450 = LINE('',#1451,#1452);
#1451 = CARTESIAN_POINT('',(-193.,-9.499999999999,40.173131434602));
#1452 = VECTOR('',#1453,1.);
#1453 = DIRECTION('',(1.110223024625E-16,-1.224646799147E-16,1.));
#1454 = ORIENTED_EDGE('',*,*,#1455,.F.);
#1455 = EDGE_CURVE('',#1456,#1448,#1458,.T.);
#1456 = VERTEX_POINT('',#1457);
#1457 = CARTESIAN_POINT('',(-193.,-9.497310124863,53.843777702424));
#1458 = CIRCLE('',#1459,0.5);
#1459 = AXIS2_PLACEMENT_3D('',#1460,#1461,#1462);
#1460 = CARTESIAN_POINT('',(-193.,-8.999999999999,53.791983497069));
#1461 = DIRECTION('',(1.,-3.191891195797E-16,-1.110223024625E-16));
#1462 = DIRECTION('',(1.110223024625E-16,-1.224646799147E-16,1.));
#1463 = ORIENTED_EDGE('',*,*,#1464,.F.);
#1464 = EDGE_CURVE('',#1465,#1456,#1467,.T.);
#1465 = VERTEX_POINT('',#1466);
#1466 = CARTESIAN_POINT('',(-193.,-9.499999999999,53.844034282595));
#1467 = CIRCLE('',#1468,28.974830693133);
#1468 = AXIS2_PLACEMENT_3D('',#1469,#1470,#1471);
#1469 = CARTESIAN_POINT('',(-193.,-12.25,24.999999999996));
#1470 = DIRECTION('',(-1.,3.191891195797E-16,4.045961003485E-16));
#1471 = DIRECTION('',(3.730509447978E-16,-9.329994220036E-02,
    0.995638047076));
#1472 = ORIENTED_EDGE('',*,*,#1473,.F.);
#1473 = EDGE_CURVE('',#1474,#1465,#1476,.T.);
#1474 = VERTEX_POINT('',#1475);
#1475 = CARTESIAN_POINT('',(-193.,-15.00000000003,53.844034282592));
#1476 = CIRCLE('',#1477,28.974830693133);
#1477 = AXIS2_PLACEMENT_3D('',#1478,#1479,#1480);
#1478 = CARTESIAN_POINT('',(-193.,-12.25,24.999999999996));
#1479 = DIRECTION('',(-1.,3.191891195797E-16,4.045961003485E-16));
#1480 = DIRECTION('',(3.730509447978E-16,-9.329994220036E-02,
    0.995638047076));
#1481 = ORIENTED_EDGE('',*,*,#1482,.T.);
#1482 = EDGE_CURVE('',#1474,#1483,#1485,.T.);
#1483 = VERTEX_POINT('',#1484);
#1484 = CARTESIAN_POINT('',(-193.,-15.00000000009,49.316590997907));
#1485 = LINE('',#1486,#1487);
#1486 = CARTESIAN_POINT('',(-193.,-15.00000000003,36.908295498975));
#1487 = VECTOR('',#1488,1.);
#1488 = DIRECTION('',(-1.110223024625E-16,1.224646799147E-16,-1.));
#1489 = ORIENTED_EDGE('',*,*,#1490,.F.);
#1490 = EDGE_CURVE('',#1491,#1483,#1493,.T.);
#1491 = VERTEX_POINT('',#1492);
#1492 = CARTESIAN_POINT('',(-193.,-15.50000000009,48.816590997909));
#1493 = CIRCLE('',#1494,0.5);
#1494 = AXIS2_PLACEMENT_3D('',#1495,#1496,#1497);
#1495 = CARTESIAN_POINT('',(-193.,-15.50000000009,49.316590997909));
#1496 = DIRECTION('',(1.,-3.191891195797E-16,-1.110223024625E-16));
#1497 = DIRECTION('',(1.110223024625E-16,-1.224646799147E-16,1.));
#1498 = ORIENTED_EDGE('',*,*,#1499,.F.);
#1499 = EDGE_CURVE('',#1500,#1491,#1502,.T.);
#1500 = VERTEX_POINT('',#1501);
#1501 = CARTESIAN_POINT('',(-193.,-17.25000000001,48.816590997909));
#1502 = LINE('',#1503,#1504);
#1503 = CARTESIAN_POINT('',(-193.,-13.62500000025,48.816590997909));
#1504 = VECTOR('',#1505,1.);
#1505 = DIRECTION('',(3.191891195797E-16,1.,1.224646799147E-16));
#1506 = ORIENTED_EDGE('',*,*,#1507,.T.);
#1507 = EDGE_CURVE('',#1500,#1508,#1510,.T.);
#1508 = VERTEX_POINT('',#1509);
#1509 = CARTESIAN_POINT('',(-193.,-17.25000000001,48.447654611159));
#1510 = LINE('',#1511,#1512);
#1511 = CARTESIAN_POINT('',(-193.,-17.25000000001,36.723827305578));
#1512 = VECTOR('',#1513,1.);
#1513 = DIRECTION('',(-1.110223024625E-16,1.224646799147E-16,-1.));
#1514 = ORIENTED_EDGE('',*,*,#1515,.F.);
#1515 = EDGE_CURVE('',#1516,#1508,#1518,.T.);
#1516 = VERTEX_POINT('',#1517);
#1517 = CARTESIAN_POINT('',(-193.,-30.05626455243,41.053954324493));
#1518 = CIRCLE('',#1519,23.974830693133);
#1519 = AXIS2_PLACEMENT_3D('',#1520,#1521,#1522);
#1520 = CARTESIAN_POINT('',(-193.,-12.25,24.999999999996));
#1521 = DIRECTION('',(-1.,0.,0.));
#1522 = DIRECTION('',(0.,-1.,0.));
#1523 = ORIENTED_EDGE('',*,*,#1524,.T.);
#1524 = EDGE_CURVE('',#1516,#1525,#1527,.T.);
#1525 = VERTEX_POINT('',#1526);
#1526 = CARTESIAN_POINT('',(-193.,-30.37577283579,41.238422517887));
#1527 = LINE('',#1528,#1529);
#1528 = CARTESIAN_POINT('',(-193.,-20.06288641789,35.284274768396));
#1529 = VECTOR('',#1530,1.);
#1530 = DIRECTION('',(-5.494621623693E-17,-0.866025403784,0.5));
#1531 = ORIENTED_EDGE('',*,*,#1532,.F.);
#1532 = EDGE_CURVE('',#1533,#1525,#1535,.T.);
#1533 = VERTEX_POINT('',#1534);
#1534 = CARTESIAN_POINT('',(-193.,-31.25077283578,39.722878061279));
#1535 = LINE('',#1536,#1537);
#1536 = CARTESIAN_POINT('',(-193.,-31.62577283578,39.073359008433));
#1537 = VECTOR('',#1538,1.);
#1538 = DIRECTION('',(2.874659068444E-16,0.5,0.866025403784));
#1539 = ORIENTED_EDGE('',*,*,#1540,.F.);
#1540 = EDGE_CURVE('',#1541,#1533,#1543,.T.);
#1541 = VERTEX_POINT('',#1542);
#1542 = CARTESIAN_POINT('',(-193.,-31.93378553767,39.539865359387));
#1543 = CIRCLE('',#1544,0.5);
#1544 = AXIS2_PLACEMENT_3D('',#1545,#1546,#1547);
#1545 = CARTESIAN_POINT('',(-193.,-31.68378553767,39.972878061279));
#1546 = DIRECTION('',(1.,-1.913177725252E-16,-2.214796699307E-16));
#1547 = DIRECTION('',(-5.494621623693E-17,-0.866025403784,0.5));
#1548 = ORIENTED_EDGE('',*,*,#1549,.T.);
#1549 = EDGE_CURVE('',#1541,#1550,#1552,.T.);
#1550 = VERTEX_POINT('',#1551);
#1551 = CARTESIAN_POINT('',(-193.,-35.8095891338,41.777561608941));
#1552 = LINE('',#1553,#1554);
#1553 = CARTESIAN_POINT('',(-193.,-24.01531727732,34.968135577707));
#1554 = VECTOR('',#1555,1.);
#1555 = DIRECTION('',(-5.494621623693E-17,-0.866025403784,0.5));
#1556 = ORIENTED_EDGE('',*,*,#1557,.F.);
#1557 = EDGE_CURVE('',#1558,#1550,#1560,.T.);
#1558 = VERTEX_POINT('',#1559);
#1559 = CARTESIAN_POINT('',(-193.,-35.85309929384,41.805788211819));
#1560 = CIRCLE('',#1561,0.5);
#1561 = AXIS2_PLACEMENT_3D('',#1562,#1563,#1564);
#1562 = CARTESIAN_POINT('',(-193.,-35.5595891338,42.210574310833));
#1563 = DIRECTION('',(1.,-1.913177725252E-16,-2.214796699307E-16));
#1564 = DIRECTION('',(-5.494621623693E-17,-0.866025403784,0.5));
#1565 = ORIENTED_EDGE('',*,*,#1566,.F.);
#1566 = EDGE_CURVE('',#1567,#1558,#1569,.T.);
#1567 = VERTEX_POINT('',#1568);
#1568 = CARTESIAN_POINT('',(-193.,-35.85466643635,41.803587001703));
#1569 = CIRCLE('',#1570,28.974830693133);
#1570 = AXIS2_PLACEMENT_3D('',#1571,#1572,#1573);
#1571 = CARTESIAN_POINT('',(-193.,-12.25,24.999999999996));
#1572 = DIRECTION('',(-1.,-6.29245943295E-17,3.682665688737E-16));
#1573 = DIRECTION('',(2.107661468783E-16,-0.908897812842,0.417018903421)
  );
#1574 = ORIENTED_EDGE('',*,*,#1575,.F.);
#1575 = EDGE_CURVE('',#1576,#1567,#1578,.T.);
#1576 = VERTEX_POINT('',#1577);
#1577 = CARTESIAN_POINT('',(-193.,-38.60466643637,37.040447280857));
#1578 = CIRCLE('',#1579,28.974830693133);
#1579 = AXIS2_PLACEMENT_3D('',#1580,#1581,#1582);
#1580 = CARTESIAN_POINT('',(-193.,-12.25,24.999999999996));
#1581 = DIRECTION('',(-1.,-6.29245943295E-17,3.682665688737E-16));
#1582 = DIRECTION('',(2.107661468783E-16,-0.908897812842,0.417018903421)
  );
#1583 = ORIENTED_EDGE('',*,*,#1584,.T.);
#1584 = EDGE_CURVE('',#1576,#1585,#1587,.T.);
#1585 = VERTEX_POINT('',#1586);
#1586 = CARTESIAN_POINT('',(-193.,-34.68378553767,34.776725638466));
#1587 = LINE('',#1588,#1589);
#1588 = CARTESIAN_POINT('',(-193.,-23.9378864179,28.572577889048));
#1589 = VECTOR('',#1590,1.);
#1590 = DIRECTION('',(5.494621623693E-17,0.866025403784,-0.5));
#1591 = ORIENTED_EDGE('',*,*,#1592,.F.);
#1592 = EDGE_CURVE('',#1593,#1585,#1595,.T.);
#1593 = VERTEX_POINT('',#1594);
#1594 = CARTESIAN_POINT('',(-193.,-34.50077283578,34.093712936575));
#1595 = CIRCLE('',#1596,0.5);
#1596 = AXIS2_PLACEMENT_3D('',#1597,#1598,#1599);
#1597 = CARTESIAN_POINT('',(-193.,-34.93378553767,34.343712936575));
#1598 = DIRECTION('',(1.,-1.913177725252E-16,-2.214796699307E-16));
#1599 = DIRECTION('',(-5.494621623693E-17,-0.866025403784,0.5));
#1600 = ORIENTED_EDGE('',*,*,#1601,.F.);
#1601 = EDGE_CURVE('',#1602,#1593,#1604,.T.);
#1602 = VERTEX_POINT('',#1603);
#1603 = CARTESIAN_POINT('',(-193.,-35.37577283574,32.578168480016));
#1604 = LINE('',#1605,#1606);
#1605 = CARTESIAN_POINT('',(-193.,-33.56327283586,35.717510568527));
#1606 = VECTOR('',#1607,1.);
#1607 = DIRECTION('',(2.874659068444E-16,0.5,0.866025403784));
#1608 = ORIENTED_EDGE('',*,*,#1609,.T.);
#1609 = EDGE_CURVE('',#1602,#1610,#1612,.T.);
#1610 = VERTEX_POINT('',#1611);
#1611 = CARTESIAN_POINT('',(-193.,-35.05626455243,32.393700286642));
#1612 = LINE('',#1613,#1614);
#1613 = CARTESIAN_POINT('',(-193.,-24.90313227622,26.531786633851));
#1614 = VECTOR('',#1615,1.);
#1615 = DIRECTION('',(5.494621623693E-17,0.866025403784,-0.5));
#1616 = ORIENTED_EDGE('',*,*,#1617,.F.);
#1617 = EDGE_CURVE('',#1618,#1610,#1620,.T.);
#1618 = VERTEX_POINT('',#1619);
#1619 = CARTESIAN_POINT('',(-193.,-36.22483069313,24.999999999996));
#1620 = CIRCLE('',#1621,23.974830693133);
#1621 = AXIS2_PLACEMENT_3D('',#1622,#1623,#1624);
#1622 = CARTESIAN_POINT('',(-193.,-12.25,24.999999999996));
#1623 = DIRECTION('',(-1.,0.,0.));
#1624 = DIRECTION('',(0.,-1.,0.));
#1625 = ORIENTED_EDGE('',*,*,#1626,.F.);
#1626 = EDGE_CURVE('',#1627,#1618,#1629,.T.);
#1627 = VERTEX_POINT('',#1628);
#1628 = CARTESIAN_POINT('',(-193.,-35.05626455242,17.60629971333));
#1629 = CIRCLE('',#1630,23.974830693133);
#1630 = AXIS2_PLACEMENT_3D('',#1631,#1632,#1633);
#1631 = CARTESIAN_POINT('',(-193.,-12.25,24.999999999996));
#1632 = DIRECTION('',(-1.,0.,0.));
#1633 = DIRECTION('',(0.,-1.,0.));
#1634 = ORIENTED_EDGE('',*,*,#1635,.T.);
#1635 = EDGE_CURVE('',#1627,#1636,#1638,.T.);
#1636 = VERTEX_POINT('',#1637);
#1637 = CARTESIAN_POINT('',(-193.,-35.37577283577,17.421831519921));
#1638 = LINE('',#1639,#1640);
#1639 = CARTESIAN_POINT('',(-193.,-25.06288641788,23.375979269413));
#1640 = VECTOR('',#1641,1.);
#1641 = DIRECTION('',(-1.104573674682E-16,-0.866025403784,-0.5));
#1642 = ORIENTED_EDGE('',*,*,#1643,.F.);
#1643 = EDGE_CURVE('',#1644,#1636,#1646,.T.);
#1644 = VERTEX_POINT('',#1645);
#1645 = CARTESIAN_POINT('',(-193.,-34.50077283578,15.906287063313));
#1646 = LINE('',#1647,#1648);
#1647 = CARTESIAN_POINT('',(-193.,-34.12577283577,15.256768010467));
#1648 = VECTOR('',#1649,1.);
#1649 = DIRECTION('',(1.278713470545E-16,-0.5,0.866025403784));
#1650 = ORIENTED_EDGE('',*,*,#1651,.F.);
#1651 = EDGE_CURVE('',#1652,#1644,#1654,.T.);
#1652 = VERTEX_POINT('',#1653);
#1653 = CARTESIAN_POINT('',(-193.,-34.68378553767,15.223274361421));
#1654 = CIRCLE('',#1655,0.5);
#1655 = AXIS2_PLACEMENT_3D('',#1656,#1657,#1658);
#1656 = CARTESIAN_POINT('',(-193.,-34.93378553767,15.656287063313));
#1657 = DIRECTION('',(1.,-3.172321273534E-17,-1.659685186994E-16));
#1658 = DIRECTION('',(-1.104573674682E-16,-0.866025403784,-0.5));
#1659 = ORIENTED_EDGE('',*,*,#1660,.T.);
#1660 = EDGE_CURVE('',#1652,#1661,#1663,.T.);
#1661 = VERTEX_POINT('',#1662);
#1662 = CARTESIAN_POINT('',(-193.,-38.5595891338,12.985578111868));
#1663 = LINE('',#1664,#1665);
#1664 = CARTESIAN_POINT('',(-193.,-26.76531727732,19.795004143101));
#1665 = VECTOR('',#1666,1.);
#1666 = DIRECTION('',(-1.104573674682E-16,-0.866025403784,-0.5));
#1667 = ORIENTED_EDGE('',*,*,#1668,.F.);
#1668 = EDGE_CURVE('',#1669,#1661,#1671,.T.);
#1669 = VERTEX_POINT('',#1670);
#1670 = CARTESIAN_POINT('',(-193.,-38.60578916898,12.962010509392));
#1671 = CIRCLE('',#1672,0.5);
#1672 = AXIS2_PLACEMENT_3D('',#1673,#1674,#1675);
#1673 = CARTESIAN_POINT('',(-193.,-38.8095891338,13.41859081376));
#1674 = DIRECTION('',(1.,-3.172321273534E-17,-1.659685186994E-16));
#1675 = DIRECTION('',(-1.104573674682E-16,-0.866025403784,-0.5));
#1676 = ORIENTED_EDGE('',*,*,#1677,.F.);
#1677 = EDGE_CURVE('',#1678,#1669,#1680,.T.);
#1678 = VERTEX_POINT('',#1679);
#1679 = CARTESIAN_POINT('',(-193.,-38.60466643636,12.959552719105));
#1680 = CIRCLE('',#1681,28.974830693133);
#1681 = AXIS2_PLACEMENT_3D('',#1682,#1683,#1684);
#1682 = CARTESIAN_POINT('',(-193.,-12.25,24.999999999996));
#1683 = DIRECTION('',(-1.,-2.225191541194E-16,1.918161975648E-17));
#1684 = DIRECTION('',(1.703872958794E-16,-0.815597870642,-0.578619143655
    ));
#1685 = ORIENTED_EDGE('',*,*,#1686,.F.);
#1686 = EDGE_CURVE('',#1687,#1678,#1689,.T.);
#1687 = VERTEX_POINT('',#1688);
#1688 = CARTESIAN_POINT('',(-193.,-35.85466643634,8.196412998261));
#1689 = CIRCLE('',#1690,28.974830693133);
#1690 = AXIS2_PLACEMENT_3D('',#1691,#1692,#1693);
#1691 = CARTESIAN_POINT('',(-193.,-12.25,24.999999999996));
#1692 = DIRECTION('',(-1.,-2.225191541194E-16,1.918161975648E-17));
#1693 = DIRECTION('',(1.703872958794E-16,-0.815597870642,-0.578619143655
    ));
#1694 = ORIENTED_EDGE('',*,*,#1695,.T.);
#1695 = EDGE_CURVE('',#1687,#1112,#1696,.T.);
#1696 = LINE('',#1697,#1698);
#1697 = CARTESIAN_POINT('',(-193.,-21.18788641787,16.66428239007));
#1698 = VECTOR('',#1699,1.);
#1699 = DIRECTION('',(1.104573674682E-16,0.866025403784,0.5));
#1700 = ORIENTED_EDGE('',*,*,#1119,.F.);
#1701 = ORIENTED_EDGE('',*,*,#1056,.F.);
#1702 = ORIENTED_EDGE('',*,*,#985,.T.);
#1703 = ORIENTED_EDGE('',*,*,#877,.F.);
#1704 = ORIENTED_EDGE('',*,*,#837,.T.);
#1705 = FACE_BOUND('',#1706,.T.);
#1706 = EDGE_LOOP('',(#1707));
#1707 = ORIENTED_EDGE('',*,*,#1708,.T.);
#1708 = EDGE_CURVE('',#1709,#1709,#1711,.T.);
#1709 = VERTEX_POINT('',#1710);
#1710 = CARTESIAN_POINT('',(-193.,-19.74999999998,24.999999999996));
#1711 = CIRCLE('',#1712,7.499999999982);
#1712 = AXIS2_PLACEMENT_3D('',#1713,#1714,#1715);
#1713 = CARTESIAN_POINT('',(-193.,-12.25,24.999999999996));
#1714 = DIRECTION('',(-1.,0.,0.));
#1715 = DIRECTION('',(0.,-1.,0.));
#1716 = PLANE('',#1717);
#1717 = AXIS2_PLACEMENT_3D('',#1718,#1719,#1720);
#1718 = CARTESIAN_POINT('',(-193.,-12.25683462831,25.000000554428));
#1719 = DIRECTION('',(1.,0.,0.));
#1720 = DIRECTION('',(0.,0.,1.));
#1721 = ADVANCED_FACE('',(#1722),#1775,.T.);
#1722 = FACE_BOUND('',#1723,.T.);
#1723 = EDGE_LOOP('',(#1724,#1735,#1743,#1752,#1760,#1769));
#1724 = ORIENTED_EDGE('',*,*,#1725,.F.);
#1725 = EDGE_CURVE('',#1726,#1728,#1730,.T.);
#1726 = VERTEX_POINT('',#1727);
#1727 = CARTESIAN_POINT('',(-196.,11.789609150854,42.054701295037));
#1728 = VERTEX_POINT('',#1729);
#1729 = CARTESIAN_POINT('',(-196.,16.346284897077,17.857302017156));
#1730 = CIRCLE('',#1731,29.474830693133);
#1731 = AXIS2_PLACEMENT_3D('',#1732,#1733,#1734);
#1732 = CARTESIAN_POINT('',(-196.,-12.25,24.999999999996));
#1733 = DIRECTION('',(-1.,0.,0.));
#1734 = DIRECTION('',(0.,-1.,0.));
#1735 = ORIENTED_EDGE('',*,*,#1736,.F.);
#1736 = EDGE_CURVE('',#1737,#1726,#1739,.T.);
#1737 = VERTEX_POINT('',#1738);
#1738 = CARTESIAN_POINT('',(-193.5,11.789609150853,42.054701295037));
#1739 = LINE('',#1740,#1741);
#1740 = CARTESIAN_POINT('',(-193.,11.789609150853,42.054701295037));
#1741 = VECTOR('',#1742,1.);
#1742 = DIRECTION('',(-1.,0.,0.));
#1743 = ORIENTED_EDGE('',*,*,#1744,.T.);
#1744 = EDGE_CURVE('',#1737,#1745,#1747,.T.);
#1745 = VERTEX_POINT('',#1746);
#1746 = CARTESIAN_POINT('',(-193.5,14.767910865091,36.781262108738));
#1747 = CIRCLE('',#1748,29.474830693133);
#1748 = AXIS2_PLACEMENT_3D('',#1749,#1750,#1751);
#1749 = CARTESIAN_POINT('',(-193.5,-12.25,24.999999999996));
#1750 = DIRECTION('',(-1.,5.417082736991E-16,9.184068270604E-17));
#1751 = DIRECTION('',(4.949568917182E-16,0.815597870642,0.578619143655)
  );
#1752 = ORIENTED_EDGE('',*,*,#1753,.F.);
#1753 = EDGE_CURVE('',#1754,#1745,#1756,.T.);
#1754 = VERTEX_POINT('',#1755);
#1755 = CARTESIAN_POINT('',(-188.,14.767910865091,36.781262108738));
#1756 = LINE('',#1757,#1758);
#1757 = CARTESIAN_POINT('',(-188.,14.767910865091,36.781262108738));
#1758 = VECTOR('',#1759,1.);
#1759 = DIRECTION('',(-1.,2.874659068444E-16,-5.494621623693E-17));
#1760 = ORIENTED_EDGE('',*,*,#1761,.T.);
#1761 = EDGE_CURVE('',#1754,#1762,#1764,.T.);
#1762 = VERTEX_POINT('',#1763);
#1763 = CARTESIAN_POINT('',(-188.,16.346284897077,17.857302017156));
#1764 = CIRCLE('',#1765,29.474830693133);
#1765 = AXIS2_PLACEMENT_3D('',#1766,#1767,#1768);
#1766 = CARTESIAN_POINT('',(-188.,-12.25,24.999999999996));
#1767 = DIRECTION('',(-1.,0.,0.));
#1768 = DIRECTION('',(0.,-1.,0.));
#1769 = ORIENTED_EDGE('',*,*,#1770,.T.);
#1770 = EDGE_CURVE('',#1762,#1728,#1771,.T.);
#1771 = LINE('',#1772,#1773);
#1772 = CARTESIAN_POINT('',(-188.,16.346284897077,17.857302017156));
#1773 = VECTOR('',#1774,1.);
#1774 = DIRECTION('',(-1.,1.278713470545E-16,-1.104573674682E-16));
#1775 = CYLINDRICAL_SURFACE('',#1776,29.474830693133);
#1776 = AXIS2_PLACEMENT_3D('',#1777,#1778,#1779);
#1777 = CARTESIAN_POINT('',(-193.,-12.25,24.999999999996));
#1778 = DIRECTION('',(-1.,0.,0.));
#1779 = DIRECTION('',(0.,-1.,0.));
#1780 = ADVANCED_FACE('',(#1781),#1832,.T.);
#1781 = FACE_BOUND('',#1782,.T.);
#1782 = EDGE_LOOP('',(#1783,#1804,#1805,#1806,#1831));
#1783 = ORIENTED_EDGE('',*,*,#1784,.F.);
#1784 = EDGE_CURVE('',#1372,#1737,#1785,.T.);
#1785 = B_SPLINE_CURVE_WITH_KNOTS('',5,(#1786,#1787,#1788,#1789,#1790,
    #1791,#1792,#1793,#1794,#1795,#1796,#1797,#1798,#1799,#1800,#1801,
    #1802,#1803),.UNSPECIFIED.,.F.,.F.,(6,4,4,4,6),(0.,0.245346320313,
    0.490634327535,0.744847590948,1.),.UNSPECIFIED.);
#1786 = CARTESIAN_POINT('',(-193.,11.354666436319,41.803587001761));
#1787 = CARTESIAN_POINT('',(-193.,11.388144390705,41.822915507738));
#1788 = CARTESIAN_POINT('',(-193.0037022698,11.421622382195,
    41.842244035136));
#1789 = CARTESIAN_POINT('',(-193.0111069772,11.45468673429,
    41.861333747718));
#1790 = CARTESIAN_POINT('',(-193.0221227724,11.486926773436,
    41.879947542998));
#1791 = CARTESIAN_POINT('',(-193.0510171978,11.54898288135,
    41.915775653607));
#1792 = CARTESIAN_POINT('',(-193.0688945804,11.578800352098,
    41.93299077837));
#1793 = CARTESIAN_POINT('',(-193.0900262507,11.607027117484,
    41.949287508963));
#1794 = CARTESIAN_POINT('',(-193.1141506567,11.633311687799,
    41.96446291271));
#1795 = CARTESIAN_POINT('',(-193.1686977109,11.682274492064,
    41.992731600932));
#1796 = CARTESIAN_POINT('',(-193.1993184299,11.704787454611,
    42.005729465919));
#1797 = CARTESIAN_POINT('',(-193.2324307226,11.72456205145,
    42.017146334727));
#1798 = CARTESIAN_POINT('',(-193.2675920712,11.741332476861,
    42.026828744352));
#1799 = CARTESIAN_POINT('',(-193.3411699222,11.768551702032,
    42.042543771332));
#1800 = CARTESIAN_POINT('',(-193.3795991896,11.7789773709,
    42.048563034059));
#1801 = CARTESIAN_POINT('',(-193.4191063257,11.786009944069,
    42.052623292071));
#1802 = CARTESIAN_POINT('',(-193.4591576455,11.789553884085,
    42.054669386793));
#1803 = CARTESIAN_POINT('',(-193.4992146026,11.789608614286,
    42.054700985289));
#1804 = ORIENTED_EDGE('',*,*,#1371,.T.);
#1805 = ORIENTED_EDGE('',*,*,#1362,.T.);
#1806 = ORIENTED_EDGE('',*,*,#1807,.F.);
#1807 = EDGE_CURVE('',#1745,#1354,#1808,.T.);
#1808 = B_SPLINE_CURVE_WITH_KNOTS('',5,(#1809,#1810,#1811,#1812,#1813,
    #1814,#1815,#1816,#1817,#1818,#1819,#1820,#1821,#1822,#1823,#1824,
    #1825,#1826,#1827,#1828,#1829,#1830),.UNSPECIFIED.,.F.,.F.,(6,4,4,4,
    4,6),(0.,3.152072785858E-02,0.277014079237,0.544399901114,
    0.774327221931,1.),.UNSPECIFIED.);
#1809 = CARTESIAN_POINT('',(-193.5,14.767910841405,36.781262163055));
#1810 = CARTESIAN_POINT('',(-193.4952878735,14.766011241646,
    36.785618505255));
#1811 = CARTESIAN_POINT('',(-193.4905758229,14.764059845886,
    36.789952359652));
#1812 = CARTESIAN_POINT('',(-193.4858644758,14.762056989179,
    36.794262957818));
#1813 = CARTESIAN_POINT('',(-193.4811545229,14.760002983336,
    36.798549601095));
#1814 = CARTESIAN_POINT('',(-193.4397808446,14.741504754716,
    36.836005921699));
#1815 = CARTESIAN_POINT('',(-193.4032455854,14.722027142572,
    36.867707091042));
#1816 = CARTESIAN_POINT('',(-193.3671739279,14.699609910505,
    36.897600270958));
#1817 = CARTESIAN_POINT('',(-193.3319115003,14.674422302356,
    36.925367636555));
#1818 = CARTESIAN_POINT('',(-193.2607053501,14.616469850727,
    36.9782689825));
#1819 = CARTESIAN_POINT('',(-193.2249843314,14.583231998593,
    37.002945024055));
#1820 = CARTESIAN_POINT('',(-193.1911395094,14.547251524769,
    37.024307698364));
#1821 = CARTESIAN_POINT('',(-193.1597089213,14.508902192684,
    37.041921652302));
#1822 = CARTESIAN_POINT('',(-193.1067657015,14.434148989013,
    37.067015957466));
#1823 = CARTESIAN_POINT('',(-193.0844811133,14.398226270311,
    37.075570060593));
#1824 = CARTESIAN_POINT('',(-193.0647403492,14.361279677128,
    37.080839687449));
#1825 = CARTESIAN_POINT('',(-193.0479035988,14.32374221773,
    37.082625438098));
#1826 = CARTESIAN_POINT('',(-193.020848146,14.249207442888,
    37.079124063837));
#1827 = CARTESIAN_POINT('',(-193.0105111093,14.212209074894,
    37.073967260985));
#1828 = CARTESIAN_POINT('',(-193.00350524,14.175622447982,
    37.065321542351));
#1829 = CARTESIAN_POINT('',(-193.,14.139983686185,37.053252613729));
#1830 = CARTESIAN_POINT('',(-193.,14.105789168982,37.037989490601));
#1831 = ORIENTED_EDGE('',*,*,#1744,.F.);
#1832 = TOROIDAL_SURFACE('',#1833,28.974830693133,0.5);
#1833 = AXIS2_PLACEMENT_3D('',#1834,#1835,#1836);
#1834 = CARTESIAN_POINT('',(-193.5,-12.25,24.999999999996));
#1835 = DIRECTION('',(-1.,5.417082736991E-16,9.184068270604E-17));
#1836 = DIRECTION('',(4.949568917182E-16,0.815597870642,0.578619143655)
  );
#1837 = ADVANCED_FACE('',(#1838),#1858,.T.);
#1838 = FACE_BOUND('',#1839,.T.);
#1839 = EDGE_LOOP('',(#1840,#1841,#1842,#1850,#1857));
#1840 = ORIENTED_EDGE('',*,*,#1807,.T.);
#1841 = ORIENTED_EDGE('',*,*,#1353,.T.);
#1842 = ORIENTED_EDGE('',*,*,#1843,.F.);
#1843 = EDGE_CURVE('',#1844,#1346,#1846,.T.);
#1844 = VERTEX_POINT('',#1845);
#1845 = CARTESIAN_POINT('',(-188.,14.059589133808,37.014421888125));
#1846 = LINE('',#1847,#1848);
#1847 = CARTESIAN_POINT('',(-188.,14.059589133808,37.014421888125));
#1848 = VECTOR('',#1849,1.);
#1849 = DIRECTION('',(-1.,2.874659068444E-16,-5.494621623693E-17));
#1850 = ORIENTED_EDGE('',*,*,#1851,.T.);
#1851 = EDGE_CURVE('',#1844,#1754,#1852,.T.);
#1852 = CIRCLE('',#1853,0.5);
#1853 = AXIS2_PLACEMENT_3D('',#1854,#1855,#1856);
#1854 = CARTESIAN_POINT('',(-188.,14.309589133808,36.581409186233));
#1855 = DIRECTION('',(-1.,2.874659068444E-16,-5.494621623693E-17));
#1856 = DIRECTION('',(2.214796699307E-16,0.866025403784,0.5));
#1857 = ORIENTED_EDGE('',*,*,#1753,.T.);
#1858 = CYLINDRICAL_SURFACE('',#1859,0.5);
#1859 = AXIS2_PLACEMENT_3D('',#1860,#1861,#1862);
#1860 = CARTESIAN_POINT('',(-188.,14.309589133808,36.581409186233));
#1861 = DIRECTION('',(-1.,2.874659068444E-16,-5.494621623693E-17));
#1862 = DIRECTION('',(-1.913177725252E-16,-0.5,0.866025403784));
#1863 = ADVANCED_FACE('',(#1864),#1882,.F.);
#1864 = FACE_BOUND('',#1865,.F.);
#1865 = EDGE_LOOP('',(#1866,#1874,#1880,#1881));
#1866 = ORIENTED_EDGE('',*,*,#1867,.F.);
#1867 = EDGE_CURVE('',#1868,#1844,#1870,.T.);
#1868 = VERTEX_POINT('',#1869);
#1869 = CARTESIAN_POINT('',(-188.,10.183785537675,34.776725638572));
#1870 = LINE('',#1871,#1872);
#1871 = CARTESIAN_POINT('',(-188.,9.750772835783,34.526725638572));
#1872 = VECTOR('',#1873,1.);
#1873 = DIRECTION('',(2.214796699307E-16,0.866025403784,0.5));
#1874 = ORIENTED_EDGE('',*,*,#1875,.T.);
#1875 = EDGE_CURVE('',#1868,#1337,#1876,.T.);
#1876 = LINE('',#1877,#1878);
#1877 = CARTESIAN_POINT('',(-188.,10.183785537675,34.776725638572));
#1878 = VECTOR('',#1879,1.);
#1879 = DIRECTION('',(-1.,2.874659068444E-16,-5.494621623693E-17));
#1880 = ORIENTED_EDGE('',*,*,#1345,.T.);
#1881 = ORIENTED_EDGE('',*,*,#1843,.F.);
#1882 = PLANE('',#1883);
#1883 = AXIS2_PLACEMENT_3D('',#1884,#1885,#1886);
#1884 = CARTESIAN_POINT('',(-190.5,12.57820369522,36.159143606383));
#1885 = DIRECTION('',(1.913177725252E-16,0.5,-0.866025403784));
#1886 = DIRECTION('',(2.214796699307E-16,0.866025403784,0.5));
#1887 = ADVANCED_FACE('',(#1888),#1907,.T.);
#1888 = FACE_BOUND('',#1889,.F.);
#1889 = EDGE_LOOP('',(#1890,#1899,#1905,#1906));
#1890 = ORIENTED_EDGE('',*,*,#1891,.T.);
#1891 = EDGE_CURVE('',#1868,#1892,#1894,.T.);
#1892 = VERTEX_POINT('',#1893);
#1893 = CARTESIAN_POINT('',(-188.,10.000772835783,34.093712936679));
#1894 = CIRCLE('',#1895,0.5);
#1895 = AXIS2_PLACEMENT_3D('',#1896,#1897,#1898);
#1896 = CARTESIAN_POINT('',(-188.,10.433785537675,34.343712936679));
#1897 = DIRECTION('',(1.,-2.874659068444E-16,5.494621623693E-17));
#1898 = DIRECTION('',(2.214796699307E-16,0.866025403784,0.5));
#1899 = ORIENTED_EDGE('',*,*,#1900,.T.);
#1900 = EDGE_CURVE('',#1892,#1329,#1901,.T.);
#1901 = LINE('',#1902,#1903);
#1902 = CARTESIAN_POINT('',(-188.,10.000772835783,34.093712936679));
#1903 = VECTOR('',#1904,1.);
#1904 = DIRECTION('',(-1.,2.874659068444E-16,-5.494621623693E-17));
#1905 = ORIENTED_EDGE('',*,*,#1336,.F.);
#1906 = ORIENTED_EDGE('',*,*,#1875,.F.);
#1907 = CYLINDRICAL_SURFACE('',#1908,0.5);
#1908 = AXIS2_PLACEMENT_3D('',#1909,#1910,#1911);
#1909 = CARTESIAN_POINT('',(-188.,10.433785537675,34.343712936679));
#1910 = DIRECTION('',(-1.,2.874659068444E-16,-5.494621623693E-17));
#1911 = DIRECTION('',(-1.913177725252E-16,-0.5,0.866025403784));
#1912 = ADVANCED_FACE('',(#1913),#1939,.F.);
#1913 = FACE_BOUND('',#1914,.F.);
#1914 = EDGE_LOOP('',(#1915,#1923,#1932,#1938));
#1915 = ORIENTED_EDGE('',*,*,#1916,.F.);
#1916 = EDGE_CURVE('',#1917,#1312,#1919,.T.);
#1917 = VERTEX_POINT('',#1918);
#1918 = CARTESIAN_POINT('',(-188.,10.556264552426,32.393700286663));
#1919 = LINE('',#1920,#1921);
#1920 = CARTESIAN_POINT('',(-188.,10.556264552426,32.393700286663));
#1921 = VECTOR('',#1922,1.);
#1922 = DIRECTION('',(-1.,2.874659068444E-16,-5.494621623693E-17));
#1923 = ORIENTED_EDGE('',*,*,#1924,.T.);
#1924 = EDGE_CURVE('',#1917,#1925,#1927,.T.);
#1925 = VERTEX_POINT('',#1926);
#1926 = CARTESIAN_POINT('',(-188.,10.556264552439,17.606299713351));
#1927 = CIRCLE('',#1928,23.974830693133);
#1928 = AXIS2_PLACEMENT_3D('',#1929,#1930,#1931);
#1929 = CARTESIAN_POINT('',(-188.,-12.25,24.999999999996));
#1930 = DIRECTION('',(-1.,0.,0.));
#1931 = DIRECTION('',(0.,-1.,0.));
#1932 = ORIENTED_EDGE('',*,*,#1933,.T.);
#1933 = EDGE_CURVE('',#1925,#1304,#1934,.T.);
#1934 = LINE('',#1935,#1936);
#1935 = CARTESIAN_POINT('',(-188.,10.556264552439,17.606299713351));
#1936 = VECTOR('',#1937,1.);
#1937 = DIRECTION('',(-1.,1.278713470545E-16,-1.104573674682E-16));
#1938 = ORIENTED_EDGE('',*,*,#1311,.F.);
#1939 = CYLINDRICAL_SURFACE('',#1940,23.974830693133);
#1940 = AXIS2_PLACEMENT_3D('',#1941,#1942,#1943);
#1941 = CARTESIAN_POINT('',(-193.,-12.25,24.999999999996));
#1942 = DIRECTION('',(-1.,0.,0.));
#1943 = DIRECTION('',(0.,-1.,0.));
#1944 = ADVANCED_FACE('',(#1945),#1963,.T.);
#1945 = FACE_BOUND('',#1946,.T.);
#1946 = EDGE_LOOP('',(#1947,#1955,#1961,#1962));
#1947 = ORIENTED_EDGE('',*,*,#1948,.F.);
#1948 = EDGE_CURVE('',#1949,#1917,#1951,.T.);
#1949 = VERTEX_POINT('',#1950);
#1950 = CARTESIAN_POINT('',(-188.,10.875772835774,32.578168480071));
#1951 = LINE('',#1952,#1953);
#1952 = CARTESIAN_POINT('',(-188.,10.875772835774,32.578168480071));
#1953 = VECTOR('',#1954,1.);
#1954 = DIRECTION('',(-2.214796699307E-16,-0.866025403784,-0.5));
#1955 = ORIENTED_EDGE('',*,*,#1956,.T.);
#1956 = EDGE_CURVE('',#1949,#1321,#1957,.T.);
#1957 = LINE('',#1958,#1959);
#1958 = CARTESIAN_POINT('',(-188.,10.875772835774,32.578168480071));
#1959 = VECTOR('',#1960,1.);
#1960 = DIRECTION('',(-1.,2.874659068444E-16,-5.494621623693E-17));
#1961 = ORIENTED_EDGE('',*,*,#1320,.F.);
#1962 = ORIENTED_EDGE('',*,*,#1916,.F.);
#1963 = PLANE('',#1964);
#1964 = AXIS2_PLACEMENT_3D('',#1965,#1966,#1967);
#1965 = CARTESIAN_POINT('',(-188.,10.875772835774,32.578168480071));
#1966 = DIRECTION('',(-1.913177725252E-16,-0.5,0.866025403784));
#1967 = DIRECTION('',(-2.214796699307E-16,-0.866025403784,-0.5));
#1968 = ADVANCED_FACE('',(#1969),#1987,.T.);
#1969 = FACE_BOUND('',#1970,.T.);
#1970 = EDGE_LOOP('',(#1971,#1979,#1980,#1981));
#1971 = ORIENTED_EDGE('',*,*,#1972,.F.);
#1972 = EDGE_CURVE('',#1925,#1973,#1975,.T.);
#1973 = VERTEX_POINT('',#1974);
#1974 = CARTESIAN_POINT('',(-188.,10.875772835744,17.421831519976));
#1975 = LINE('',#1976,#1977);
#1976 = CARTESIAN_POINT('',(-188.,10.556264552439,17.606299713351));
#1977 = VECTOR('',#1978,1.);
#1978 = DIRECTION('',(1.659685186994E-16,0.866025403784,-0.5));
#1979 = ORIENTED_EDGE('',*,*,#1933,.T.);
#1980 = ORIENTED_EDGE('',*,*,#1303,.F.);
#1981 = ORIENTED_EDGE('',*,*,#1982,.F.);
#1982 = EDGE_CURVE('',#1973,#1296,#1983,.T.);
#1983 = LINE('',#1984,#1985);
#1984 = CARTESIAN_POINT('',(-188.,10.875772835744,17.421831519976));
#1985 = VECTOR('',#1986,1.);
#1986 = DIRECTION('',(-1.,1.278713470545E-16,-1.104573674682E-16));
#1987 = PLANE('',#1988);
#1988 = AXIS2_PLACEMENT_3D('',#1989,#1990,#1991);
#1989 = CARTESIAN_POINT('',(-188.,10.556264552439,17.606299713351));
#1990 = DIRECTION('',(3.172321273534E-17,-0.5,-0.866025403784));
#1991 = DIRECTION('',(1.659685186994E-16,0.866025403784,-0.5));
#1992 = ADVANCED_FACE('',(#1993),#2004,.F.);
#1993 = FACE_BOUND('',#1994,.F.);
#1994 = EDGE_LOOP('',(#1995,#2001,#2002,#2003));
#1995 = ORIENTED_EDGE('',*,*,#1996,.F.);
#1996 = EDGE_CURVE('',#1949,#1892,#1997,.T.);
#1997 = LINE('',#1998,#1999);
#1998 = CARTESIAN_POINT('',(-188.,10.875772835774,32.578168480071));
#1999 = VECTOR('',#2000,1.);
#2000 = DIRECTION('',(-1.913177725252E-16,-0.5,0.866025403784));
#2001 = ORIENTED_EDGE('',*,*,#1956,.T.);
#2002 = ORIENTED_EDGE('',*,*,#1328,.F.);
#2003 = ORIENTED_EDGE('',*,*,#1900,.F.);
#2004 = PLANE('',#2005);
#2005 = AXIS2_PLACEMENT_3D('',#2006,#2007,#2008);
#2006 = CARTESIAN_POINT('',(-188.,10.875772835774,32.578168480071));
#2007 = DIRECTION('',(2.214796699307E-16,0.866025403784,0.5));
#2008 = DIRECTION('',(-1.913177725252E-16,-0.5,0.866025403784));
#2009 = ADVANCED_FACE('',(#2010),#2028,.F.);
#2010 = FACE_BOUND('',#2011,.F.);
#2011 = EDGE_LOOP('',(#2012,#2020,#2026,#2027));
#2012 = ORIENTED_EDGE('',*,*,#2013,.F.);
#2013 = EDGE_CURVE('',#2014,#1973,#2016,.T.);
#2014 = VERTEX_POINT('',#2015);
#2015 = CARTESIAN_POINT('',(-188.,10.000772835781,15.906287063418));
#2016 = LINE('',#2017,#2018);
#2017 = CARTESIAN_POINT('',(-188.,9.75077283577,15.473274361462));
#2018 = VECTOR('',#2019,1.);
#2019 = DIRECTION('',(-3.172321273534E-17,0.5,0.866025403784));
#2020 = ORIENTED_EDGE('',*,*,#2021,.T.);
#2021 = EDGE_CURVE('',#2014,#1287,#2022,.T.);
#2022 = LINE('',#2023,#2024);
#2023 = CARTESIAN_POINT('',(-188.,10.000772835781,15.906287063418));
#2024 = VECTOR('',#2025,1.);
#2025 = DIRECTION('',(-1.,1.278713470545E-16,-1.104573674682E-16));
#2026 = ORIENTED_EDGE('',*,*,#1295,.F.);
#2027 = ORIENTED_EDGE('',*,*,#1982,.F.);
#2028 = PLANE('',#2029);
#2029 = AXIS2_PLACEMENT_3D('',#2030,#2031,#2032);
#2030 = CARTESIAN_POINT('',(-188.,9.750772835992,15.47327436189));
#2031 = DIRECTION('',(1.659685186994E-16,0.866025403784,-0.5));
#2032 = DIRECTION('',(-3.172321273534E-17,0.5,0.866025403784));
#2033 = ADVANCED_FACE('',(#2034),#2053,.T.);
#2034 = FACE_BOUND('',#2035,.F.);
#2035 = EDGE_LOOP('',(#2036,#2045,#2051,#2052));
#2036 = ORIENTED_EDGE('',*,*,#2037,.T.);
#2037 = EDGE_CURVE('',#2014,#2038,#2040,.T.);
#2038 = VERTEX_POINT('',#2039);
#2039 = CARTESIAN_POINT('',(-188.,10.183785537672,15.223274361527));
#2040 = CIRCLE('',#2041,0.5);
#2041 = AXIS2_PLACEMENT_3D('',#2042,#2043,#2044);
#2042 = CARTESIAN_POINT('',(-188.,10.433785537674,15.656287063418));
#2043 = DIRECTION('',(1.,-1.278713470545E-16,1.104573674682E-16));
#2044 = DIRECTION('',(1.659685186994E-16,0.866025403784,-0.5));
#2045 = ORIENTED_EDGE('',*,*,#2046,.T.);
#2046 = EDGE_CURVE('',#2038,#1279,#2047,.T.);
#2047 = LINE('',#2048,#2049);
#2048 = CARTESIAN_POINT('',(-188.,10.183785537672,15.223274361527));
#2049 = VECTOR('',#2050,1.);
#2050 = DIRECTION('',(-1.,1.278713470545E-16,-1.104573674682E-16));
#2051 = ORIENTED_EDGE('',*,*,#1286,.F.);
#2052 = ORIENTED_EDGE('',*,*,#2021,.F.);
#2053 = CYLINDRICAL_SURFACE('',#2054,0.5);
#2054 = AXIS2_PLACEMENT_3D('',#2055,#2056,#2057);
#2055 = CARTESIAN_POINT('',(-188.,10.433785537674,15.656287063418));
#2056 = DIRECTION('',(-1.,1.278713470545E-16,-1.104573674682E-16));
#2057 = DIRECTION('',(-1.659685186994E-16,-0.866025403784,0.5));
#2058 = ADVANCED_FACE('',(#2059),#2086,.F.);
#2059 = FACE_BOUND('',#2060,.F.);
#2060 = EDGE_LOOP('',(#2061,#2070,#2071,#2080));
#2061 = ORIENTED_EDGE('',*,*,#2062,.T.);
#2062 = EDGE_CURVE('',#2063,#1762,#2065,.T.);
#2063 = VERTEX_POINT('',#2064);
#2064 = CARTESIAN_POINT('',(-188.,16.581381574897,17.303123259092));
#2065 = CIRCLE('',#2066,0.5);
#2066 = AXIS2_PLACEMENT_3D('',#2067,#2068,#2069);
#2067 = CARTESIAN_POINT('',(-188.,16.831381574897,17.736135960984));
#2068 = DIRECTION('',(-1.,1.278713470545E-16,-1.104573674682E-16));
#2069 = DIRECTION('',(1.659685186994E-16,0.866025403784,-0.5));
#2070 = ORIENTED_EDGE('',*,*,#1770,.T.);
#2071 = ORIENTED_EDGE('',*,*,#2072,.F.);
#2072 = EDGE_CURVE('',#2073,#1728,#2075,.T.);
#2073 = VERTEX_POINT('',#2074);
#2074 = CARTESIAN_POINT('',(-196.,16.581381574897,17.303123259092));
#2075 = CIRCLE('',#2076,0.5);
#2076 = AXIS2_PLACEMENT_3D('',#2077,#2078,#2079);
#2077 = CARTESIAN_POINT('',(-196.,16.831381574897,17.736135960984));
#2078 = DIRECTION('',(-1.,1.278713470545E-16,-1.104573674682E-16));
#2079 = DIRECTION('',(1.659685186994E-16,0.866025403784,-0.5));
#2080 = ORIENTED_EDGE('',*,*,#2081,.F.);
#2081 = EDGE_CURVE('',#2063,#2073,#2082,.T.);
#2082 = LINE('',#2083,#2084);
#2083 = CARTESIAN_POINT('',(-188.,16.581381574897,17.303123259092));
#2084 = VECTOR('',#2085,1.);
#2085 = DIRECTION('',(-1.,1.278713470545E-16,-1.104573674682E-16));
#2086 = CYLINDRICAL_SURFACE('',#2087,0.5);
#2087 = AXIS2_PLACEMENT_3D('',#2088,#2089,#2090);
#2088 = CARTESIAN_POINT('',(-188.,16.831381574897,17.736135960984));
#2089 = DIRECTION('',(-1.,1.278713470545E-16,-1.104573674682E-16));
#2090 = DIRECTION('',(3.172321273534E-17,-0.5,-0.866025403784));
#2091 = ADVANCED_FACE('',(#2092),#2117,.T.);
#2092 = FACE_BOUND('',#2093,.T.);
#2093 = EDGE_LOOP('',(#2094,#2102,#2110,#2116));
#2094 = ORIENTED_EDGE('',*,*,#2095,.F.);
#2095 = EDGE_CURVE('',#2096,#2063,#2098,.T.);
#2096 = VERTEX_POINT('',#2097);
#2097 = CARTESIAN_POINT('',(-188.,29.596977505739,9.788565444756));
#2098 = LINE('',#2099,#2100);
#2099 = CARTESIAN_POINT('',(-188.,30.029990207631,9.538565444756));
#2100 = VECTOR('',#2101,1.);
#2101 = DIRECTION('',(-1.659685186994E-16,-0.866025403784,0.5));
#2102 = ORIENTED_EDGE('',*,*,#2103,.T.);
#2103 = EDGE_CURVE('',#2096,#2104,#2106,.T.);
#2104 = VERTEX_POINT('',#2105);
#2105 = CARTESIAN_POINT('',(-196.,29.596977505739,9.788565444756));
#2106 = LINE('',#2107,#2108);
#2107 = CARTESIAN_POINT('',(-188.,29.596977505739,9.788565444756));
#2108 = VECTOR('',#2109,1.);
#2109 = DIRECTION('',(-1.,1.278713470545E-16,-1.104573674682E-16));
#2110 = ORIENTED_EDGE('',*,*,#2111,.T.);
#2111 = EDGE_CURVE('',#2104,#2073,#2112,.T.);
#2112 = LINE('',#2113,#2114);
#2113 = CARTESIAN_POINT('',(-196.,10.827495103822,20.625131162053));
#2114 = VECTOR('',#2115,1.);
#2115 = DIRECTION('',(-1.659685186994E-16,-0.866025403784,0.5));
#2116 = ORIENTED_EDGE('',*,*,#2081,.F.);
#2117 = PLANE('',#2118);
#2118 = AXIS2_PLACEMENT_3D('',#2119,#2120,#2121);
#2119 = CARTESIAN_POINT('',(-188.,30.029990207631,9.538565444756));
#2120 = DIRECTION('',(-3.172321273534E-17,0.5,0.866025403784));
#2121 = DIRECTION('',(-1.659685186994E-16,-0.866025403784,0.5));
#2122 = ADVANCED_FACE('',(#2123),#2150,.T.);
#2123 = FACE_BOUND('',#2124,.T.);
#2124 = EDGE_LOOP('',(#2125,#2134,#2142,#2149));
#2125 = ORIENTED_EDGE('',*,*,#2126,.T.);
#2126 = EDGE_CURVE('',#2096,#2127,#2129,.T.);
#2127 = VERTEX_POINT('',#2128);
#2128 = CARTESIAN_POINT('',(-188.,29.779990207631,9.105552742864));
#2129 = CIRCLE('',#2130,0.5);
#2130 = AXIS2_PLACEMENT_3D('',#2131,#2132,#2133);
#2131 = CARTESIAN_POINT('',(-188.,29.346977505739,9.355552742864));
#2132 = DIRECTION('',(-1.,1.278713470545E-16,-1.104573674682E-16));
#2133 = DIRECTION('',(1.659685186994E-16,0.866025403784,-0.5));
#2134 = ORIENTED_EDGE('',*,*,#2135,.T.);
#2135 = EDGE_CURVE('',#2127,#2136,#2138,.T.);
#2136 = VERTEX_POINT('',#2137);
#2137 = CARTESIAN_POINT('',(-196.,29.779990207631,9.105552742864));
#2138 = LINE('',#2139,#2140);
#2139 = CARTESIAN_POINT('',(-188.,29.779990207631,9.105552742864));
#2140 = VECTOR('',#2141,1.);
#2141 = DIRECTION('',(-1.,1.278713470545E-16,-1.104573674682E-16));
#2142 = ORIENTED_EDGE('',*,*,#2143,.F.);
#2143 = EDGE_CURVE('',#2104,#2136,#2144,.T.);
#2144 = CIRCLE('',#2145,0.5);
#2145 = AXIS2_PLACEMENT_3D('',#2146,#2147,#2148);
#2146 = CARTESIAN_POINT('',(-196.,29.346977505739,9.355552742864));
#2147 = DIRECTION('',(-1.,1.278713470545E-16,-1.104573674682E-16));
#2148 = DIRECTION('',(1.659685186994E-16,0.866025403784,-0.5));
#2149 = ORIENTED_EDGE('',*,*,#2103,.F.);
#2150 = CYLINDRICAL_SURFACE('',#2151,0.5);
#2151 = AXIS2_PLACEMENT_3D('',#2152,#2153,#2154);
#2152 = CARTESIAN_POINT('',(-188.,29.346977505739,9.355552742864));
#2153 = DIRECTION('',(-1.,1.278713470545E-16,-1.104573674682E-16));
#2154 = DIRECTION('',(-3.172321273534E-17,0.5,0.866025403784));
#2155 = ADVANCED_FACE('',(#2156),#2181,.T.);
#2156 = FACE_BOUND('',#2157,.T.);
#2157 = EDGE_LOOP('',(#2158,#2166,#2174,#2180));
#2158 = ORIENTED_EDGE('',*,*,#2159,.F.);
#2159 = EDGE_CURVE('',#2160,#2127,#2162,.T.);
#2160 = VERTEX_POINT('',#2161);
#2161 = CARTESIAN_POINT('',(-188.,27.779990207633,5.64145112773));
#2162 = LINE('',#2163,#2164);
#2163 = CARTESIAN_POINT('',(-188.,27.529990207635,5.20843842584));
#2164 = VECTOR('',#2165,1.);
#2165 = DIRECTION('',(-3.172321273534E-17,0.5,0.866025403784));
#2166 = ORIENTED_EDGE('',*,*,#2167,.T.);
#2167 = EDGE_CURVE('',#2160,#2168,#2170,.T.);
#2168 = VERTEX_POINT('',#2169);
#2169 = CARTESIAN_POINT('',(-196.,27.779990207633,5.64145112773));
#2170 = LINE('',#2171,#2172);
#2171 = CARTESIAN_POINT('',(-188.,27.779990207633,5.64145112773));
#2172 = VECTOR('',#2173,1.);
#2173 = DIRECTION('',(-1.,1.278713470545E-16,-1.104573674682E-16));
#2174 = ORIENTED_EDGE('',*,*,#2175,.T.);
#2175 = EDGE_CURVE('',#2168,#2136,#2176,.T.);
#2176 = LINE('',#2177,#2178);
#2177 = CARTESIAN_POINT('',(-196.,26.842490207626,4.017653495622));
#2178 = VECTOR('',#2179,1.);
#2179 = DIRECTION('',(-3.172321273534E-17,0.5,0.866025403784));
#2180 = ORIENTED_EDGE('',*,*,#2135,.F.);
#2181 = PLANE('',#2182);
#2182 = AXIS2_PLACEMENT_3D('',#2183,#2184,#2185);
#2183 = CARTESIAN_POINT('',(-188.,27.529990207635,5.20843842584));
#2184 = DIRECTION('',(1.659685186994E-16,0.866025403784,-0.5));
#2185 = DIRECTION('',(-3.172321273534E-17,0.5,0.866025403784));
#2186 = ADVANCED_FACE('',(#2187),#2214,.T.);
#2187 = FACE_BOUND('',#2188,.T.);
#2188 = EDGE_LOOP('',(#2189,#2198,#2206,#2213));
#2189 = ORIENTED_EDGE('',*,*,#2190,.T.);
#2190 = EDGE_CURVE('',#2160,#2191,#2193,.T.);
#2191 = VERTEX_POINT('',#2192);
#2192 = CARTESIAN_POINT('',(-188.,27.09697750574,5.458438425838));
#2193 = CIRCLE('',#2194,0.5);
#2194 = AXIS2_PLACEMENT_3D('',#2195,#2196,#2197);
#2195 = CARTESIAN_POINT('',(-188.,27.346977505741,5.89145112773));
#2196 = DIRECTION('',(-1.,1.278713470545E-16,-1.104573674682E-16));
#2197 = DIRECTION('',(1.659685186994E-16,0.866025403784,-0.5));
#2198 = ORIENTED_EDGE('',*,*,#2199,.T.);
#2199 = EDGE_CURVE('',#2191,#2200,#2202,.T.);
#2200 = VERTEX_POINT('',#2201);
#2201 = CARTESIAN_POINT('',(-196.,27.09697750574,5.458438425838));
#2202 = LINE('',#2203,#2204);
#2203 = CARTESIAN_POINT('',(-188.,27.09697750574,5.458438425838));
#2204 = VECTOR('',#2205,1.);
#2205 = DIRECTION('',(-1.,1.278713470545E-16,-1.104573674682E-16));
#2206 = ORIENTED_EDGE('',*,*,#2207,.F.);
#2207 = EDGE_CURVE('',#2168,#2200,#2208,.T.);
#2208 = CIRCLE('',#2209,0.5);
#2209 = AXIS2_PLACEMENT_3D('',#2210,#2211,#2212);
#2210 = CARTESIAN_POINT('',(-196.,27.346977505741,5.89145112773));
#2211 = DIRECTION('',(-1.,1.278713470545E-16,-1.104573674682E-16));
#2212 = DIRECTION('',(1.659685186994E-16,0.866025403784,-0.5));
#2213 = ORIENTED_EDGE('',*,*,#2167,.F.);
#2214 = CYLINDRICAL_SURFACE('',#2215,0.5);
#2215 = AXIS2_PLACEMENT_3D('',#2216,#2217,#2218);
#2216 = CARTESIAN_POINT('',(-188.,27.346977505741,5.89145112773));
#2217 = DIRECTION('',(-1.,1.278713470545E-16,-1.104573674682E-16));
#2218 = DIRECTION('',(1.659685186994E-16,0.866025403784,-0.5));
#2219 = ADVANCED_FACE('',(#2220),#2243,.T.);
#2220 = FACE_BOUND('',#2221,.T.);
#2221 = EDGE_LOOP('',(#2222,#2223,#2224,#2225,#2226,#2227,#2228,#2229,
    #2230,#2236,#2237,#2238,#2239,#2240,#2241,#2242));
#2222 = ORIENTED_EDGE('',*,*,#1867,.F.);
#2223 = ORIENTED_EDGE('',*,*,#1891,.T.);
#2224 = ORIENTED_EDGE('',*,*,#1996,.F.);
#2225 = ORIENTED_EDGE('',*,*,#1948,.T.);
#2226 = ORIENTED_EDGE('',*,*,#1924,.T.);
#2227 = ORIENTED_EDGE('',*,*,#1972,.T.);
#2228 = ORIENTED_EDGE('',*,*,#2013,.F.);
#2229 = ORIENTED_EDGE('',*,*,#2037,.T.);
#2230 = ORIENTED_EDGE('',*,*,#2231,.T.);
#2231 = EDGE_CURVE('',#2038,#2191,#2232,.T.);
#2232 = LINE('',#2233,#2234);
#2233 = CARTESIAN_POINT('',(-188.,9.750772835772,15.473274361466));
#2234 = VECTOR('',#2235,1.);
#2235 = DIRECTION('',(1.659685186994E-16,0.866025403784,-0.5));
#2236 = ORIENTED_EDGE('',*,*,#2190,.F.);
#2237 = ORIENTED_EDGE('',*,*,#2159,.T.);
#2238 = ORIENTED_EDGE('',*,*,#2126,.F.);
#2239 = ORIENTED_EDGE('',*,*,#2095,.T.);
#2240 = ORIENTED_EDGE('',*,*,#2062,.T.);
#2241 = ORIENTED_EDGE('',*,*,#1761,.F.);
#2242 = ORIENTED_EDGE('',*,*,#1851,.F.);
#2243 = PLANE('',#2244);
#2244 = AXIS2_PLACEMENT_3D('',#2245,#2246,#2247);
#2245 = CARTESIAN_POINT('',(-188.,17.344201300089,19.707283681531));
#2246 = DIRECTION('',(1.,0.,0.));
#2247 = DIRECTION('',(0.,0.,1.));
#2248 = ADVANCED_FACE('',(#2249),#2302,.T.);
#2249 = FACE_BOUND('',#2250,.T.);
#2250 = EDGE_LOOP('',(#2251,#2262,#2270,#2279,#2287,#2296));
#2251 = ORIENTED_EDGE('',*,*,#2252,.F.);
#2252 = EDGE_CURVE('',#2253,#2255,#2257,.T.);
#2253 = VERTEX_POINT('',#2254);
#2254 = CARTESIAN_POINT('',(-196.,-15.00000000003,54.346262869205));
#2255 = VERTEX_POINT('',#2256);
#2256 = CARTESIAN_POINT('',(-196.,8.233900353238,46.193760183302));
#2257 = CIRCLE('',#2258,29.474830693133);
#2258 = AXIS2_PLACEMENT_3D('',#2259,#2260,#2261);
#2259 = CARTESIAN_POINT('',(-196.,-12.25,24.999999999996));
#2260 = DIRECTION('',(-1.,0.,0.));
#2261 = DIRECTION('',(0.,-1.,0.));
#2262 = ORIENTED_EDGE('',*,*,#2263,.F.);
#2263 = EDGE_CURVE('',#2264,#2253,#2266,.T.);
#2264 = VERTEX_POINT('',#2265);
#2265 = CARTESIAN_POINT('',(-193.5,-15.00000000003,54.346262869205));
#2266 = LINE('',#2267,#2268);
#2267 = CARTESIAN_POINT('',(-193.,-15.00000000003,54.346262869205));
#2268 = VECTOR('',#2269,1.);
#2269 = DIRECTION('',(-1.,0.,0.));
#2270 = ORIENTED_EDGE('',*,*,#2271,.T.);
#2271 = EDGE_CURVE('',#2264,#2272,#2274,.T.);
#2272 = VERTEX_POINT('',#2273);
#2273 = CARTESIAN_POINT('',(-193.5,-8.943916842268,54.288828220719));
#2274 = CIRCLE('',#2275,29.474830693133);
#2275 = AXIS2_PLACEMENT_3D('',#2276,#2277,#2278);
#2276 = CARTESIAN_POINT('',(-193.5,-12.25,24.999999999996));
#2277 = DIRECTION('',(-1.,3.191891195797E-16,4.045961003485E-16));
#2278 = DIRECTION('',(3.730509447978E-16,-9.329994220036E-02,
    0.995638047076));
#2279 = ORIENTED_EDGE('',*,*,#2280,.F.);
#2280 = EDGE_CURVE('',#2281,#2272,#2283,.T.);
#2281 = VERTEX_POINT('',#2282);
#2282 = CARTESIAN_POINT('',(-188.,-8.943916842268,54.288828220719));
#2283 = LINE('',#2284,#2285);
#2284 = CARTESIAN_POINT('',(-188.,-8.943916842268,54.288828220719));
#2285 = VECTOR('',#2286,1.);
#2286 = DIRECTION('',(-1.,3.191891195797E-16,1.110223024625E-16));
#2287 = ORIENTED_EDGE('',*,*,#2288,.T.);
#2288 = EDGE_CURVE('',#2281,#2289,#2291,.T.);
#2289 = VERTEX_POINT('',#2290);
#2290 = CARTESIAN_POINT('',(-188.,8.233900353238,46.193760183302));
#2291 = CIRCLE('',#2292,29.474830693133);
#2292 = AXIS2_PLACEMENT_3D('',#2293,#2294,#2295);
#2293 = CARTESIAN_POINT('',(-188.,-12.25,24.999999999996));
#2294 = DIRECTION('',(-1.,0.,0.));
#2295 = DIRECTION('',(0.,-1.,0.));
#2296 = ORIENTED_EDGE('',*,*,#2297,.T.);
#2297 = EDGE_CURVE('',#2289,#2255,#2298,.T.);
#2298 = LINE('',#2299,#2300);
#2299 = CARTESIAN_POINT('',(-188.,8.233900353238,46.193760183302));
#2300 = VECTOR('',#2301,1.);
#2301 = DIRECTION('',(-1.,2.874659068444E-16,-5.494621623693E-17));
#2302 = CYLINDRICAL_SURFACE('',#2303,29.474830693133);
#2303 = AXIS2_PLACEMENT_3D('',#2304,#2305,#2306);
#2304 = CARTESIAN_POINT('',(-193.,-12.25,24.999999999996));
#2305 = DIRECTION('',(-1.,0.,0.));
#2306 = DIRECTION('',(0.,-1.,0.));
#2307 = ADVANCED_FACE('',(#2308),#2359,.T.);
#2308 = FACE_BOUND('',#2309,.T.);
#2309 = EDGE_LOOP('',(#2310,#2331,#2332,#2333,#2358));
#2310 = ORIENTED_EDGE('',*,*,#2311,.F.);
#2311 = EDGE_CURVE('',#1474,#2264,#2312,.T.);
#2312 = B_SPLINE_CURVE_WITH_KNOTS('',5,(#2313,#2314,#2315,#2316,#2317,
    #2318,#2319,#2320,#2321,#2322,#2323,#2324,#2325,#2326,#2327,#2328,
    #2329,#2330),.UNSPECIFIED.,.F.,.F.,(6,4,4,4,6),(0.,0.245346320313,
    0.490634327535,0.744847590948,1.),.UNSPECIFIED.);
#2313 = CARTESIAN_POINT('',(-193.,-15.00000000007,53.844034282588));
#2314 = CARTESIAN_POINT('',(-193.,-15.00000000007,53.882691294543));
#2315 = CARTESIAN_POINT('',(-193.0037022698,-15.00000000007,
    53.921348349339));
#2316 = CARTESIAN_POINT('',(-193.0111069772,-15.00000000007,
    53.959527774504));
#2317 = CARTESIAN_POINT('',(-193.0221227724,-15.00000000007,
    53.996755365063));
#2318 = CARTESIAN_POINT('',(-193.0510171978,-15.00000000007,
    54.068411586282));
#2319 = CARTESIAN_POINT('',(-193.0688945804,-15.00000000007,
    54.102841835808));
#2320 = CARTESIAN_POINT('',(-193.0900262507,-15.00000000007,
    54.135435296995));
#2321 = CARTESIAN_POINT('',(-193.1141506567,-15.00000000006,
    54.165786104489));
#2322 = CARTESIAN_POINT('',(-193.1686977109,-15.00000000006,
    54.222323480934));
#2323 = CARTESIAN_POINT('',(-193.1993184299,-15.00000000006,
    54.248319210908));
#2324 = CARTESIAN_POINT('',(-193.2324307226,-15.00000000006,
    54.271152948524));
#2325 = CARTESIAN_POINT('',(-193.2675920712,-15.00000000006,
    54.290517767774));
#2326 = CARTESIAN_POINT('',(-193.3411699222,-15.00000000006,
    54.321947821734));
#2327 = CARTESIAN_POINT('',(-193.3795991896,-15.00000000006,
    54.333986347188));
#2328 = CARTESIAN_POINT('',(-193.4191063257,-15.00000000006,
    54.342106863213));
#2329 = CARTESIAN_POINT('',(-193.4591576455,-15.00000000006,
    54.346199052657));
#2330 = CARTESIAN_POINT('',(-193.4992146026,-15.00000000006,
    54.34626224965));
#2331 = ORIENTED_EDGE('',*,*,#1473,.T.);
#2332 = ORIENTED_EDGE('',*,*,#1464,.T.);
#2333 = ORIENTED_EDGE('',*,*,#2334,.F.);
#2334 = EDGE_CURVE('',#2272,#1456,#2335,.T.);
#2335 = B_SPLINE_CURVE_WITH_KNOTS('',5,(#2336,#2337,#2338,#2339,#2340,
    #2341,#2342,#2343,#2344,#2345,#2346,#2347,#2348,#2349,#2350,#2351,
    #2352,#2353,#2354,#2355,#2356,#2357),.UNSPECIFIED.,.F.,.F.,(6,4,4,4,
    4,6),(0.,3.152072785858E-02,0.277014079237,0.544399901114,
    0.774327221931,1.),.UNSPECIFIED.);
#2336 = CARTESIAN_POINT('',(-193.5,-8.943916901151,54.288828227366));
#2337 = CARTESIAN_POINT('',(-193.4952878735,-8.948639404043,
    54.289361296817));
#2338 = CARTESIAN_POINT('',(-193.4905758229,-8.953368329927,
    54.289838265714));
#2339 = CARTESIAN_POINT('',(-193.4858644758,-8.958102845798,
    54.290259040009));
#2340 = CARTESIAN_POINT('',(-193.4811545229,-8.962842190694,
    54.290623540409));
#2341 = CARTESIAN_POINT('',(-193.4397808446,-9.004529430179,
    54.2933317648));
#2342 = CARTESIAN_POINT('',(-193.4032455854,-9.041722254232,
    54.29231424255));
#2343 = CARTESIAN_POINT('',(-193.3671739279,-9.078819123473,
    54.287846940056));
#2344 = CARTESIAN_POINT('',(-193.3319115003,-9.115460171551,
    54.279917514337));
#2345 = CARTESIAN_POINT('',(-193.2607053501,-9.190250306848,
    54.256179891987));
#2346 = CARTESIAN_POINT('',(-193.2249843314,-9.228239311766,
    54.239733088449));
#2347 = CARTESIAN_POINT('',(-193.1911395094,-9.264730167322,
    54.219254421231));
#2348 = CARTESIAN_POINT('',(-193.1597089213,-9.299158964937,
    54.194849902396));
#2349 = CARTESIAN_POINT('',(-193.1067657015,-9.358267872535,
    54.142658881585));
#2350 = CARTESIAN_POINT('',(-193.0844811133,-9.383637302499,
    54.11582594618));
#2351 = CARTESIAN_POINT('',(-193.0647403492,-9.406674229817,
    54.086464071328));
#2352 = CARTESIAN_POINT('',(-193.0479035988,-9.426989464943,
    54.05484855322));
#2353 = CARTESIAN_POINT('',(-193.020848146,-9.461224573305,
    53.988548857612));
#2354 = CARTESIAN_POINT('',(-193.0105111093,-9.475257835031,
    53.953928929604));
#2355 = CARTESIAN_POINT('',(-193.00350524,-9.486063736516,
    53.917921121942));
#2356 = CARTESIAN_POINT('',(-193.,-9.493431118631,53.881022584555));
#2357 = CARTESIAN_POINT('',(-193.,-9.497310124863,53.843777702424));
#2358 = ORIENTED_EDGE('',*,*,#2271,.F.);
#2359 = TOROIDAL_SURFACE('',#2360,28.974830693133,0.5);
#2360 = AXIS2_PLACEMENT_3D('',#2361,#2362,#2363);
#2361 = CARTESIAN_POINT('',(-193.5,-12.25,24.999999999996));
#2362 = DIRECTION('',(-1.,3.191891195797E-16,4.045961003485E-16));
#2363 = DIRECTION('',(3.730509447978E-16,-9.329994220036E-02,
    0.995638047076));
#2364 = ADVANCED_FACE('',(#2365),#2385,.T.);
#2365 = FACE_BOUND('',#2366,.T.);
#2366 = EDGE_LOOP('',(#2367,#2368,#2369,#2377,#2384));
#2367 = ORIENTED_EDGE('',*,*,#2334,.T.);
#2368 = ORIENTED_EDGE('',*,*,#1455,.T.);
#2369 = ORIENTED_EDGE('',*,*,#2370,.F.);
#2370 = EDGE_CURVE('',#2371,#1448,#2373,.T.);
#2371 = VERTEX_POINT('',#2372);
#2372 = CARTESIAN_POINT('',(-188.,-9.499999999999,53.791983497069));
#2373 = LINE('',#2374,#2375);
#2374 = CARTESIAN_POINT('',(-188.,-9.499999999999,53.791983497069));
#2375 = VECTOR('',#2376,1.);
#2376 = DIRECTION('',(-1.,3.191891195797E-16,1.110223024625E-16));
#2377 = ORIENTED_EDGE('',*,*,#2378,.T.);
#2378 = EDGE_CURVE('',#2371,#2281,#2379,.T.);
#2379 = CIRCLE('',#2380,0.5);
#2380 = AXIS2_PLACEMENT_3D('',#2381,#2382,#2383);
#2381 = CARTESIAN_POINT('',(-188.,-8.999999999999,53.791983497069));
#2382 = DIRECTION('',(-1.,3.191891195797E-16,1.110223024625E-16));
#2383 = DIRECTION('',(1.110223024625E-16,-1.224646799147E-16,1.));
#2384 = ORIENTED_EDGE('',*,*,#2280,.T.);
#2385 = CYLINDRICAL_SURFACE('',#2386,0.5);
#2386 = AXIS2_PLACEMENT_3D('',#2387,#2388,#2389);
#2387 = CARTESIAN_POINT('',(-188.,-8.999999999999,53.791983497069));
#2388 = DIRECTION('',(-1.,3.191891195797E-16,1.110223024625E-16));
#2389 = DIRECTION('',(-3.191891195797E-16,-1.,-1.224646799147E-16));
#2390 = ADVANCED_FACE('',(#2391),#2409,.F.);
#2391 = FACE_BOUND('',#2392,.F.);
#2392 = EDGE_LOOP('',(#2393,#2401,#2407,#2408));
#2393 = ORIENTED_EDGE('',*,*,#2394,.F.);
#2394 = EDGE_CURVE('',#2395,#2371,#2397,.T.);
#2395 = VERTEX_POINT('',#2396);
#2396 = CARTESIAN_POINT('',(-188.,-9.499999999999,49.316590997962));
#2397 = LINE('',#2398,#2399);
#2398 = CARTESIAN_POINT('',(-188.,-9.499999999999,48.816590997962));
#2399 = VECTOR('',#2400,1.);
#2400 = DIRECTION('',(1.110223024625E-16,-1.224646799147E-16,1.));
#2401 = ORIENTED_EDGE('',*,*,#2402,.T.);
#2402 = EDGE_CURVE('',#2395,#1439,#2403,.T.);
#2403 = LINE('',#2404,#2405);
#2404 = CARTESIAN_POINT('',(-188.,-9.499999999999,49.316590997962));
#2405 = VECTOR('',#2406,1.);
#2406 = DIRECTION('',(-1.,3.191891195797E-16,1.110223024625E-16));
#2407 = ORIENTED_EDGE('',*,*,#1447,.T.);
#2408 = ORIENTED_EDGE('',*,*,#2370,.F.);
#2409 = PLANE('',#2410);
#2410 = AXIS2_PLACEMENT_3D('',#2411,#2412,#2413);
#2411 = CARTESIAN_POINT('',(-190.5,-9.499999999999,52.081426933585));
#2412 = DIRECTION('',(3.191891195797E-16,1.,1.224646799147E-16));
#2413 = DIRECTION('',(1.110223024625E-16,-1.224646799147E-16,1.));
#2414 = ADVANCED_FACE('',(#2415),#2434,.T.);
#2415 = FACE_BOUND('',#2416,.F.);
#2416 = EDGE_LOOP('',(#2417,#2426,#2432,#2433));
#2417 = ORIENTED_EDGE('',*,*,#2418,.T.);
#2418 = EDGE_CURVE('',#2395,#2419,#2421,.T.);
#2419 = VERTEX_POINT('',#2420);
#2420 = CARTESIAN_POINT('',(-188.,-8.999999999999,48.816590997962));
#2421 = CIRCLE('',#2422,0.5);
#2422 = AXIS2_PLACEMENT_3D('',#2423,#2424,#2425);
#2423 = CARTESIAN_POINT('',(-188.,-8.999999999999,49.316590997962));
#2424 = DIRECTION('',(1.,-3.191891195797E-16,-1.110223024625E-16));
#2425 = DIRECTION('',(1.110223024625E-16,-1.224646799147E-16,1.));
#2426 = ORIENTED_EDGE('',*,*,#2427,.T.);
#2427 = EDGE_CURVE('',#2419,#1431,#2428,.T.);
#2428 = LINE('',#2429,#2430);
#2429 = CARTESIAN_POINT('',(-188.,-8.999999999999,48.816590997962));
#2430 = VECTOR('',#2431,1.);
#2431 = DIRECTION('',(-1.,3.191891195797E-16,1.110223024625E-16));
#2432 = ORIENTED_EDGE('',*,*,#1438,.F.);
#2433 = ORIENTED_EDGE('',*,*,#2402,.F.);
#2434 = CYLINDRICAL_SURFACE('',#2435,0.5);
#2435 = AXIS2_PLACEMENT_3D('',#2436,#2437,#2438);
#2436 = CARTESIAN_POINT('',(-188.,-8.999999999999,49.316590997962));
#2437 = DIRECTION('',(-1.,3.191891195797E-16,1.110223024625E-16));
#2438 = DIRECTION('',(-3.191891195797E-16,-1.,-1.224646799147E-16));
#2439 = ADVANCED_FACE('',(#2440),#2466,.F.);
#2440 = FACE_BOUND('',#2441,.F.);
#2441 = EDGE_LOOP('',(#2442,#2450,#2459,#2465));
#2442 = ORIENTED_EDGE('',*,*,#2443,.F.);
#2443 = EDGE_CURVE('',#2444,#1414,#2446,.T.);
#2444 = VERTEX_POINT('',#2445);
#2445 = CARTESIAN_POINT('',(-188.,-7.250000000008,48.447654611159));
#2446 = LINE('',#2447,#2448);
#2447 = CARTESIAN_POINT('',(-188.,-7.250000000008,48.447654611159));
#2448 = VECTOR('',#2449,1.);
#2449 = DIRECTION('',(-1.,3.191891195797E-16,1.110223024625E-16));
#2450 = ORIENTED_EDGE('',*,*,#2451,.T.);
#2451 = EDGE_CURVE('',#2444,#2452,#2454,.T.);
#2452 = VERTEX_POINT('',#2453);
#2453 = CARTESIAN_POINT('',(-188.,5.556264552422,41.053954324514));
#2454 = CIRCLE('',#2455,23.974830693133);
#2455 = AXIS2_PLACEMENT_3D('',#2456,#2457,#2458);
#2456 = CARTESIAN_POINT('',(-188.,-12.25,24.999999999996));
#2457 = DIRECTION('',(-1.,0.,0.));
#2458 = DIRECTION('',(0.,-1.,0.));
#2459 = ORIENTED_EDGE('',*,*,#2460,.T.);
#2460 = EDGE_CURVE('',#2452,#1406,#2461,.T.);
#2461 = LINE('',#2462,#2463);
#2462 = CARTESIAN_POINT('',(-188.,5.556264552422,41.053954324514));
#2463 = VECTOR('',#2464,1.);
#2464 = DIRECTION('',(-1.,2.874659068444E-16,-5.494621623693E-17));
#2465 = ORIENTED_EDGE('',*,*,#1413,.F.);
#2466 = CYLINDRICAL_SURFACE('',#2467,23.974830693133);
#2467 = AXIS2_PLACEMENT_3D('',#2468,#2469,#2470);
#2468 = CARTESIAN_POINT('',(-193.,-12.25,24.999999999996));
#2469 = DIRECTION('',(-1.,0.,0.));
#2470 = DIRECTION('',(0.,-1.,0.));
#2471 = ADVANCED_FACE('',(#2472),#2490,.T.);
#2472 = FACE_BOUND('',#2473,.T.);
#2473 = EDGE_LOOP('',(#2474,#2482,#2488,#2489));
#2474 = ORIENTED_EDGE('',*,*,#2475,.F.);
#2475 = EDGE_CURVE('',#2476,#2444,#2478,.T.);
#2476 = VERTEX_POINT('',#2477);
#2477 = CARTESIAN_POINT('',(-188.,-7.250000000016,48.816590997962));
#2478 = LINE('',#2479,#2480);
#2479 = CARTESIAN_POINT('',(-188.,-7.250000000016,48.816590997962));
#2480 = VECTOR('',#2481,1.);
#2481 = DIRECTION('',(-1.110223024625E-16,1.224646799147E-16,-1.));
#2482 = ORIENTED_EDGE('',*,*,#2483,.T.);
#2483 = EDGE_CURVE('',#2476,#1423,#2484,.T.);
#2484 = LINE('',#2485,#2486);
#2485 = CARTESIAN_POINT('',(-188.,-7.250000000016,48.816590997962));
#2486 = VECTOR('',#2487,1.);
#2487 = DIRECTION('',(-1.,3.191891195797E-16,1.110223024625E-16));
#2488 = ORIENTED_EDGE('',*,*,#1422,.F.);
#2489 = ORIENTED_EDGE('',*,*,#2443,.F.);
#2490 = PLANE('',#2491);
#2491 = AXIS2_PLACEMENT_3D('',#2492,#2493,#2494);
#2492 = CARTESIAN_POINT('',(-188.,-7.250000000016,48.816590997962));
#2493 = DIRECTION('',(-3.191891195797E-16,-1.,-1.224646799147E-16));
#2494 = DIRECTION('',(-1.110223024625E-16,1.224646799147E-16,-1.));
#2495 = ADVANCED_FACE('',(#2496),#2514,.T.);
#2496 = FACE_BOUND('',#2497,.T.);
#2497 = EDGE_LOOP('',(#2498,#2506,#2507,#2508));
#2498 = ORIENTED_EDGE('',*,*,#2499,.F.);
#2499 = EDGE_CURVE('',#2452,#2500,#2502,.T.);
#2500 = VERTEX_POINT('',#2501);
#2501 = CARTESIAN_POINT('',(-188.,5.875772835728,41.238422517889));
#2502 = LINE('',#2503,#2504);
#2503 = CARTESIAN_POINT('',(-188.,5.556264552422,41.053954324514));
#2504 = VECTOR('',#2505,1.);
#2505 = DIRECTION('',(2.214796699307E-16,0.866025403784,0.5));
#2506 = ORIENTED_EDGE('',*,*,#2460,.T.);
#2507 = ORIENTED_EDGE('',*,*,#1405,.F.);
#2508 = ORIENTED_EDGE('',*,*,#2509,.F.);
#2509 = EDGE_CURVE('',#2500,#1398,#2510,.T.);
#2510 = LINE('',#2511,#2512);
#2511 = CARTESIAN_POINT('',(-188.,5.875772835728,41.238422517889));
#2512 = VECTOR('',#2513,1.);
#2513 = DIRECTION('',(-1.,2.874659068444E-16,-5.494621623693E-17));
#2514 = PLANE('',#2515);
#2515 = AXIS2_PLACEMENT_3D('',#2516,#2517,#2518);
#2516 = CARTESIAN_POINT('',(-188.,5.556264552422,41.053954324514));
#2517 = DIRECTION('',(1.913177725252E-16,0.5,-0.866025403784));
#2518 = DIRECTION('',(2.214796699307E-16,0.866025403784,0.5));
#2519 = ADVANCED_FACE('',(#2520),#2531,.F.);
#2520 = FACE_BOUND('',#2521,.F.);
#2521 = EDGE_LOOP('',(#2522,#2528,#2529,#2530));
#2522 = ORIENTED_EDGE('',*,*,#2523,.F.);
#2523 = EDGE_CURVE('',#2476,#2419,#2524,.T.);
#2524 = LINE('',#2525,#2526);
#2525 = CARTESIAN_POINT('',(-188.,-7.250000000016,48.816590997962));
#2526 = VECTOR('',#2527,1.);
#2527 = DIRECTION('',(-3.191891195797E-16,-1.,-1.224646799147E-16));
#2528 = ORIENTED_EDGE('',*,*,#2483,.T.);
#2529 = ORIENTED_EDGE('',*,*,#1430,.F.);
#2530 = ORIENTED_EDGE('',*,*,#2427,.F.);
#2531 = PLANE('',#2532);
#2532 = AXIS2_PLACEMENT_3D('',#2533,#2534,#2535);
#2533 = CARTESIAN_POINT('',(-188.,-7.250000000016,48.816590997962));
#2534 = DIRECTION('',(1.110223024625E-16,-1.224646799147E-16,1.));
#2535 = DIRECTION('',(-3.191891195797E-16,-1.,-1.224646799147E-16));
#2536 = ADVANCED_FACE('',(#2537),#2555,.F.);
#2537 = FACE_BOUND('',#2538,.F.);
#2538 = EDGE_LOOP('',(#2539,#2547,#2553,#2554));
#2539 = ORIENTED_EDGE('',*,*,#2540,.F.);
#2540 = EDGE_CURVE('',#2541,#2500,#2543,.T.);
#2541 = VERTEX_POINT('',#2542);
#2542 = CARTESIAN_POINT('',(-188.,6.750772835691,39.722878061331));
#2543 = LINE('',#2544,#2545);
#2544 = CARTESIAN_POINT('',(-188.,7.00077283574,39.289865359397));
#2545 = VECTOR('',#2546,1.);
#2546 = DIRECTION('',(-1.913177725252E-16,-0.5,0.866025403784));
#2547 = ORIENTED_EDGE('',*,*,#2548,.T.);
#2548 = EDGE_CURVE('',#2541,#1389,#2549,.T.);
#2549 = LINE('',#2550,#2551);
#2550 = CARTESIAN_POINT('',(-188.,6.750772835691,39.722878061331));
#2551 = VECTOR('',#2552,1.);
#2552 = DIRECTION('',(-1.,2.874659068444E-16,-5.494621623693E-17));
#2553 = ORIENTED_EDGE('',*,*,#1397,.F.);
#2554 = ORIENTED_EDGE('',*,*,#2509,.F.);
#2555 = PLANE('',#2556);
#2556 = AXIS2_PLACEMENT_3D('',#2557,#2558,#2559);
#2557 = CARTESIAN_POINT('',(-188.,7.00077283548,39.289865359803));
#2558 = DIRECTION('',(2.214796699307E-16,0.866025403784,0.5));
#2559 = DIRECTION('',(-1.913177725252E-16,-0.5,0.866025403784));
#2560 = ADVANCED_FACE('',(#2561),#2588,.F.);
#2561 = FACE_BOUND('',#2562,.F.);
#2562 = EDGE_LOOP('',(#2563,#2572,#2573,#2582));
#2563 = ORIENTED_EDGE('',*,*,#2564,.T.);
#2564 = EDGE_CURVE('',#2565,#2289,#2567,.T.);
#2565 = VERTEX_POINT('',#2566);
#2566 = CARTESIAN_POINT('',(-188.,8.831381574869,46.120270499607));
#2567 = CIRCLE('',#2568,0.5);
#2568 = AXIS2_PLACEMENT_3D('',#2569,#2570,#2571);
#2569 = CARTESIAN_POINT('',(-188.,8.581381574869,46.553283201499));
#2570 = DIRECTION('',(-1.,2.874659068444E-16,-5.494621623693E-17));
#2571 = DIRECTION('',(2.214796699307E-16,0.866025403784,0.5));
#2572 = ORIENTED_EDGE('',*,*,#2297,.T.);
#2573 = ORIENTED_EDGE('',*,*,#2574,.F.);
#2574 = EDGE_CURVE('',#2575,#2255,#2577,.T.);
#2575 = VERTEX_POINT('',#2576);
#2576 = CARTESIAN_POINT('',(-196.,8.831381574869,46.120270499607));
#2577 = CIRCLE('',#2578,0.5);
#2578 = AXIS2_PLACEMENT_3D('',#2579,#2580,#2581);
#2579 = CARTESIAN_POINT('',(-196.,8.581381574869,46.553283201499));
#2580 = DIRECTION('',(-1.,2.874659068444E-16,-5.494621623693E-17));
#2581 = DIRECTION('',(2.214796699307E-16,0.866025403784,0.5));
#2582 = ORIENTED_EDGE('',*,*,#2583,.F.);
#2583 = EDGE_CURVE('',#2565,#2575,#2584,.T.);
#2584 = LINE('',#2585,#2586);
#2585 = CARTESIAN_POINT('',(-188.,8.831381574869,46.120270499607));
#2586 = VECTOR('',#2587,1.);
#2587 = DIRECTION('',(-1.,2.874659068444E-16,-5.494621623693E-17));
#2588 = CYLINDRICAL_SURFACE('',#2589,0.5);
#2589 = AXIS2_PLACEMENT_3D('',#2590,#2591,#2592);
#2590 = CARTESIAN_POINT('',(-188.,8.581381574869,46.553283201499));
#2591 = DIRECTION('',(-1.,2.874659068444E-16,-5.494621623693E-17));
#2592 = DIRECTION('',(1.913177725252E-16,0.5,-0.866025403784));
#2593 = ADVANCED_FACE('',(#2594),#2613,.T.);
#2594 = FACE_BOUND('',#2595,.F.);
#2595 = EDGE_LOOP('',(#2596,#2605,#2611,#2612));
#2596 = ORIENTED_EDGE('',*,*,#2597,.T.);
#2597 = EDGE_CURVE('',#2541,#2598,#2600,.T.);
#2598 = VERTEX_POINT('',#2599);
#2599 = CARTESIAN_POINT('',(-188.,7.433785537581,39.539865359438));
#2600 = CIRCLE('',#2601,0.5);
#2601 = AXIS2_PLACEMENT_3D('',#2602,#2603,#2604);
#2602 = CARTESIAN_POINT('',(-188.,7.183785537583,39.972878061331));
#2603 = DIRECTION('',(1.,-2.874659068444E-16,5.494621623693E-17));
#2604 = DIRECTION('',(2.214796699307E-16,0.866025403784,0.5));
#2605 = ORIENTED_EDGE('',*,*,#2606,.T.);
#2606 = EDGE_CURVE('',#2598,#1381,#2607,.T.);
#2607 = LINE('',#2608,#2609);
#2608 = CARTESIAN_POINT('',(-188.,7.433785537581,39.539865359438));
#2609 = VECTOR('',#2610,1.);
#2610 = DIRECTION('',(-1.,2.874659068444E-16,-5.494621623693E-17));
#2611 = ORIENTED_EDGE('',*,*,#1388,.F.);
#2612 = ORIENTED_EDGE('',*,*,#2548,.F.);
#2613 = CYLINDRICAL_SURFACE('',#2614,0.5);
#2614 = AXIS2_PLACEMENT_3D('',#2615,#2616,#2617);
#2615 = CARTESIAN_POINT('',(-188.,7.183785537583,39.972878061331));
#2616 = DIRECTION('',(-1.,2.874659068444E-16,-5.494621623693E-17));
#2617 = DIRECTION('',(-2.214796699307E-16,-0.866025403784,-0.5));
#2618 = ADVANCED_FACE('',(#2619),#2644,.T.);
#2619 = FACE_BOUND('',#2620,.T.);
#2620 = EDGE_LOOP('',(#2621,#2629,#2637,#2643));
#2621 = ORIENTED_EDGE('',*,*,#2622,.F.);
#2622 = EDGE_CURVE('',#2623,#2565,#2625,.T.);
#2623 = VERTEX_POINT('',#2624);
#2624 = CARTESIAN_POINT('',(-188.,21.846977505712,53.634828313942));
#2625 = LINE('',#2626,#2627);
#2626 = CARTESIAN_POINT('',(-188.,22.279990207604,53.884828313942));
#2627 = VECTOR('',#2628,1.);
#2628 = DIRECTION('',(-2.214796699307E-16,-0.866025403784,-0.5));
#2629 = ORIENTED_EDGE('',*,*,#2630,.T.);
#2630 = EDGE_CURVE('',#2623,#2631,#2633,.T.);
#2631 = VERTEX_POINT('',#2632);
#2632 = CARTESIAN_POINT('',(-196.,21.846977505712,53.634828313942));
#2633 = LINE('',#2634,#2635);
#2634 = CARTESIAN_POINT('',(-188.,21.846977505712,53.634828313942));
#2635 = VECTOR('',#2636,1.);
#2636 = DIRECTION('',(-1.,2.874659068444E-16,-5.494621623693E-17));
#2637 = ORIENTED_EDGE('',*,*,#2638,.T.);
#2638 = EDGE_CURVE('',#2631,#2575,#2639,.T.);
#2639 = LINE('',#2640,#2641);
#2640 = CARTESIAN_POINT('',(-196.,3.077495103795,42.798262596646));
#2641 = VECTOR('',#2642,1.);
#2642 = DIRECTION('',(-2.214796699307E-16,-0.866025403784,-0.5));
#2643 = ORIENTED_EDGE('',*,*,#2583,.F.);
#2644 = PLANE('',#2645);
#2645 = AXIS2_PLACEMENT_3D('',#2646,#2647,#2648);
#2646 = CARTESIAN_POINT('',(-188.,22.279990207604,53.884828313942));
#2647 = DIRECTION('',(-1.913177725252E-16,-0.5,0.866025403784));
#2648 = DIRECTION('',(-2.214796699307E-16,-0.866025403784,-0.5));
#2649 = ADVANCED_FACE('',(#2650),#2686,.T.);
#2650 = FACE_BOUND('',#2651,.T.);
#2651 = EDGE_LOOP('',(#2652,#2663,#2671,#2680));
#2652 = ORIENTED_EDGE('',*,*,#2653,.T.);
#2653 = EDGE_CURVE('',#2654,#2656,#2658,.T.);
#2654 = VERTEX_POINT('',#2655);
#2655 = CARTESIAN_POINT('',(-188.,24.529990207602,49.987713996916));
#2656 = VERTEX_POINT('',#2657);
#2657 = CARTESIAN_POINT('',(-188.,24.346977505709,49.304701295023));
#2658 = CIRCLE('',#2659,0.5);
#2659 = AXIS2_PLACEMENT_3D('',#2660,#2661,#2662);
#2660 = CARTESIAN_POINT('',(-188.,24.09697750571,49.737713996916));
#2661 = DIRECTION('',(-1.,2.874659068444E-16,-5.494621623693E-17));
#2662 = DIRECTION('',(2.214796699307E-16,0.866025403784,0.5));
#2663 = ORIENTED_EDGE('',*,*,#2664,.T.);
#2664 = EDGE_CURVE('',#2656,#2665,#2667,.T.);
#2665 = VERTEX_POINT('',#2666);
#2666 = CARTESIAN_POINT('',(-196.,24.346977505709,49.304701295023));
#2667 = LINE('',#2668,#2669);
#2668 = CARTESIAN_POINT('',(-188.,24.346977505709,49.304701295023));
#2669 = VECTOR('',#2670,1.);
#2670 = DIRECTION('',(-1.,2.874659068444E-16,-5.494621623693E-17));
#2671 = ORIENTED_EDGE('',*,*,#2672,.F.);
#2672 = EDGE_CURVE('',#2673,#2665,#2675,.T.);
#2673 = VERTEX_POINT('',#2674);
#2674 = CARTESIAN_POINT('',(-196.,24.529990207602,49.987713996916));
#2675 = CIRCLE('',#2676,0.5);
#2676 = AXIS2_PLACEMENT_3D('',#2677,#2678,#2679);
#2677 = CARTESIAN_POINT('',(-196.,24.09697750571,49.737713996916));
#2678 = DIRECTION('',(-1.,2.874659068444E-16,-5.494621623693E-17));
#2679 = DIRECTION('',(2.214796699307E-16,0.866025403784,0.5));
#2680 = ORIENTED_EDGE('',*,*,#2681,.F.);
#2681 = EDGE_CURVE('',#2654,#2673,#2682,.T.);
#2682 = LINE('',#2683,#2684);
#2683 = CARTESIAN_POINT('',(-188.,24.529990207602,49.987713996916));
#2684 = VECTOR('',#2685,1.);
#2685 = DIRECTION('',(-1.,2.874659068444E-16,-5.494621623693E-17));
#2686 = CYLINDRICAL_SURFACE('',#2687,0.5);
#2687 = AXIS2_PLACEMENT_3D('',#2688,#2689,#2690);
#2688 = CARTESIAN_POINT('',(-188.,24.09697750571,49.737713996916));
#2689 = DIRECTION('',(-1.,2.874659068444E-16,-5.494621623693E-17));
#2690 = DIRECTION('',(2.214796699307E-16,0.866025403784,0.5));
#2691 = ADVANCED_FACE('',(#2692),#2717,.T.);
#2692 = FACE_BOUND('',#2693,.T.);
#2693 = EDGE_LOOP('',(#2694,#2702,#2703,#2711));
#2694 = ORIENTED_EDGE('',*,*,#2695,.F.);
#2695 = EDGE_CURVE('',#2654,#2696,#2698,.T.);
#2696 = VERTEX_POINT('',#2697);
#2697 = CARTESIAN_POINT('',(-188.,22.529990207604,53.45181561205));
#2698 = LINE('',#2699,#2700);
#2699 = CARTESIAN_POINT('',(-188.,24.779990207601,49.554701295026));
#2700 = VECTOR('',#2701,1.);
#2701 = DIRECTION('',(-1.913177725252E-16,-0.5,0.866025403784));
#2702 = ORIENTED_EDGE('',*,*,#2681,.T.);
#2703 = ORIENTED_EDGE('',*,*,#2704,.T.);
#2704 = EDGE_CURVE('',#2673,#2705,#2707,.T.);
#2705 = VERTEX_POINT('',#2706);
#2706 = CARTESIAN_POINT('',(-196.,22.529990207604,53.45181561205));
#2707 = LINE('',#2708,#2709);
#2708 = CARTESIAN_POINT('',(-196.,25.467490207609,48.363916364808));
#2709 = VECTOR('',#2710,1.);
#2710 = DIRECTION('',(-1.913177725252E-16,-0.5,0.866025403784));
#2711 = ORIENTED_EDGE('',*,*,#2712,.F.);
#2712 = EDGE_CURVE('',#2696,#2705,#2713,.T.);
#2713 = LINE('',#2714,#2715);
#2714 = CARTESIAN_POINT('',(-188.,22.529990207604,53.45181561205));
#2715 = VECTOR('',#2716,1.);
#2716 = DIRECTION('',(-1.,2.874659068444E-16,-5.494621623693E-17));
#2717 = PLANE('',#2718);
#2718 = AXIS2_PLACEMENT_3D('',#2719,#2720,#2721);
#2719 = CARTESIAN_POINT('',(-188.,24.779990207601,49.554701295026));
#2720 = DIRECTION('',(2.214796699307E-16,0.866025403784,0.5));
#2721 = DIRECTION('',(-1.913177725252E-16,-0.5,0.866025403784));
#2722 = ADVANCED_FACE('',(#2723),#2741,.T.);
#2723 = FACE_BOUND('',#2724,.T.);
#2724 = EDGE_LOOP('',(#2725,#2732,#2733,#2740));
#2725 = ORIENTED_EDGE('',*,*,#2726,.T.);
#2726 = EDGE_CURVE('',#2623,#2696,#2727,.T.);
#2727 = CIRCLE('',#2728,0.5);
#2728 = AXIS2_PLACEMENT_3D('',#2729,#2730,#2731);
#2729 = CARTESIAN_POINT('',(-188.,22.096977505712,53.20181561205));
#2730 = DIRECTION('',(-1.,2.874659068444E-16,-5.494621623693E-17));
#2731 = DIRECTION('',(2.214796699307E-16,0.866025403784,0.5));
#2732 = ORIENTED_EDGE('',*,*,#2712,.T.);
#2733 = ORIENTED_EDGE('',*,*,#2734,.F.);
#2734 = EDGE_CURVE('',#2631,#2705,#2735,.T.);
#2735 = CIRCLE('',#2736,0.5);
#2736 = AXIS2_PLACEMENT_3D('',#2737,#2738,#2739);
#2737 = CARTESIAN_POINT('',(-196.,22.096977505712,53.20181561205));
#2738 = DIRECTION('',(-1.,2.874659068444E-16,-5.494621623693E-17));
#2739 = DIRECTION('',(2.214796699307E-16,0.866025403784,0.5));
#2740 = ORIENTED_EDGE('',*,*,#2630,.F.);
#2741 = CYLINDRICAL_SURFACE('',#2742,0.5);
#2742 = AXIS2_PLACEMENT_3D('',#2743,#2744,#2745);
#2743 = CARTESIAN_POINT('',(-188.,22.096977505712,53.20181561205));
#2744 = DIRECTION('',(-1.,2.874659068444E-16,-5.494621623693E-17));
#2745 = DIRECTION('',(-1.913177725252E-16,-0.5,0.866025403784));
#2746 = ADVANCED_FACE('',(#2747),#2770,.T.);
#2747 = FACE_BOUND('',#2748,.T.);
#2748 = EDGE_LOOP('',(#2749,#2750,#2751,#2752,#2753,#2754,#2755,#2756,
    #2757,#2763,#2764,#2765,#2766,#2767,#2768,#2769));
#2749 = ORIENTED_EDGE('',*,*,#2394,.F.);
#2750 = ORIENTED_EDGE('',*,*,#2418,.T.);
#2751 = ORIENTED_EDGE('',*,*,#2523,.F.);
#2752 = ORIENTED_EDGE('',*,*,#2475,.T.);
#2753 = ORIENTED_EDGE('',*,*,#2451,.T.);
#2754 = ORIENTED_EDGE('',*,*,#2499,.T.);
#2755 = ORIENTED_EDGE('',*,*,#2540,.F.);
#2756 = ORIENTED_EDGE('',*,*,#2597,.T.);
#2757 = ORIENTED_EDGE('',*,*,#2758,.T.);
#2758 = EDGE_CURVE('',#2598,#2656,#2759,.T.);
#2759 = LINE('',#2760,#2761);
#2760 = CARTESIAN_POINT('',(-188.,7.000772835738,39.289865359401));
#2761 = VECTOR('',#2762,1.);
#2762 = DIRECTION('',(2.214796699307E-16,0.866025403784,0.5));
#2763 = ORIENTED_EDGE('',*,*,#2653,.F.);
#2764 = ORIENTED_EDGE('',*,*,#2695,.T.);
#2765 = ORIENTED_EDGE('',*,*,#2726,.F.);
#2766 = ORIENTED_EDGE('',*,*,#2622,.T.);
#2767 = ORIENTED_EDGE('',*,*,#2564,.T.);
#2768 = ORIENTED_EDGE('',*,*,#2288,.F.);
#2769 = ORIENTED_EDGE('',*,*,#2378,.F.);
#2770 = PLANE('',#2771);
#2771 = AXIS2_PLACEMENT_3D('',#2772,#2773,#2774);
#2772 = CARTESIAN_POINT('',(-188.,7.13072743686,47.982971971351));
#2773 = DIRECTION('',(1.,0.,0.));
#2774 = DIRECTION('',(0.,0.,1.));
#2775 = ADVANCED_FACE('',(#2776),#2829,.T.);
#2776 = FACE_BOUND('',#2777,.T.);
#2777 = EDGE_LOOP('',(#2778,#2789,#2797,#2806,#2814,#2823));
#2778 = ORIENTED_EDGE('',*,*,#2779,.F.);
#2779 = EDGE_CURVE('',#2780,#2782,#2784,.T.);
#2780 = VERTEX_POINT('',#2781);
#2781 = CARTESIAN_POINT('',(-196.,-39.03960915088,37.291561574163));
#2782 = VERTEX_POINT('',#2783);
#2783 = CARTESIAN_POINT('',(-196.,-20.36238454383,53.336458166142));
#2784 = CIRCLE('',#2785,29.474830693133);
#2785 = AXIS2_PLACEMENT_3D('',#2786,#2787,#2788);
#2786 = CARTESIAN_POINT('',(-196.,-12.25,24.999999999996));
#2787 = DIRECTION('',(-1.,0.,0.));
#2788 = DIRECTION('',(0.,-1.,0.));
#2789 = ORIENTED_EDGE('',*,*,#2790,.F.);
#2790 = EDGE_CURVE('',#2791,#2780,#2793,.T.);
#2791 = VERTEX_POINT('',#2792);
#2792 = CARTESIAN_POINT('',(-193.5,-39.03960915088,37.291561574164));
#2793 = LINE('',#2794,#2795);
#2794 = CARTESIAN_POINT('',(-193.,-39.03960915088,37.291561574164));
#2795 = VECTOR('',#2796,1.);
#2796 = DIRECTION('',(-1.,0.,0.));
#2797 = ORIENTED_EDGE('',*,*,#2798,.T.);
#2798 = EDGE_CURVE('',#2791,#2799,#2801,.T.);
#2799 = VERTEX_POINT('',#2800);
#2800 = CARTESIAN_POINT('',(-193.5,-35.96182770735,42.507566111978));
#2801 = CIRCLE('',#2802,29.474830693133);
#2802 = AXIS2_PLACEMENT_3D('',#2803,#2804,#2805);
#2803 = CARTESIAN_POINT('',(-193.5,-12.25,24.999999999996));
#2804 = DIRECTION('',(-1.,-6.29245943295E-17,3.682665688737E-16));
#2805 = DIRECTION('',(2.107661468783E-16,-0.908897812842,0.417018903421)
  );
#2806 = ORIENTED_EDGE('',*,*,#2807,.F.);
#2807 = EDGE_CURVE('',#2808,#2799,#2810,.T.);
#2808 = VERTEX_POINT('',#2809);
#2809 = CARTESIAN_POINT('',(-188.,-35.96182770735,42.507566111978));
#2810 = LINE('',#2811,#2812);
#2811 = CARTESIAN_POINT('',(-188.,-35.96182770735,42.507566111978));
#2812 = VECTOR('',#2813,1.);
#2813 = DIRECTION('',(-1.,1.913177725252E-16,2.214796699307E-16));
#2814 = ORIENTED_EDGE('',*,*,#2815,.T.);
#2815 = EDGE_CURVE('',#2808,#2816,#2818,.T.);
#2816 = VERTEX_POINT('',#2817);
#2817 = CARTESIAN_POINT('',(-188.,-20.36238454383,53.336458166142));
#2818 = CIRCLE('',#2819,29.474830693133);
#2819 = AXIS2_PLACEMENT_3D('',#2820,#2821,#2822);
#2820 = CARTESIAN_POINT('',(-188.,-12.25,24.999999999996));
#2821 = DIRECTION('',(-1.,0.,0.));
#2822 = DIRECTION('',(0.,-1.,0.));
#2823 = ORIENTED_EDGE('',*,*,#2824,.T.);
#2824 = EDGE_CURVE('',#2816,#2782,#2825,.T.);
#2825 = LINE('',#2826,#2827);
#2826 = CARTESIAN_POINT('',(-188.,-20.36238454383,53.336458166142));
#2827 = VECTOR('',#2828,1.);
#2828 = DIRECTION('',(-1.,3.191891195797E-16,1.110223024625E-16));
#2829 = CYLINDRICAL_SURFACE('',#2830,29.474830693133);
#2830 = AXIS2_PLACEMENT_3D('',#2831,#2832,#2833);
#2831 = CARTESIAN_POINT('',(-193.,-12.25,24.999999999996));
#2832 = DIRECTION('',(-1.,0.,0.));
#2833 = DIRECTION('',(0.,-1.,0.));
#2834 = ADVANCED_FACE('',(#2835),#2886,.T.);
#2835 = FACE_BOUND('',#2836,.T.);
#2836 = EDGE_LOOP('',(#2837,#2858,#2859,#2860,#2885));
#2837 = ORIENTED_EDGE('',*,*,#2838,.F.);
#2838 = EDGE_CURVE('',#1576,#2791,#2839,.T.);
#2839 = B_SPLINE_CURVE_WITH_KNOTS('',5,(#2840,#2841,#2842,#2843,#2844,
    #2845,#2846,#2847,#2848,#2849,#2850,#2851,#2852,#2853,#2854,#2855,
    #2856,#2857),.UNSPECIFIED.,.F.,.F.,(6,4,4,4,6),(0.,0.245346320313,
    0.490634327535,0.744847590948,1.),.UNSPECIFIED.);
#2840 = CARTESIAN_POINT('',(-193.,-38.60466643638,37.040447280824));
#2841 = CARTESIAN_POINT('',(-193.,-38.63814439077,37.059775786801));
#2842 = CARTESIAN_POINT('',(-193.0037022698,-38.67162238226,
    37.0791043142));
#2843 = CARTESIAN_POINT('',(-193.0111069772,-38.70468673436,
    37.098194026782));
#2844 = CARTESIAN_POINT('',(-193.0221227724,-38.7369267735,
    37.116807822062));
#2845 = CARTESIAN_POINT('',(-193.0510171978,-38.79898288142,
    37.152635932671));
#2846 = CARTESIAN_POINT('',(-193.0688945804,-38.82880035216,
    37.169851057434));
#2847 = CARTESIAN_POINT('',(-193.0900262507,-38.85702711755,
    37.186147788028));
#2848 = CARTESIAN_POINT('',(-193.1141506567,-38.88331168786,
    37.201323191775));
#2849 = CARTESIAN_POINT('',(-193.1686977109,-38.93227449213,
    37.229591879998));
#2850 = CARTESIAN_POINT('',(-193.1993184299,-38.95478745468,
    37.242589744985));
#2851 = CARTESIAN_POINT('',(-193.2324307226,-38.97456205151,
    37.254006613793));
#2852 = CARTESIAN_POINT('',(-193.2675920712,-38.99133247693,
    37.263689023419));
#2853 = CARTESIAN_POINT('',(-193.3411699222,-39.0185517021,
    37.279404050398));
#2854 = CARTESIAN_POINT('',(-193.3795991896,-39.02897737096,
    37.285423313126));
#2855 = CARTESIAN_POINT('',(-193.4191063257,-39.03600994413,
    37.289483571138));
#2856 = CARTESIAN_POINT('',(-193.4591576455,-39.03955388415,
    37.29152966586));
#2857 = CARTESIAN_POINT('',(-193.4992146026,-39.03960861435,
    37.291561264357));
#2858 = ORIENTED_EDGE('',*,*,#1575,.T.);
#2859 = ORIENTED_EDGE('',*,*,#1566,.T.);
#2860 = ORIENTED_EDGE('',*,*,#2861,.F.);
#2861 = EDGE_CURVE('',#2799,#1558,#2862,.T.);
#2862 = B_SPLINE_CURVE_WITH_KNOTS('',5,(#2863,#2864,#2865,#2866,#2867,
    #2868,#2869,#2870,#2871,#2872,#2873,#2874,#2875,#2876,#2877,#2878,
    #2879,#2880,#2881,#2882,#2883,#2884),.UNSPECIFIED.,.F.,.F.,(6,4,4,4,
    4,6),(0.,3.152072785858E-02,0.277014079237,0.544399901114,
    0.774327221931,1.),.UNSPECIFIED.);
#2863 = CARTESIAN_POINT('',(-193.5,-35.96182774255,42.507566064307));
#2864 = CARTESIAN_POINT('',(-193.4952878735,-35.96465064568,
    42.503742791558));
#2865 = CARTESIAN_POINT('',(-193.4905758229,-35.96742817581,
    42.499885906059));
#2866 = CARTESIAN_POINT('',(-193.4858644758,-35.97015983497,
    42.495996082188));
#2867 = CARTESIAN_POINT('',(-193.4811545229,-35.97284517403,
    42.49207393931));
#2868 = CARTESIAN_POINT('',(-193.4397808446,-35.99603418489,
    42.457325843098));
#2869 = CARTESIAN_POINT('',(-193.4032455854,-36.0137493968,
    42.424607151504));
#2870 = CARTESIAN_POINT('',(-193.3671739279,-36.02842903397,
    42.390246669094));
#2871 = CARTESIAN_POINT('',(-193.3319115003,-36.0398824739,
    42.354549877778));
#2872 = CARTESIAN_POINT('',(-193.2607053501,-36.05672015757,
    42.277910909483));
#2873 = CARTESIAN_POINT('',(-193.2249843314,-36.06147131035,
    42.23678806439));
#2874 = CARTESIAN_POINT('',(-193.1911395094,-36.06198169209,
    42.194946722864));
#2875 = CARTESIAN_POINT('',(-193.1597089213,-36.05806115762,
    42.15292825009));
#2876 = CARTESIAN_POINT('',(-193.1067657015,-36.04241686154,
    42.075642924115));
#2877 = CARTESIAN_POINT('',(-193.0844811133,-36.03186357281,
    42.040255885584));
#2878 = CARTESIAN_POINT('',(-193.0647403492,-36.01795390694,
    42.005624383876));
#2879 = CARTESIAN_POINT('',(-193.0479035988,-36.00073168267,
    41.972223115119));
#2880 = CARTESIAN_POINT('',(-193.020848146,-35.96043201619,
    41.909424793771));
#2881 = CARTESIAN_POINT('',(-193.0105111093,-35.93746690992,
    41.879961668615));
#2882 = CARTESIAN_POINT('',(-193.00350524,-35.91168618449,
    41.852599579588));
#2883 = CARTESIAN_POINT('',(-193.,-35.88341480481,41.827769970823));
#2884 = CARTESIAN_POINT('',(-193.,-35.85309929384,41.805788211819));
#2885 = ORIENTED_EDGE('',*,*,#2798,.F.);
#2886 = TOROIDAL_SURFACE('',#2887,28.974830693133,0.5);
#2887 = AXIS2_PLACEMENT_3D('',#2888,#2889,#2890);
#2888 = CARTESIAN_POINT('',(-193.5,-12.25,24.999999999996));
#2889 = DIRECTION('',(-1.,-6.292459432949E-17,3.682665688737E-16));
#2890 = DIRECTION('',(2.107661468783E-16,-0.908897812842,0.417018903421)
  );
#2891 = ADVANCED_FACE('',(#2892),#2912,.T.);
#2892 = FACE_BOUND('',#2893,.T.);
#2893 = EDGE_LOOP('',(#2894,#2895,#2896,#2904,#2911));
#2894 = ORIENTED_EDGE('',*,*,#2861,.T.);
#2895 = ORIENTED_EDGE('',*,*,#1557,.T.);
#2896 = ORIENTED_EDGE('',*,*,#2897,.F.);
#2897 = EDGE_CURVE('',#2898,#1550,#2900,.T.);
#2898 = VERTEX_POINT('',#2899);
#2899 = CARTESIAN_POINT('',(-188.,-35.8095891338,41.777561608941));
#2900 = LINE('',#2901,#2902);
#2901 = CARTESIAN_POINT('',(-188.,-35.8095891338,41.777561608941));
#2902 = VECTOR('',#2903,1.);
#2903 = DIRECTION('',(-1.,1.913177725252E-16,2.214796699307E-16));
#2904 = ORIENTED_EDGE('',*,*,#2905,.T.);
#2905 = EDGE_CURVE('',#2898,#2808,#2906,.T.);
#2906 = CIRCLE('',#2907,0.5);
#2907 = AXIS2_PLACEMENT_3D('',#2908,#2909,#2910);
#2908 = CARTESIAN_POINT('',(-188.,-35.5595891338,42.210574310833));
#2909 = DIRECTION('',(-1.,1.913177725252E-16,2.214796699307E-16));
#2910 = DIRECTION('',(-5.494621623693E-17,-0.866025403784,0.5));
#2911 = ORIENTED_EDGE('',*,*,#2807,.T.);
#2912 = CYLINDRICAL_SURFACE('',#2913,0.5);
#2913 = AXIS2_PLACEMENT_3D('',#2914,#2915,#2916);
#2914 = CARTESIAN_POINT('',(-188.,-35.5595891338,42.210574310833));
#2915 = DIRECTION('',(-1.,1.913177725252E-16,2.214796699307E-16));
#2916 = DIRECTION('',(-2.874659068444E-16,-0.5,-0.866025403784));
#2917 = ADVANCED_FACE('',(#2918),#2936,.F.);
#2918 = FACE_BOUND('',#2919,.F.);
#2919 = EDGE_LOOP('',(#2920,#2928,#2934,#2935));
#2920 = ORIENTED_EDGE('',*,*,#2921,.F.);
#2921 = EDGE_CURVE('',#2922,#2898,#2924,.T.);
#2922 = VERTEX_POINT('',#2923);
#2923 = CARTESIAN_POINT('',(-188.,-31.93378553767,39.539865359387));
#2924 = LINE('',#2925,#2926);
#2925 = CARTESIAN_POINT('',(-188.,-31.50077283578,39.289865359387));
#2926 = VECTOR('',#2927,1.);
#2927 = DIRECTION('',(-5.494621623693E-17,-0.866025403784,0.5));
#2928 = ORIENTED_EDGE('',*,*,#2929,.T.);
#2929 = EDGE_CURVE('',#2922,#1541,#2930,.T.);
#2930 = LINE('',#2931,#2932);
#2931 = CARTESIAN_POINT('',(-188.,-31.93378553767,39.539865359387));
#2932 = VECTOR('',#2933,1.);
#2933 = DIRECTION('',(-1.,1.913177725252E-16,2.214796699307E-16));
#2934 = ORIENTED_EDGE('',*,*,#1549,.T.);
#2935 = ORIENTED_EDGE('',*,*,#2897,.F.);
#2936 = PLANE('',#2937);
#2937 = AXIS2_PLACEMENT_3D('',#2938,#2939,#2940);
#2938 = CARTESIAN_POINT('',(-190.5,-34.32820369522,40.922283327198));
#2939 = DIRECTION('',(2.874659068444E-16,0.5,0.866025403784));
#2940 = DIRECTION('',(-5.494621623693E-17,-0.866025403784,0.5));
#2941 = ADVANCED_FACE('',(#2942),#2961,.T.);
#2942 = FACE_BOUND('',#2943,.F.);
#2943 = EDGE_LOOP('',(#2944,#2953,#2959,#2960));
#2944 = ORIENTED_EDGE('',*,*,#2945,.T.);
#2945 = EDGE_CURVE('',#2922,#2946,#2948,.T.);
#2946 = VERTEX_POINT('',#2947);
#2947 = CARTESIAN_POINT('',(-188.,-31.25077283578,39.722878061279));
#2948 = CIRCLE('',#2949,0.5);
#2949 = AXIS2_PLACEMENT_3D('',#2950,#2951,#2952);
#2950 = CARTESIAN_POINT('',(-188.,-31.68378553767,39.972878061279));
#2951 = DIRECTION('',(1.,-1.913177725252E-16,-2.214796699307E-16));
#2952 = DIRECTION('',(-5.494621623693E-17,-0.866025403784,0.5));
#2953 = ORIENTED_EDGE('',*,*,#2954,.T.);
#2954 = EDGE_CURVE('',#2946,#1533,#2955,.T.);
#2955 = LINE('',#2956,#2957);
#2956 = CARTESIAN_POINT('',(-188.,-31.25077283578,39.722878061279));
#2957 = VECTOR('',#2958,1.);
#2958 = DIRECTION('',(-1.,1.913177725252E-16,2.214796699307E-16));
#2959 = ORIENTED_EDGE('',*,*,#1540,.F.);
#2960 = ORIENTED_EDGE('',*,*,#2929,.F.);
#2961 = CYLINDRICAL_SURFACE('',#2962,0.5);
#2962 = AXIS2_PLACEMENT_3D('',#2963,#2964,#2965);
#2963 = CARTESIAN_POINT('',(-188.,-31.68378553767,39.972878061279));
#2964 = DIRECTION('',(-1.,1.913177725252E-16,2.214796699307E-16));
#2965 = DIRECTION('',(-2.874659068444E-16,-0.5,-0.866025403784));
#2966 = ADVANCED_FACE('',(#2967),#2993,.F.);
#2967 = FACE_BOUND('',#2968,.F.);
#2968 = EDGE_LOOP('',(#2969,#2977,#2986,#2992));
#2969 = ORIENTED_EDGE('',*,*,#2970,.F.);
#2970 = EDGE_CURVE('',#2971,#1516,#2973,.T.);
#2971 = VERTEX_POINT('',#2972);
#2972 = CARTESIAN_POINT('',(-188.,-30.05626455243,41.053954324493));
#2973 = LINE('',#2974,#2975);
#2974 = CARTESIAN_POINT('',(-188.,-30.05626455243,41.053954324493));
#2975 = VECTOR('',#2976,1.);
#2976 = DIRECTION('',(-1.,1.913177725252E-16,2.214796699307E-16));
#2977 = ORIENTED_EDGE('',*,*,#2978,.T.);
#2978 = EDGE_CURVE('',#2971,#2979,#2981,.T.);
#2979 = VERTEX_POINT('',#2980);
#2980 = CARTESIAN_POINT('',(-188.,-17.25000000001,48.447654611159));
#2981 = CIRCLE('',#2982,23.974830693133);
#2982 = AXIS2_PLACEMENT_3D('',#2983,#2984,#2985);
#2983 = CARTESIAN_POINT('',(-188.,-12.25,24.999999999996));
#2984 = DIRECTION('',(-1.,0.,0.));
#2985 = DIRECTION('',(0.,-1.,0.));
#2986 = ORIENTED_EDGE('',*,*,#2987,.T.);
#2987 = EDGE_CURVE('',#2979,#1508,#2988,.T.);
#2988 = LINE('',#2989,#2990);
#2989 = CARTESIAN_POINT('',(-188.,-17.25000000001,48.447654611159));
#2990 = VECTOR('',#2991,1.);
#2991 = DIRECTION('',(-1.,3.191891195797E-16,1.110223024625E-16));
#2992 = ORIENTED_EDGE('',*,*,#1515,.F.);
#2993 = CYLINDRICAL_SURFACE('',#2994,23.974830693133);
#2994 = AXIS2_PLACEMENT_3D('',#2995,#2996,#2997);
#2995 = CARTESIAN_POINT('',(-193.,-12.25,24.999999999996));
#2996 = DIRECTION('',(-1.,0.,0.));
#2997 = DIRECTION('',(0.,-1.,0.));
#2998 = ADVANCED_FACE('',(#2999),#3017,.T.);
#2999 = FACE_BOUND('',#3000,.T.);
#3000 = EDGE_LOOP('',(#3001,#3009,#3015,#3016));
#3001 = ORIENTED_EDGE('',*,*,#3002,.F.);
#3002 = EDGE_CURVE('',#3003,#2971,#3005,.T.);
#3003 = VERTEX_POINT('',#3004);
#3004 = CARTESIAN_POINT('',(-188.,-30.37577283579,41.238422517887));
#3005 = LINE('',#3006,#3007);
#3006 = CARTESIAN_POINT('',(-188.,-30.37577283579,41.238422517887));
#3007 = VECTOR('',#3008,1.);
#3008 = DIRECTION('',(5.494621623693E-17,0.866025403784,-0.5));
#3009 = ORIENTED_EDGE('',*,*,#3010,.T.);
#3010 = EDGE_CURVE('',#3003,#1525,#3011,.T.);
#3011 = LINE('',#3012,#3013);
#3012 = CARTESIAN_POINT('',(-188.,-30.37577283579,41.238422517887));
#3013 = VECTOR('',#3014,1.);
#3014 = DIRECTION('',(-1.,1.913177725252E-16,2.214796699307E-16));
#3015 = ORIENTED_EDGE('',*,*,#1524,.F.);
#3016 = ORIENTED_EDGE('',*,*,#2970,.F.);
#3017 = PLANE('',#3018);
#3018 = AXIS2_PLACEMENT_3D('',#3019,#3020,#3021);
#3019 = CARTESIAN_POINT('',(-188.,-30.37577283579,41.238422517887));
#3020 = DIRECTION('',(-2.874659068444E-16,-0.5,-0.866025403784));
#3021 = DIRECTION('',(5.494621623693E-17,0.866025403784,-0.5));
#3022 = ADVANCED_FACE('',(#3023),#3041,.T.);
#3023 = FACE_BOUND('',#3024,.T.);
#3024 = EDGE_LOOP('',(#3025,#3033,#3034,#3035));
#3025 = ORIENTED_EDGE('',*,*,#3026,.F.);
#3026 = EDGE_CURVE('',#2979,#3027,#3029,.T.);
#3027 = VERTEX_POINT('',#3028);
#3028 = CARTESIAN_POINT('',(-188.,-17.25000000001,48.816590997909));
#3029 = LINE('',#3030,#3031);
#3030 = CARTESIAN_POINT('',(-188.,-17.25000000001,48.447654611159));
#3031 = VECTOR('',#3032,1.);
#3032 = DIRECTION('',(1.110223024625E-16,-1.224646799147E-16,1.));
#3033 = ORIENTED_EDGE('',*,*,#2987,.T.);
#3034 = ORIENTED_EDGE('',*,*,#1507,.F.);
#3035 = ORIENTED_EDGE('',*,*,#3036,.F.);
#3036 = EDGE_CURVE('',#3027,#1500,#3037,.T.);
#3037 = LINE('',#3038,#3039);
#3038 = CARTESIAN_POINT('',(-188.,-17.25000000001,48.816590997909));
#3039 = VECTOR('',#3040,1.);
#3040 = DIRECTION('',(-1.,3.191891195797E-16,1.110223024625E-16));
#3041 = PLANE('',#3042);
#3042 = AXIS2_PLACEMENT_3D('',#3043,#3044,#3045);
#3043 = CARTESIAN_POINT('',(-188.,-17.25000000001,48.447654611159));
#3044 = DIRECTION('',(3.191891195797E-16,1.,1.224646799147E-16));
#3045 = DIRECTION('',(1.110223024625E-16,-1.224646799147E-16,1.));
#3046 = ADVANCED_FACE('',(#3047),#3058,.F.);
#3047 = FACE_BOUND('',#3048,.F.);
#3048 = EDGE_LOOP('',(#3049,#3055,#3056,#3057));
#3049 = ORIENTED_EDGE('',*,*,#3050,.F.);
#3050 = EDGE_CURVE('',#3003,#2946,#3051,.T.);
#3051 = LINE('',#3052,#3053);
#3052 = CARTESIAN_POINT('',(-188.,-30.37577283579,41.238422517887));
#3053 = VECTOR('',#3054,1.);
#3054 = DIRECTION('',(-2.874659068444E-16,-0.5,-0.866025403784));
#3055 = ORIENTED_EDGE('',*,*,#3010,.T.);
#3056 = ORIENTED_EDGE('',*,*,#1532,.F.);
#3057 = ORIENTED_EDGE('',*,*,#2954,.F.);
#3058 = PLANE('',#3059);
#3059 = AXIS2_PLACEMENT_3D('',#3060,#3061,#3062);
#3060 = CARTESIAN_POINT('',(-188.,-30.37577283579,41.238422517887));
#3061 = DIRECTION('',(-5.494621623693E-17,-0.866025403784,0.5));
#3062 = DIRECTION('',(-2.874659068444E-16,-0.5,-0.866025403784));
#3063 = ADVANCED_FACE('',(#3064),#3082,.F.);
#3064 = FACE_BOUND('',#3065,.F.);
#3065 = EDGE_LOOP('',(#3066,#3074,#3080,#3081));
#3066 = ORIENTED_EDGE('',*,*,#3067,.F.);
#3067 = EDGE_CURVE('',#3068,#3027,#3070,.T.);
#3068 = VERTEX_POINT('',#3069);
#3069 = CARTESIAN_POINT('',(-188.,-15.50000000009,48.816590997909));
#3070 = LINE('',#3071,#3072);
#3071 = CARTESIAN_POINT('',(-188.,-15.00000000003,48.816590997931));
#3072 = VECTOR('',#3073,1.);
#3073 = DIRECTION('',(-3.191891195797E-16,-1.,-1.224646799147E-16));
#3074 = ORIENTED_EDGE('',*,*,#3075,.T.);
#3075 = EDGE_CURVE('',#3068,#1491,#3076,.T.);
#3076 = LINE('',#3077,#3078);
#3077 = CARTESIAN_POINT('',(-188.,-15.50000000009,48.816590997909));
#3078 = VECTOR('',#3079,1.);
#3079 = DIRECTION('',(-1.,3.191891195797E-16,1.110223024625E-16));
#3080 = ORIENTED_EDGE('',*,*,#1499,.F.);
#3081 = ORIENTED_EDGE('',*,*,#3036,.F.);
#3082 = PLANE('',#3083);
#3083 = AXIS2_PLACEMENT_3D('',#3084,#3085,#3086);
#3084 = CARTESIAN_POINT('',(-188.,-15.00000000051,48.816590997909));
#3085 = DIRECTION('',(1.110223024625E-16,-1.224646799147E-16,1.));
#3086 = DIRECTION('',(-3.191891195797E-16,-1.,-1.224646799147E-16));
#3087 = ADVANCED_FACE('',(#3088),#3115,.F.);
#3088 = FACE_BOUND('',#3089,.F.);
#3089 = EDGE_LOOP('',(#3090,#3099,#3100,#3109));
#3090 = ORIENTED_EDGE('',*,*,#3091,.T.);
#3091 = EDGE_CURVE('',#3092,#2816,#3094,.T.);
#3092 = VERTEX_POINT('',#3093);
#3093 = CARTESIAN_POINT('',(-188.,-20.00000000002,53.817147240512));
#3094 = CIRCLE('',#3095,0.5);
#3095 = AXIS2_PLACEMENT_3D('',#3096,#3097,#3098);
#3096 = CARTESIAN_POINT('',(-188.,-20.50000000002,53.817147240512));
#3097 = DIRECTION('',(-1.,3.191891195797E-16,1.110223024625E-16));
#3098 = DIRECTION('',(1.110223024625E-16,-1.224646799147E-16,1.));
#3099 = ORIENTED_EDGE('',*,*,#2824,.T.);
#3100 = ORIENTED_EDGE('',*,*,#3101,.F.);
#3101 = EDGE_CURVE('',#3102,#2782,#3104,.T.);
#3102 = VERTEX_POINT('',#3103);
#3103 = CARTESIAN_POINT('',(-196.,-20.00000000002,53.817147240512));
#3104 = CIRCLE('',#3105,0.5);
#3105 = AXIS2_PLACEMENT_3D('',#3106,#3107,#3108);
#3106 = CARTESIAN_POINT('',(-196.,-20.50000000002,53.817147240512));
#3107 = DIRECTION('',(-1.,3.191891195797E-16,1.110223024625E-16));
#3108 = DIRECTION('',(1.110223024625E-16,-1.224646799147E-16,1.));
#3109 = ORIENTED_EDGE('',*,*,#3110,.F.);
#3110 = EDGE_CURVE('',#3092,#3102,#3111,.T.);
#3111 = LINE('',#3112,#3113);
#3112 = CARTESIAN_POINT('',(-188.,-20.00000000002,53.817147240512));
#3113 = VECTOR('',#3114,1.);
#3114 = DIRECTION('',(-1.,3.191891195797E-16,1.110223024625E-16));
#3115 = CYLINDRICAL_SURFACE('',#3116,0.5);
#3116 = AXIS2_PLACEMENT_3D('',#3117,#3118,#3119);
#3117 = CARTESIAN_POINT('',(-188.,-20.50000000002,53.817147240512));
#3118 = DIRECTION('',(-1.,3.191891195797E-16,1.110223024625E-16));
#3119 = DIRECTION('',(3.191891195797E-16,1.,1.224646799147E-16));
#3120 = ADVANCED_FACE('',(#3121),#3140,.T.);
#3121 = FACE_BOUND('',#3122,.F.);
#3122 = EDGE_LOOP('',(#3123,#3132,#3138,#3139));
#3123 = ORIENTED_EDGE('',*,*,#3124,.T.);
#3124 = EDGE_CURVE('',#3068,#3125,#3127,.T.);
#3125 = VERTEX_POINT('',#3126);
#3126 = CARTESIAN_POINT('',(-188.,-15.00000000009,49.316590997907));
#3127 = CIRCLE('',#3128,0.5);
#3128 = AXIS2_PLACEMENT_3D('',#3129,#3130,#3131);
#3129 = CARTESIAN_POINT('',(-188.,-15.50000000009,49.316590997909));
#3130 = DIRECTION('',(1.,-3.191891195797E-16,-1.110223024625E-16));
#3131 = DIRECTION('',(1.110223024625E-16,-1.224646799147E-16,1.));
#3132 = ORIENTED_EDGE('',*,*,#3133,.T.);
#3133 = EDGE_CURVE('',#3125,#1483,#3134,.T.);
#3134 = LINE('',#3135,#3136);
#3135 = CARTESIAN_POINT('',(-188.,-15.00000000009,49.316590997907));
#3136 = VECTOR('',#3137,1.);
#3137 = DIRECTION('',(-1.,3.191891195797E-16,1.110223024625E-16));
#3138 = ORIENTED_EDGE('',*,*,#1490,.F.);
#3139 = ORIENTED_EDGE('',*,*,#3075,.F.);
#3140 = CYLINDRICAL_SURFACE('',#3141,0.5);
#3141 = AXIS2_PLACEMENT_3D('',#3142,#3143,#3144);
#3142 = CARTESIAN_POINT('',(-188.,-15.50000000009,49.316590997909));
#3143 = DIRECTION('',(-1.,3.191891195797E-16,1.110223024625E-16));
#3144 = DIRECTION('',(-1.110223024625E-16,1.224646799147E-16,-1.));
#3145 = ADVANCED_FACE('',(#3146),#3171,.T.);
#3146 = FACE_BOUND('',#3147,.T.);
#3147 = EDGE_LOOP('',(#3148,#3156,#3164,#3170));
#3148 = ORIENTED_EDGE('',*,*,#3149,.F.);
#3149 = EDGE_CURVE('',#3150,#3092,#3152,.T.);
#3150 = VERTEX_POINT('',#3151);
#3151 = CARTESIAN_POINT('',(-188.,-20.00000000002,68.846262869182));
#3152 = LINE('',#3153,#3154);
#3153 = CARTESIAN_POINT('',(-188.,-20.00000000002,69.346262869182));
#3154 = VECTOR('',#3155,1.);
#3155 = DIRECTION('',(-1.110223024625E-16,1.224646799147E-16,-1.));
#3156 = ORIENTED_EDGE('',*,*,#3157,.T.);
#3157 = EDGE_CURVE('',#3150,#3158,#3160,.T.);
#3158 = VERTEX_POINT('',#3159);
#3159 = CARTESIAN_POINT('',(-196.,-20.00000000002,68.846262869182));
#3160 = LINE('',#3161,#3162);
#3161 = CARTESIAN_POINT('',(-188.,-20.00000000002,68.846262869182));
#3162 = VECTOR('',#3163,1.);
#3163 = DIRECTION('',(-1.,3.191891195797E-16,1.110223024625E-16));
#3164 = ORIENTED_EDGE('',*,*,#3165,.T.);
#3165 = EDGE_CURVE('',#3158,#3102,#3166,.T.);
#3166 = LINE('',#3167,#3168);
#3167 = CARTESIAN_POINT('',(-196.,-20.00000000002,47.173131434589));
#3168 = VECTOR('',#3169,1.);
#3169 = DIRECTION('',(-1.110223024625E-16,1.224646799147E-16,-1.));
#3170 = ORIENTED_EDGE('',*,*,#3110,.F.);
#3171 = PLANE('',#3172);
#3172 = AXIS2_PLACEMENT_3D('',#3173,#3174,#3175);
#3173 = CARTESIAN_POINT('',(-188.,-20.00000000002,69.346262869182));
#3174 = DIRECTION('',(-3.191891195797E-16,-1.,-1.224646799147E-16));
#3175 = DIRECTION('',(-1.110223024625E-16,1.224646799147E-16,-1.));
#3176 = ADVANCED_FACE('',(#3177),#3213,.T.);
#3177 = FACE_BOUND('',#3178,.T.);
#3178 = EDGE_LOOP('',(#3179,#3190,#3198,#3207));
#3179 = ORIENTED_EDGE('',*,*,#3180,.T.);
#3180 = EDGE_CURVE('',#3181,#3183,#3185,.T.);
#3181 = VERTEX_POINT('',#3182);
#3182 = CARTESIAN_POINT('',(-188.,-15.50000000003,69.346262869182));
#3183 = VERTEX_POINT('',#3184);
#3184 = CARTESIAN_POINT('',(-188.,-15.00000000003,68.846262869181));
#3185 = CIRCLE('',#3186,0.5);
#3186 = AXIS2_PLACEMENT_3D('',#3187,#3188,#3189);
#3187 = CARTESIAN_POINT('',(-188.,-15.50000000003,68.846262869182));
#3188 = DIRECTION('',(-1.,3.191891195797E-16,1.110223024625E-16));
#3189 = DIRECTION('',(1.110223024625E-16,-1.224646799147E-16,1.));
#3190 = ORIENTED_EDGE('',*,*,#3191,.T.);
#3191 = EDGE_CURVE('',#3183,#3192,#3194,.T.);
#3192 = VERTEX_POINT('',#3193);
#3193 = CARTESIAN_POINT('',(-196.,-15.00000000003,68.846262869181));
#3194 = LINE('',#3195,#3196);
#3195 = CARTESIAN_POINT('',(-188.,-15.00000000003,68.846262869181));
#3196 = VECTOR('',#3197,1.);
#3197 = DIRECTION('',(-1.,3.191891195797E-16,1.110223024625E-16));
#3198 = ORIENTED_EDGE('',*,*,#3199,.F.);
#3199 = EDGE_CURVE('',#3200,#3192,#3202,.T.);
#3200 = VERTEX_POINT('',#3201);
#3201 = CARTESIAN_POINT('',(-196.,-15.50000000003,69.346262869182));
#3202 = CIRCLE('',#3203,0.5);
#3203 = AXIS2_PLACEMENT_3D('',#3204,#3205,#3206);
#3204 = CARTESIAN_POINT('',(-196.,-15.50000000003,68.846262869182));
#3205 = DIRECTION('',(-1.,3.191891195797E-16,1.110223024625E-16));
#3206 = DIRECTION('',(1.110223024625E-16,-1.224646799147E-16,1.));
#3207 = ORIENTED_EDGE('',*,*,#3208,.F.);
#3208 = EDGE_CURVE('',#3181,#3200,#3209,.T.);
#3209 = LINE('',#3210,#3211);
#3210 = CARTESIAN_POINT('',(-188.,-15.50000000003,69.346262869182));
#3211 = VECTOR('',#3212,1.);
#3212 = DIRECTION('',(-1.,3.191891195797E-16,1.110223024625E-16));
#3213 = CYLINDRICAL_SURFACE('',#3214,0.5);
#3214 = AXIS2_PLACEMENT_3D('',#3215,#3216,#3217);
#3215 = CARTESIAN_POINT('',(-188.,-15.50000000003,68.846262869182));
#3216 = DIRECTION('',(-1.,3.191891195797E-16,1.110223024625E-16));
#3217 = DIRECTION('',(1.110223024625E-16,-1.224646799147E-16,1.));
#3218 = ADVANCED_FACE('',(#3219),#3244,.T.);
#3219 = FACE_BOUND('',#3220,.T.);
#3220 = EDGE_LOOP('',(#3221,#3229,#3230,#3238));
#3221 = ORIENTED_EDGE('',*,*,#3222,.F.);
#3222 = EDGE_CURVE('',#3181,#3223,#3225,.T.);
#3223 = VERTEX_POINT('',#3224);
#3224 = CARTESIAN_POINT('',(-188.,-19.50000000002,69.346262869182));
#3225 = LINE('',#3226,#3227);
#3226 = CARTESIAN_POINT('',(-188.,-15.00000000003,69.346262869182));
#3227 = VECTOR('',#3228,1.);
#3228 = DIRECTION('',(-3.191891195797E-16,-1.,-1.224646799147E-16));
#3229 = ORIENTED_EDGE('',*,*,#3208,.T.);
#3230 = ORIENTED_EDGE('',*,*,#3231,.T.);
#3231 = EDGE_CURVE('',#3200,#3232,#3234,.T.);
#3232 = VERTEX_POINT('',#3233);
#3233 = CARTESIAN_POINT('',(-196.,-19.50000000002,69.346262869182));
#3234 = LINE('',#3235,#3236);
#3235 = CARTESIAN_POINT('',(-196.,-13.62500000001,69.346262869182));
#3236 = VECTOR('',#3237,1.);
#3237 = DIRECTION('',(-3.191891195797E-16,-1.,-1.224646799147E-16));
#3238 = ORIENTED_EDGE('',*,*,#3239,.F.);
#3239 = EDGE_CURVE('',#3223,#3232,#3240,.T.);
#3240 = LINE('',#3241,#3242);
#3241 = CARTESIAN_POINT('',(-188.,-19.50000000002,69.346262869182));
#3242 = VECTOR('',#3243,1.);
#3243 = DIRECTION('',(-1.,3.191891195797E-16,1.110223024625E-16));
#3244 = PLANE('',#3245);
#3245 = AXIS2_PLACEMENT_3D('',#3246,#3247,#3248);
#3246 = CARTESIAN_POINT('',(-188.,-15.00000000003,69.346262869182));
#3247 = DIRECTION('',(1.110223024625E-16,-1.224646799147E-16,1.));
#3248 = DIRECTION('',(-3.191891195797E-16,-1.,-1.224646799147E-16));
#3249 = ADVANCED_FACE('',(#3250),#3268,.T.);
#3250 = FACE_BOUND('',#3251,.T.);
#3251 = EDGE_LOOP('',(#3252,#3259,#3260,#3267));
#3252 = ORIENTED_EDGE('',*,*,#3253,.T.);
#3253 = EDGE_CURVE('',#3150,#3223,#3254,.T.);
#3254 = CIRCLE('',#3255,0.5);
#3255 = AXIS2_PLACEMENT_3D('',#3256,#3257,#3258);
#3256 = CARTESIAN_POINT('',(-188.,-19.50000000002,68.846262869182));
#3257 = DIRECTION('',(-1.,3.191891195797E-16,1.110223024625E-16));
#3258 = DIRECTION('',(1.110223024625E-16,-1.224646799147E-16,1.));
#3259 = ORIENTED_EDGE('',*,*,#3239,.T.);
#3260 = ORIENTED_EDGE('',*,*,#3261,.F.);
#3261 = EDGE_CURVE('',#3158,#3232,#3262,.T.);
#3262 = CIRCLE('',#3263,0.5);
#3263 = AXIS2_PLACEMENT_3D('',#3264,#3265,#3266);
#3264 = CARTESIAN_POINT('',(-196.,-19.50000000002,68.846262869182));
#3265 = DIRECTION('',(-1.,3.191891195797E-16,1.110223024625E-16));
#3266 = DIRECTION('',(1.110223024625E-16,-1.224646799147E-16,1.));
#3267 = ORIENTED_EDGE('',*,*,#3157,.F.);
#3268 = CYLINDRICAL_SURFACE('',#3269,0.5);
#3269 = AXIS2_PLACEMENT_3D('',#3270,#3271,#3272);
#3270 = CARTESIAN_POINT('',(-188.,-19.50000000002,68.846262869182));
#3271 = DIRECTION('',(-1.,3.191891195797E-16,1.110223024625E-16));
#3272 = DIRECTION('',(-3.191891195797E-16,-1.,-1.224646799147E-16));
#3273 = ADVANCED_FACE('',(#3274),#3297,.T.);
#3274 = FACE_BOUND('',#3275,.T.);
#3275 = EDGE_LOOP('',(#3276,#3277,#3278,#3279,#3280,#3281,#3282,#3283,
    #3284,#3290,#3291,#3292,#3293,#3294,#3295,#3296));
#3276 = ORIENTED_EDGE('',*,*,#2921,.F.);
#3277 = ORIENTED_EDGE('',*,*,#2945,.T.);
#3278 = ORIENTED_EDGE('',*,*,#3050,.F.);
#3279 = ORIENTED_EDGE('',*,*,#3002,.T.);
#3280 = ORIENTED_EDGE('',*,*,#2978,.T.);
#3281 = ORIENTED_EDGE('',*,*,#3026,.T.);
#3282 = ORIENTED_EDGE('',*,*,#3067,.F.);
#3283 = ORIENTED_EDGE('',*,*,#3124,.T.);
#3284 = ORIENTED_EDGE('',*,*,#3285,.T.);
#3285 = EDGE_CURVE('',#3125,#3183,#3286,.T.);
#3286 = LINE('',#3287,#3288);
#3287 = CARTESIAN_POINT('',(-188.,-15.00000000003,48.816590997931));
#3288 = VECTOR('',#3289,1.);
#3289 = DIRECTION('',(1.110223024625E-16,-1.224646799147E-16,1.));
#3290 = ORIENTED_EDGE('',*,*,#3180,.F.);
#3291 = ORIENTED_EDGE('',*,*,#3222,.T.);
#3292 = ORIENTED_EDGE('',*,*,#3253,.F.);
#3293 = ORIENTED_EDGE('',*,*,#3149,.T.);
#3294 = ORIENTED_EDGE('',*,*,#3091,.T.);
#3295 = ORIENTED_EDGE('',*,*,#2815,.F.);
#3296 = ORIENTED_EDGE('',*,*,#2905,.F.);
#3297 = PLANE('',#3298);
#3298 = AXIS2_PLACEMENT_3D('',#3299,#3300,#3301);
#3299 = CARTESIAN_POINT('',(-188.,-22.46347386322,53.275688289817));
#3300 = DIRECTION('',(1.,0.,0.));
#3301 = DIRECTION('',(0.,0.,1.));
#3302 = ADVANCED_FACE('',(#3303),#3374,.T.);
#3303 = FACE_BOUND('',#3304,.T.);
#3304 = EDGE_LOOP('',(#3305,#3316,#3324,#3333,#3341,#3350,#3359,#3367));
#3305 = ORIENTED_EDGE('',*,*,#3306,.F.);
#3306 = EDGE_CURVE('',#3307,#3309,#3311,.T.);
#3307 = VERTEX_POINT('',#3308);
#3308 = CARTESIAN_POINT('',(-196.,-36.28960915085,7.945298704956));
#3309 = VERTEX_POINT('',#3310);
#3310 = CARTESIAN_POINT('',(-196.,-41.72483069313,24.999999999996));
#3311 = CIRCLE('',#3312,29.474830693133);
#3312 = AXIS2_PLACEMENT_3D('',#3313,#3314,#3315);
#3313 = CARTESIAN_POINT('',(-196.,-12.25,24.999999999996));
#3314 = DIRECTION('',(-1.,0.,0.));
#3315 = DIRECTION('',(0.,-1.,0.));
#3316 = ORIENTED_EDGE('',*,*,#3317,.F.);
#3317 = EDGE_CURVE('',#3318,#3307,#3320,.T.);
#3318 = VERTEX_POINT('',#3319);
#3319 = CARTESIAN_POINT('',(-193.5,-36.28960915085,7.945298704956));
#3320 = LINE('',#3321,#3322);
#3321 = CARTESIAN_POINT('',(-193.,-36.28960915085,7.945298704956));
#3322 = VECTOR('',#3323,1.);
#3323 = DIRECTION('',(-1.,0.,0.));
#3324 = ORIENTED_EDGE('',*,*,#3325,.T.);
#3325 = EDGE_CURVE('',#3318,#3326,#3328,.T.);
#3326 = VERTEX_POINT('',#3327);
#3327 = CARTESIAN_POINT('',(-193.5,-39.26791086509,13.218737891254));
#3328 = CIRCLE('',#3329,29.474830693133);
#3329 = AXIS2_PLACEMENT_3D('',#3330,#3331,#3332);
#3330 = CARTESIAN_POINT('',(-193.5,-12.25,24.999999999996));
#3331 = DIRECTION('',(-1.,-2.225191541194E-16,1.918161975648E-17));
#3332 = DIRECTION('',(1.703872958794E-16,-0.815597870642,-0.578619143655
    ));
#3333 = ORIENTED_EDGE('',*,*,#3334,.F.);
#3334 = EDGE_CURVE('',#3335,#3326,#3337,.T.);
#3335 = VERTEX_POINT('',#3336);
#3336 = CARTESIAN_POINT('',(-188.,-39.26791086509,13.218737891254));
#3337 = LINE('',#3338,#3339);
#3338 = CARTESIAN_POINT('',(-188.,-39.26791086509,13.218737891254));
#3339 = VECTOR('',#3340,1.);
#3340 = DIRECTION('',(-1.,3.172321273534E-17,1.659685186994E-16));
#3341 = ORIENTED_EDGE('',*,*,#3342,.T.);
#3342 = EDGE_CURVE('',#3335,#3343,#3345,.T.);
#3343 = VERTEX_POINT('',#3344);
#3344 = CARTESIAN_POINT('',(-188.,-41.72483069313,24.999999999996));
#3345 = CIRCLE('',#3346,29.474830693133);
#3346 = AXIS2_PLACEMENT_3D('',#3347,#3348,#3349);
#3347 = CARTESIAN_POINT('',(-188.,-12.25,24.999999999996));
#3348 = DIRECTION('',(-1.,0.,0.));
#3349 = DIRECTION('',(0.,-1.,0.));
#3350 = ORIENTED_EDGE('',*,*,#3351,.T.);
#3351 = EDGE_CURVE('',#3343,#3352,#3354,.T.);
#3352 = VERTEX_POINT('',#3353);
#3353 = CARTESIAN_POINT('',(-188.,-40.84628489707,32.142697982837));
#3354 = CIRCLE('',#3355,29.474830693133);
#3355 = AXIS2_PLACEMENT_3D('',#3356,#3357,#3358);
#3356 = CARTESIAN_POINT('',(-188.,-12.25,24.999999999996));
#3357 = DIRECTION('',(-1.,0.,0.));
#3358 = DIRECTION('',(0.,-1.,0.));
#3359 = ORIENTED_EDGE('',*,*,#3360,.T.);
#3360 = EDGE_CURVE('',#3352,#3361,#3363,.T.);
#3361 = VERTEX_POINT('',#3362);
#3362 = CARTESIAN_POINT('',(-196.,-40.84628489707,32.142697982837));
#3363 = LINE('',#3364,#3365);
#3364 = CARTESIAN_POINT('',(-188.,-40.84628489707,32.142697982837));
#3365 = VECTOR('',#3366,1.);
#3366 = DIRECTION('',(-1.,1.913177725252E-16,2.214796699307E-16));
#3367 = ORIENTED_EDGE('',*,*,#3368,.F.);
#3368 = EDGE_CURVE('',#3309,#3361,#3369,.T.);
#3369 = CIRCLE('',#3370,29.474830693133);
#3370 = AXIS2_PLACEMENT_3D('',#3371,#3372,#3373);
#3371 = CARTESIAN_POINT('',(-196.,-12.25,24.999999999996));
#3372 = DIRECTION('',(-1.,0.,0.));
#3373 = DIRECTION('',(0.,-1.,0.));
#3374 = CYLINDRICAL_SURFACE('',#3375,29.474830693133);
#3375 = AXIS2_PLACEMENT_3D('',#3376,#3377,#3378);
#3376 = CARTESIAN_POINT('',(-193.,-12.25,24.999999999996));
#3377 = DIRECTION('',(-1.,0.,0.));
#3378 = DIRECTION('',(0.,-1.,0.));
#3379 = ADVANCED_FACE('',(#3380),#3431,.T.);
#3380 = FACE_BOUND('',#3381,.T.);
#3381 = EDGE_LOOP('',(#3382,#3403,#3404,#3405,#3430));
#3382 = ORIENTED_EDGE('',*,*,#3383,.F.);
#3383 = EDGE_CURVE('',#1687,#3318,#3384,.T.);
#3384 = B_SPLINE_CURVE_WITH_KNOTS('',5,(#3385,#3386,#3387,#3388,#3389,
    #3390,#3391,#3392,#3393,#3394,#3395,#3396,#3397,#3398,#3399,#3400,
    #3401,#3402),.UNSPECIFIED.,.F.,.F.,(6,4,4,4,6),(0.,0.245346320313,
    0.490634327535,0.744847590948,1.),.UNSPECIFIED.);
#3385 = CARTESIAN_POINT('',(-193.,-35.85466643631,8.196412998232));
#3386 = CARTESIAN_POINT('',(-193.,-35.8881443907,8.177084492255));
#3387 = CARTESIAN_POINT('',(-193.0037022698,-35.92162238219,
    8.157755964857));
#3388 = CARTESIAN_POINT('',(-193.0111069772,-35.95468673429,
    8.138666252274));
#3389 = CARTESIAN_POINT('',(-193.0221227724,-35.98692677343,
    8.120052456995));
#3390 = CARTESIAN_POINT('',(-193.0510171978,-36.04898288135,
    8.084224346386));
#3391 = CARTESIAN_POINT('',(-193.0688945804,-36.07880035209,
    8.067009221623));
#3392 = CARTESIAN_POINT('',(-193.0900262507,-36.10702711748,
    8.050712491029));
#3393 = CARTESIAN_POINT('',(-193.1141506567,-36.13331168779,
    8.035537087282));
#3394 = CARTESIAN_POINT('',(-193.1686977109,-36.18227449206,
    8.00726839906));
#3395 = CARTESIAN_POINT('',(-193.1993184299,-36.20478745461,
    7.994270534073));
#3396 = CARTESIAN_POINT('',(-193.2324307226,-36.22456205145,
    7.982853665266));
#3397 = CARTESIAN_POINT('',(-193.2675920712,-36.24133247686,
    7.97317125564));
#3398 = CARTESIAN_POINT('',(-193.3411699222,-36.26855170203,
    7.957456228661));
#3399 = CARTESIAN_POINT('',(-193.3795991896,-36.2789773709,
    7.951436965934));
#3400 = CARTESIAN_POINT('',(-193.4191063257,-36.28600994406,
    7.947376707921));
#3401 = CARTESIAN_POINT('',(-193.4591576455,-36.28955388408,7.9453306132
    ));
#3402 = CARTESIAN_POINT('',(-193.4992146026,-36.28960861428,
    7.945299014703));
#3403 = ORIENTED_EDGE('',*,*,#1686,.T.);
#3404 = ORIENTED_EDGE('',*,*,#1677,.T.);
#3405 = ORIENTED_EDGE('',*,*,#3406,.F.);
#3406 = EDGE_CURVE('',#3326,#1669,#3407,.T.);
#3407 = B_SPLINE_CURVE_WITH_KNOTS('',5,(#3408,#3409,#3410,#3411,#3412,
    #3413,#3414,#3415,#3416,#3417,#3418,#3419,#3420,#3421,#3422,#3423,
    #3424,#3425,#3426,#3427,#3428,#3429),.UNSPECIFIED.,.F.,.F.,(6,4,4,4,
    4,6),(0.,3.152072785858E-02,0.277014079237,0.544399901114,
    0.774327221931,1.),.UNSPECIFIED.);
#3408 = CARTESIAN_POINT('',(-193.5,-39.2679108414,13.218737836937));
#3409 = CARTESIAN_POINT('',(-193.4952878735,-39.26601124164,
    13.214381494737));
#3410 = CARTESIAN_POINT('',(-193.4905758229,-39.26405984588,
    13.210047640341));
#3411 = CARTESIAN_POINT('',(-193.4858644758,-39.26205698917,
    13.205737042175));
#3412 = CARTESIAN_POINT('',(-193.4811545229,-39.26000298333,
    13.201450398897));
#3413 = CARTESIAN_POINT('',(-193.4397808446,-39.24150475471,
    13.163994078294));
#3414 = CARTESIAN_POINT('',(-193.4032455854,-39.22202714257,
    13.132292908951));
#3415 = CARTESIAN_POINT('',(-193.3671739279,-39.1996099105,
    13.102399729034));
#3416 = CARTESIAN_POINT('',(-193.3319115003,-39.17442230235,
    13.074632363437));
#3417 = CARTESIAN_POINT('',(-193.2607053501,-39.11646985072,
    13.021731017493));
#3418 = CARTESIAN_POINT('',(-193.2249843314,-39.08323199859,
    12.997054975938));
#3419 = CARTESIAN_POINT('',(-193.1911395094,-39.04725152476,
    12.975692301629));
#3420 = CARTESIAN_POINT('',(-193.1597089213,-39.00890219268,
    12.95807834769));
#3421 = CARTESIAN_POINT('',(-193.1067657015,-38.93414898901,
    12.932984042527));
#3422 = CARTESIAN_POINT('',(-193.0844811133,-38.89822627031,
    12.9244299394));
#3423 = CARTESIAN_POINT('',(-193.0647403492,-38.86127967712,
    12.919160312544));
#3424 = CARTESIAN_POINT('',(-193.0479035988,-38.82374221773,
    12.917374561895));
#3425 = CARTESIAN_POINT('',(-193.020848146,-38.74920744288,
    12.920875936156));
#3426 = CARTESIAN_POINT('',(-193.0105111093,-38.71220907489,
    12.926032739007));
#3427 = CARTESIAN_POINT('',(-193.00350524,-38.67562244798,
    12.934678457642));
#3428 = CARTESIAN_POINT('',(-193.,-38.63998368618,12.946747386264));
#3429 = CARTESIAN_POINT('',(-193.,-38.60578916898,12.962010509392));
#3430 = ORIENTED_EDGE('',*,*,#3325,.F.);
#3431 = TOROIDAL_SURFACE('',#3432,28.974830693133,0.5);
#3432 = AXIS2_PLACEMENT_3D('',#3433,#3434,#3435);
#3433 = CARTESIAN_POINT('',(-193.5,-12.25,24.999999999996));
#3434 = DIRECTION('',(-1.,-2.225191541194E-16,1.918161975648E-17));
#3435 = DIRECTION('',(1.703872958794E-16,-0.815597870642,-0.578619143655
    ));
#3436 = ADVANCED_FACE('',(#3437),#3457,.T.);
#3437 = FACE_BOUND('',#3438,.T.);
#3438 = EDGE_LOOP('',(#3439,#3440,#3441,#3449,#3456));
#3439 = ORIENTED_EDGE('',*,*,#3406,.T.);
#3440 = ORIENTED_EDGE('',*,*,#1668,.T.);
#3441 = ORIENTED_EDGE('',*,*,#3442,.F.);
#3442 = EDGE_CURVE('',#3443,#1661,#3445,.T.);
#3443 = VERTEX_POINT('',#3444);
#3444 = CARTESIAN_POINT('',(-188.,-38.5595891338,12.985578111868));
#3445 = LINE('',#3446,#3447);
#3446 = CARTESIAN_POINT('',(-188.,-38.5595891338,12.985578111868));
#3447 = VECTOR('',#3448,1.);
#3448 = DIRECTION('',(-1.,3.172321273534E-17,1.659685186994E-16));
#3449 = ORIENTED_EDGE('',*,*,#3450,.T.);
#3450 = EDGE_CURVE('',#3443,#3335,#3451,.T.);
#3451 = CIRCLE('',#3452,0.5);
#3452 = AXIS2_PLACEMENT_3D('',#3453,#3454,#3455);
#3453 = CARTESIAN_POINT('',(-188.,-38.8095891338,13.41859081376));
#3454 = DIRECTION('',(-1.,3.172321273534E-17,1.659685186994E-16));
#3455 = DIRECTION('',(-1.104573674682E-16,-0.866025403784,-0.5));
#3456 = ORIENTED_EDGE('',*,*,#3334,.T.);
#3457 = CYLINDRICAL_SURFACE('',#3458,0.5);
#3458 = AXIS2_PLACEMENT_3D('',#3459,#3460,#3461);
#3459 = CARTESIAN_POINT('',(-188.,-38.8095891338,13.41859081376));
#3460 = DIRECTION('',(-1.,3.172321273534E-17,1.659685186994E-16));
#3461 = DIRECTION('',(-1.278713470545E-16,0.5,-0.866025403784));
#3462 = ADVANCED_FACE('',(#3463),#3481,.F.);
#3463 = FACE_BOUND('',#3464,.F.);
#3464 = EDGE_LOOP('',(#3465,#3473,#3479,#3480));
#3465 = ORIENTED_EDGE('',*,*,#3466,.F.);
#3466 = EDGE_CURVE('',#3467,#3443,#3469,.T.);
#3467 = VERTEX_POINT('',#3468);
#3468 = CARTESIAN_POINT('',(-188.,-34.68378553767,15.223274361421));
#3469 = LINE('',#3470,#3471);
#3470 = CARTESIAN_POINT('',(-188.,-34.25077283578,15.473274361421));
#3471 = VECTOR('',#3472,1.);
#3472 = DIRECTION('',(-1.104573674682E-16,-0.866025403784,-0.5));
#3473 = ORIENTED_EDGE('',*,*,#3474,.T.);
#3474 = EDGE_CURVE('',#3467,#1652,#3475,.T.);
#3475 = LINE('',#3476,#3477);
#3476 = CARTESIAN_POINT('',(-188.,-34.68378553767,15.223274361421));
#3477 = VECTOR('',#3478,1.);
#3478 = DIRECTION('',(-1.,3.172321273534E-17,1.659685186994E-16));
#3479 = ORIENTED_EDGE('',*,*,#1660,.T.);
#3480 = ORIENTED_EDGE('',*,*,#3442,.F.);
#3481 = PLANE('',#3482);
#3482 = AXIS2_PLACEMENT_3D('',#3483,#3484,#3485);
#3483 = CARTESIAN_POINT('',(-190.5,-37.07820369522,13.84085639361));
#3484 = DIRECTION('',(1.278713470545E-16,-0.5,0.866025403784));
#3485 = DIRECTION('',(-1.104573674682E-16,-0.866025403784,-0.5));
#3486 = ADVANCED_FACE('',(#3487),#3506,.T.);
#3487 = FACE_BOUND('',#3488,.F.);
#3488 = EDGE_LOOP('',(#3489,#3498,#3504,#3505));
#3489 = ORIENTED_EDGE('',*,*,#3490,.T.);
#3490 = EDGE_CURVE('',#3467,#3491,#3493,.T.);
#3491 = VERTEX_POINT('',#3492);
#3492 = CARTESIAN_POINT('',(-188.,-34.50077283578,15.906287063313));
#3493 = CIRCLE('',#3494,0.5);
#3494 = AXIS2_PLACEMENT_3D('',#3495,#3496,#3497);
#3495 = CARTESIAN_POINT('',(-188.,-34.93378553767,15.656287063313));
#3496 = DIRECTION('',(1.,-3.172321273534E-17,-1.659685186994E-16));
#3497 = DIRECTION('',(-1.104573674682E-16,-0.866025403784,-0.5));
#3498 = ORIENTED_EDGE('',*,*,#3499,.T.);
#3499 = EDGE_CURVE('',#3491,#1644,#3500,.T.);
#3500 = LINE('',#3501,#3502);
#3501 = CARTESIAN_POINT('',(-188.,-34.50077283578,15.906287063313));
#3502 = VECTOR('',#3503,1.);
#3503 = DIRECTION('',(-1.,3.172321273534E-17,1.659685186994E-16));
#3504 = ORIENTED_EDGE('',*,*,#1651,.F.);
#3505 = ORIENTED_EDGE('',*,*,#3474,.F.);
#3506 = CYLINDRICAL_SURFACE('',#3507,0.5);
#3507 = AXIS2_PLACEMENT_3D('',#3508,#3509,#3510);
#3508 = CARTESIAN_POINT('',(-188.,-34.93378553767,15.656287063313));
#3509 = DIRECTION('',(-1.,3.172321273534E-17,1.659685186994E-16));
#3510 = DIRECTION('',(-1.278713470545E-16,0.5,-0.866025403784));
#3511 = ADVANCED_FACE('',(#3512),#3548,.F.);
#3512 = FACE_BOUND('',#3513,.F.);
#3513 = EDGE_LOOP('',(#3514,#3522,#3531,#3540,#3546,#3547));
#3514 = ORIENTED_EDGE('',*,*,#3515,.F.);
#3515 = EDGE_CURVE('',#3516,#1627,#3518,.T.);
#3516 = VERTEX_POINT('',#3517);
#3517 = CARTESIAN_POINT('',(-188.,-35.05626455242,17.60629971333));
#3518 = LINE('',#3519,#3520);
#3519 = CARTESIAN_POINT('',(-188.,-35.05626455242,17.60629971333));
#3520 = VECTOR('',#3521,1.);
#3521 = DIRECTION('',(-1.,3.172321273534E-17,1.659685186994E-16));
#3522 = ORIENTED_EDGE('',*,*,#3523,.T.);
#3523 = EDGE_CURVE('',#3516,#3524,#3526,.T.);
#3524 = VERTEX_POINT('',#3525);
#3525 = CARTESIAN_POINT('',(-188.,-36.22483069313,24.999999999996));
#3526 = CIRCLE('',#3527,23.974830693133);
#3527 = AXIS2_PLACEMENT_3D('',#3528,#3529,#3530);
#3528 = CARTESIAN_POINT('',(-188.,-12.25,24.999999999996));
#3529 = DIRECTION('',(-1.,0.,0.));
#3530 = DIRECTION('',(0.,-1.,0.));
#3531 = ORIENTED_EDGE('',*,*,#3532,.T.);
#3532 = EDGE_CURVE('',#3524,#3533,#3535,.T.);
#3533 = VERTEX_POINT('',#3534);
#3534 = CARTESIAN_POINT('',(-188.,-35.05626455243,32.393700286642));
#3535 = CIRCLE('',#3536,23.974830693133);
#3536 = AXIS2_PLACEMENT_3D('',#3537,#3538,#3539);
#3537 = CARTESIAN_POINT('',(-188.,-12.25,24.999999999996));
#3538 = DIRECTION('',(-1.,0.,0.));
#3539 = DIRECTION('',(0.,-1.,0.));
#3540 = ORIENTED_EDGE('',*,*,#3541,.T.);
#3541 = EDGE_CURVE('',#3533,#1610,#3542,.T.);
#3542 = LINE('',#3543,#3544);
#3543 = CARTESIAN_POINT('',(-188.,-35.05626455243,32.393700286642));
#3544 = VECTOR('',#3545,1.);
#3545 = DIRECTION('',(-1.,1.913177725252E-16,2.214796699307E-16));
#3546 = ORIENTED_EDGE('',*,*,#1617,.F.);
#3547 = ORIENTED_EDGE('',*,*,#1626,.F.);
#3548 = CYLINDRICAL_SURFACE('',#3549,23.974830693133);
#3549 = AXIS2_PLACEMENT_3D('',#3550,#3551,#3552);
#3550 = CARTESIAN_POINT('',(-193.,-12.25,24.999999999996));
#3551 = DIRECTION('',(-1.,0.,0.));
#3552 = DIRECTION('',(0.,-1.,0.));
#3553 = ADVANCED_FACE('',(#3554),#3572,.T.);
#3554 = FACE_BOUND('',#3555,.T.);
#3555 = EDGE_LOOP('',(#3556,#3564,#3570,#3571));
#3556 = ORIENTED_EDGE('',*,*,#3557,.F.);
#3557 = EDGE_CURVE('',#3558,#3516,#3560,.T.);
#3558 = VERTEX_POINT('',#3559);
#3559 = CARTESIAN_POINT('',(-188.,-35.37577283577,17.421831519921));
#3560 = LINE('',#3561,#3562);
#3561 = CARTESIAN_POINT('',(-188.,-35.37577283577,17.421831519921));
#3562 = VECTOR('',#3563,1.);
#3563 = DIRECTION('',(1.104573674682E-16,0.866025403784,0.5));
#3564 = ORIENTED_EDGE('',*,*,#3565,.T.);
#3565 = EDGE_CURVE('',#3558,#1636,#3566,.T.);
#3566 = LINE('',#3567,#3568);
#3567 = CARTESIAN_POINT('',(-188.,-35.37577283577,17.421831519921));
#3568 = VECTOR('',#3569,1.);
#3569 = DIRECTION('',(-1.,3.172321273534E-17,1.659685186994E-16));
#3570 = ORIENTED_EDGE('',*,*,#1635,.F.);
#3571 = ORIENTED_EDGE('',*,*,#3515,.F.);
#3572 = PLANE('',#3573);
#3573 = AXIS2_PLACEMENT_3D('',#3574,#3575,#3576);
#3574 = CARTESIAN_POINT('',(-188.,-35.37577283577,17.421831519921));
#3575 = DIRECTION('',(-1.278713470545E-16,0.5,-0.866025403784));
#3576 = DIRECTION('',(1.104573674682E-16,0.866025403784,0.5));
#3577 = ADVANCED_FACE('',(#3578),#3596,.T.);
#3578 = FACE_BOUND('',#3579,.T.);
#3579 = EDGE_LOOP('',(#3580,#3588,#3589,#3590));
#3580 = ORIENTED_EDGE('',*,*,#3581,.F.);
#3581 = EDGE_CURVE('',#3533,#3582,#3584,.T.);
#3582 = VERTEX_POINT('',#3583);
#3583 = CARTESIAN_POINT('',(-188.,-35.37577283574,32.578168480016));
#3584 = LINE('',#3585,#3586);
#3585 = CARTESIAN_POINT('',(-188.,-35.05626455243,32.393700286642));
#3586 = VECTOR('',#3587,1.);
#3587 = DIRECTION('',(-5.494621623693E-17,-0.866025403784,0.5));
#3588 = ORIENTED_EDGE('',*,*,#3541,.T.);
#3589 = ORIENTED_EDGE('',*,*,#1609,.F.);
#3590 = ORIENTED_EDGE('',*,*,#3591,.F.);
#3591 = EDGE_CURVE('',#3582,#1602,#3592,.T.);
#3592 = LINE('',#3593,#3594);
#3593 = CARTESIAN_POINT('',(-188.,-35.37577283574,32.578168480016));
#3594 = VECTOR('',#3595,1.);
#3595 = DIRECTION('',(-1.,1.913177725252E-16,2.214796699307E-16));
#3596 = PLANE('',#3597);
#3597 = AXIS2_PLACEMENT_3D('',#3598,#3599,#3600);
#3598 = CARTESIAN_POINT('',(-188.,-35.05626455243,32.393700286642));
#3599 = DIRECTION('',(2.874659068444E-16,0.5,0.866025403784));
#3600 = DIRECTION('',(-5.494621623693E-17,-0.866025403784,0.5));
#3601 = ADVANCED_FACE('',(#3602),#3613,.F.);
#3602 = FACE_BOUND('',#3603,.F.);
#3603 = EDGE_LOOP('',(#3604,#3610,#3611,#3612));
#3604 = ORIENTED_EDGE('',*,*,#3605,.F.);
#3605 = EDGE_CURVE('',#3558,#3491,#3606,.T.);
#3606 = LINE('',#3607,#3608);
#3607 = CARTESIAN_POINT('',(-188.,-35.37577283577,17.421831519921));
#3608 = VECTOR('',#3609,1.);
#3609 = DIRECTION('',(-1.278713470545E-16,0.5,-0.866025403784));
#3610 = ORIENTED_EDGE('',*,*,#3565,.T.);
#3611 = ORIENTED_EDGE('',*,*,#1643,.F.);
#3612 = ORIENTED_EDGE('',*,*,#3499,.F.);
#3613 = PLANE('',#3614);
#3614 = AXIS2_PLACEMENT_3D('',#3615,#3616,#3617);
#3615 = CARTESIAN_POINT('',(-188.,-35.37577283577,17.421831519921));
#3616 = DIRECTION('',(-1.104573674682E-16,-0.866025403784,-0.5));
#3617 = DIRECTION('',(-1.278713470545E-16,0.5,-0.866025403784));
#3618 = ADVANCED_FACE('',(#3619),#3637,.F.);
#3619 = FACE_BOUND('',#3620,.F.);
#3620 = EDGE_LOOP('',(#3621,#3629,#3635,#3636));
#3621 = ORIENTED_EDGE('',*,*,#3622,.F.);
#3622 = EDGE_CURVE('',#3623,#3582,#3625,.T.);
#3623 = VERTEX_POINT('',#3624);
#3624 = CARTESIAN_POINT('',(-188.,-34.50077283578,34.093712936575));
#3625 = LINE('',#3626,#3627);
#3626 = CARTESIAN_POINT('',(-188.,-34.25077283577,34.52672563853));
#3627 = VECTOR('',#3628,1.);
#3628 = DIRECTION('',(-2.874659068444E-16,-0.5,-0.866025403784));
#3629 = ORIENTED_EDGE('',*,*,#3630,.T.);
#3630 = EDGE_CURVE('',#3623,#1593,#3631,.T.);
#3631 = LINE('',#3632,#3633);
#3632 = CARTESIAN_POINT('',(-188.,-34.50077283578,34.093712936575));
#3633 = VECTOR('',#3634,1.);
#3634 = DIRECTION('',(-1.,1.913177725252E-16,2.214796699307E-16));
#3635 = ORIENTED_EDGE('',*,*,#1601,.F.);
#3636 = ORIENTED_EDGE('',*,*,#3591,.F.);
#3637 = PLANE('',#3638);
#3638 = AXIS2_PLACEMENT_3D('',#3639,#3640,#3641);
#3639 = CARTESIAN_POINT('',(-188.,-34.25077283599,34.526725638102));
#3640 = DIRECTION('',(-5.494621623693E-17,-0.866025403784,0.5));
#3641 = DIRECTION('',(-2.874659068444E-16,-0.5,-0.866025403784));
#3642 = ADVANCED_FACE('',(#3643),#3670,.F.);
#3643 = FACE_BOUND('',#3644,.F.);
#3644 = EDGE_LOOP('',(#3645,#3654,#3655,#3664));
#3645 = ORIENTED_EDGE('',*,*,#3646,.T.);
#3646 = EDGE_CURVE('',#3647,#3352,#3649,.T.);
#3647 = VERTEX_POINT('',#3648);
#3648 = CARTESIAN_POINT('',(-188.,-41.08138157489,32.696876740901));
#3649 = CIRCLE('',#3650,0.5);
#3650 = AXIS2_PLACEMENT_3D('',#3651,#3652,#3653);
#3651 = CARTESIAN_POINT('',(-188.,-41.33138157489,32.263864039009));
#3652 = DIRECTION('',(-1.,1.913177725252E-16,2.214796699307E-16));
#3653 = DIRECTION('',(-5.494621623693E-17,-0.866025403784,0.5));
#3654 = ORIENTED_EDGE('',*,*,#3360,.T.);
#3655 = ORIENTED_EDGE('',*,*,#3656,.F.);
#3656 = EDGE_CURVE('',#3657,#3361,#3659,.T.);
#3657 = VERTEX_POINT('',#3658);
#3658 = CARTESIAN_POINT('',(-196.,-41.08138157489,32.696876740901));
#3659 = CIRCLE('',#3660,0.5);
#3660 = AXIS2_PLACEMENT_3D('',#3661,#3662,#3663);
#3661 = CARTESIAN_POINT('',(-196.,-41.33138157489,32.263864039009));
#3662 = DIRECTION('',(-1.,1.913177725252E-16,2.214796699307E-16));
#3663 = DIRECTION('',(-5.494621623693E-17,-0.866025403784,0.5));
#3664 = ORIENTED_EDGE('',*,*,#3665,.F.);
#3665 = EDGE_CURVE('',#3647,#3657,#3666,.T.);
#3666 = LINE('',#3667,#3668);
#3667 = CARTESIAN_POINT('',(-188.,-41.08138157489,32.696876740901));
#3668 = VECTOR('',#3669,1.);
#3669 = DIRECTION('',(-1.,1.913177725252E-16,2.214796699307E-16));
#3670 = CYLINDRICAL_SURFACE('',#3671,0.5);
#3671 = AXIS2_PLACEMENT_3D('',#3672,#3673,#3674);
#3672 = CARTESIAN_POINT('',(-188.,-41.33138157489,32.263864039009));
#3673 = DIRECTION('',(-1.,1.913177725252E-16,2.214796699307E-16));
#3674 = DIRECTION('',(2.874659068444E-16,0.5,0.866025403784));
#3675 = ADVANCED_FACE('',(#3676),#3695,.T.);
#3676 = FACE_BOUND('',#3677,.F.);
#3677 = EDGE_LOOP('',(#3678,#3687,#3693,#3694));
#3678 = ORIENTED_EDGE('',*,*,#3679,.T.);
#3679 = EDGE_CURVE('',#3623,#3680,#3682,.T.);
#3680 = VERTEX_POINT('',#3681);
#3681 = CARTESIAN_POINT('',(-188.,-34.68378553767,34.776725638466));
#3682 = CIRCLE('',#3683,0.5);
#3683 = AXIS2_PLACEMENT_3D('',#3684,#3685,#3686);
#3684 = CARTESIAN_POINT('',(-188.,-34.93378553767,34.343712936575));
#3685 = DIRECTION('',(1.,-1.913177725252E-16,-2.214796699307E-16));
#3686 = DIRECTION('',(-5.494621623693E-17,-0.866025403784,0.5));
#3687 = ORIENTED_EDGE('',*,*,#3688,.T.);
#3688 = EDGE_CURVE('',#3680,#1585,#3689,.T.);
#3689 = LINE('',#3690,#3691);
#3690 = CARTESIAN_POINT('',(-188.,-34.68378553767,34.776725638466));
#3691 = VECTOR('',#3692,1.);
#3692 = DIRECTION('',(-1.,1.913177725252E-16,2.214796699307E-16));
#3693 = ORIENTED_EDGE('',*,*,#1592,.F.);
#3694 = ORIENTED_EDGE('',*,*,#3630,.F.);
#3695 = CYLINDRICAL_SURFACE('',#3696,0.5);
#3696 = AXIS2_PLACEMENT_3D('',#3697,#3698,#3699);
#3697 = CARTESIAN_POINT('',(-188.,-34.93378553767,34.343712936575));
#3698 = DIRECTION('',(-1.,1.913177725252E-16,2.214796699307E-16));
#3699 = DIRECTION('',(5.494621623693E-17,0.866025403784,-0.5));
#3700 = ADVANCED_FACE('',(#3701),#3726,.T.);
#3701 = FACE_BOUND('',#3702,.T.);
#3702 = EDGE_LOOP('',(#3703,#3711,#3719,#3725));
#3703 = ORIENTED_EDGE('',*,*,#3704,.F.);
#3704 = EDGE_CURVE('',#3705,#3647,#3707,.T.);
#3705 = VERTEX_POINT('',#3706);
#3706 = CARTESIAN_POINT('',(-188.,-54.09697750573,40.211434555236));
#3707 = LINE('',#3708,#3709);
#3708 = CARTESIAN_POINT('',(-188.,-54.52999020763,40.461434555236));
#3709 = VECTOR('',#3710,1.);
#3710 = DIRECTION('',(5.494621623693E-17,0.866025403784,-0.5));
#3711 = ORIENTED_EDGE('',*,*,#3712,.T.);
#3712 = EDGE_CURVE('',#3705,#3713,#3715,.T.);
#3713 = VERTEX_POINT('',#3714);
#3714 = CARTESIAN_POINT('',(-196.,-54.09697750573,40.211434555236));
#3715 = LINE('',#3716,#3717);
#3716 = CARTESIAN_POINT('',(-188.,-54.09697750573,40.211434555236));
#3717 = VECTOR('',#3718,1.);
#3718 = DIRECTION('',(-1.,1.913177725252E-16,2.214796699307E-16));
#3719 = ORIENTED_EDGE('',*,*,#3720,.T.);
#3720 = EDGE_CURVE('',#3713,#3657,#3721,.T.);
#3721 = LINE('',#3722,#3723);
#3722 = CARTESIAN_POINT('',(-196.,-35.32749510382,29.37486883794));
#3723 = VECTOR('',#3724,1.);
#3724 = DIRECTION('',(5.494621623693E-17,0.866025403784,-0.5));
#3725 = ORIENTED_EDGE('',*,*,#3665,.F.);
#3726 = PLANE('',#3727);
#3727 = AXIS2_PLACEMENT_3D('',#3728,#3729,#3730);
#3728 = CARTESIAN_POINT('',(-188.,-54.52999020763,40.461434555236));
#3729 = DIRECTION('',(-2.874659068444E-16,-0.5,-0.866025403784));
#3730 = DIRECTION('',(5.494621623693E-17,0.866025403784,-0.5));
#3731 = ADVANCED_FACE('',(#3732),#3759,.T.);
#3732 = FACE_BOUND('',#3733,.T.);
#3733 = EDGE_LOOP('',(#3734,#3743,#3751,#3758));
#3734 = ORIENTED_EDGE('',*,*,#3735,.T.);
#3735 = EDGE_CURVE('',#3705,#3736,#3738,.T.);
#3736 = VERTEX_POINT('',#3737);
#3737 = CARTESIAN_POINT('',(-188.,-54.27999020763,40.894447257129));
#3738 = CIRCLE('',#3739,0.5);
#3739 = AXIS2_PLACEMENT_3D('',#3740,#3741,#3742);
#3740 = CARTESIAN_POINT('',(-188.,-53.84697750573,40.644447257129));
#3741 = DIRECTION('',(-1.,1.913177725252E-16,2.214796699307E-16));
#3742 = DIRECTION('',(-5.494621623693E-17,-0.866025403784,0.5));
#3743 = ORIENTED_EDGE('',*,*,#3744,.T.);
#3744 = EDGE_CURVE('',#3736,#3745,#3747,.T.);
#3745 = VERTEX_POINT('',#3746);
#3746 = CARTESIAN_POINT('',(-196.,-54.27999020763,40.894447257129));
#3747 = LINE('',#3748,#3749);
#3748 = CARTESIAN_POINT('',(-188.,-54.27999020763,40.894447257129));
#3749 = VECTOR('',#3750,1.);
#3750 = DIRECTION('',(-1.,1.913177725252E-16,2.214796699307E-16));
#3751 = ORIENTED_EDGE('',*,*,#3752,.F.);
#3752 = EDGE_CURVE('',#3713,#3745,#3753,.T.);
#3753 = CIRCLE('',#3754,0.5);
#3754 = AXIS2_PLACEMENT_3D('',#3755,#3756,#3757);
#3755 = CARTESIAN_POINT('',(-196.,-53.84697750573,40.644447257129));
#3756 = DIRECTION('',(-1.,1.913177725252E-16,2.214796699307E-16));
#3757 = DIRECTION('',(-5.494621623693E-17,-0.866025403784,0.5));
#3758 = ORIENTED_EDGE('',*,*,#3712,.F.);
#3759 = CYLINDRICAL_SURFACE('',#3760,0.5);
#3760 = AXIS2_PLACEMENT_3D('',#3761,#3762,#3763);
#3761 = CARTESIAN_POINT('',(-188.,-53.84697750573,40.644447257129));
#3762 = DIRECTION('',(-1.,1.913177725252E-16,2.214796699307E-16));
#3763 = DIRECTION('',(-2.874659068444E-16,-0.5,-0.866025403784));
#3764 = ADVANCED_FACE('',(#3765),#3801,.T.);
#3765 = FACE_BOUND('',#3766,.T.);
#3766 = EDGE_LOOP('',(#3767,#3778,#3786,#3795));
#3767 = ORIENTED_EDGE('',*,*,#3768,.T.);
#3768 = EDGE_CURVE('',#3769,#3771,#3773,.T.);
#3769 = VERTEX_POINT('',#3770);
#3770 = CARTESIAN_POINT('',(-188.,-52.27999020763,44.358548872263));
#3771 = VERTEX_POINT('',#3772);
#3772 = CARTESIAN_POINT('',(-188.,-51.59697750574,44.541561574155));
#3773 = CIRCLE('',#3774,0.5);
#3774 = AXIS2_PLACEMENT_3D('',#3775,#3776,#3777);
#3775 = CARTESIAN_POINT('',(-188.,-51.84697750574,44.108548872263));
#3776 = DIRECTION('',(-1.,1.913177725252E-16,2.214796699307E-16));
#3777 = DIRECTION('',(-5.494621623693E-17,-0.866025403784,0.5));
#3778 = ORIENTED_EDGE('',*,*,#3779,.T.);
#3779 = EDGE_CURVE('',#3771,#3780,#3782,.T.);
#3780 = VERTEX_POINT('',#3781);
#3781 = CARTESIAN_POINT('',(-196.,-51.59697750574,44.541561574155));
#3782 = LINE('',#3783,#3784);
#3783 = CARTESIAN_POINT('',(-188.,-51.59697750574,44.541561574155));
#3784 = VECTOR('',#3785,1.);
#3785 = DIRECTION('',(-1.,1.913177725252E-16,2.214796699307E-16));
#3786 = ORIENTED_EDGE('',*,*,#3787,.F.);
#3787 = EDGE_CURVE('',#3788,#3780,#3790,.T.);
#3788 = VERTEX_POINT('',#3789);
#3789 = CARTESIAN_POINT('',(-196.,-52.27999020763,44.358548872263));
#3790 = CIRCLE('',#3791,0.5);
#3791 = AXIS2_PLACEMENT_3D('',#3792,#3793,#3794);
#3792 = CARTESIAN_POINT('',(-196.,-51.84697750574,44.108548872263));
#3793 = DIRECTION('',(-1.,1.913177725252E-16,2.214796699307E-16));
#3794 = DIRECTION('',(-5.494621623693E-17,-0.866025403784,0.5));
#3795 = ORIENTED_EDGE('',*,*,#3796,.F.);
#3796 = EDGE_CURVE('',#3769,#3788,#3797,.T.);
#3797 = LINE('',#3798,#3799);
#3798 = CARTESIAN_POINT('',(-188.,-52.27999020763,44.358548872263));
#3799 = VECTOR('',#3800,1.);
#3800 = DIRECTION('',(-1.,1.913177725252E-16,2.214796699307E-16));
#3801 = CYLINDRICAL_SURFACE('',#3802,0.5);
#3802 = AXIS2_PLACEMENT_3D('',#3803,#3804,#3805);
#3803 = CARTESIAN_POINT('',(-188.,-51.84697750574,44.108548872263));
#3804 = DIRECTION('',(-1.,1.913177725252E-16,2.214796699307E-16));
#3805 = DIRECTION('',(-5.494621623693E-17,-0.866025403784,0.5));
#3806 = ADVANCED_FACE('',(#3807),#3823,.T.);
#3807 = FACE_BOUND('',#3808,.T.);
#3808 = EDGE_LOOP('',(#3809,#3815,#3816,#3822));
#3809 = ORIENTED_EDGE('',*,*,#3810,.F.);
#3810 = EDGE_CURVE('',#3769,#3736,#3811,.T.);
#3811 = LINE('',#3812,#3813);
#3812 = CARTESIAN_POINT('',(-188.,-52.02999020763,44.791561574153));
#3813 = VECTOR('',#3814,1.);
#3814 = DIRECTION('',(-2.874659068444E-16,-0.5,-0.866025403784));
#3815 = ORIENTED_EDGE('',*,*,#3796,.T.);
#3816 = ORIENTED_EDGE('',*,*,#3817,.T.);
#3817 = EDGE_CURVE('',#3788,#3745,#3818,.T.);
#3818 = LINE('',#3819,#3820);
#3819 = CARTESIAN_POINT('',(-196.,-51.34249020762,45.982346504371));
#3820 = VECTOR('',#3821,1.);
#3821 = DIRECTION('',(-2.874659068444E-16,-0.5,-0.866025403784));
#3822 = ORIENTED_EDGE('',*,*,#3744,.F.);
#3823 = PLANE('',#3824);
#3824 = AXIS2_PLACEMENT_3D('',#3825,#3826,#3827);
#3825 = CARTESIAN_POINT('',(-188.,-52.02999020763,44.791561574153));
#3826 = DIRECTION('',(-5.494621623693E-17,-0.866025403784,0.5));
#3827 = DIRECTION('',(-2.874659068444E-16,-0.5,-0.866025403784));
#3828 = ADVANCED_FACE('',(#3829),#3854,.T.);
#3829 = FACE_BOUND('',#3830,.T.);
#3830 = EDGE_LOOP('',(#3831,#3832,#3833,#3834,#3835,#3836,#3837,#3838,
    #3839,#3840,#3841,#3842,#3848,#3849,#3850,#3851,#3852,#3853));
#3831 = ORIENTED_EDGE('',*,*,#3342,.F.);
#3832 = ORIENTED_EDGE('',*,*,#3450,.F.);
#3833 = ORIENTED_EDGE('',*,*,#3466,.F.);
#3834 = ORIENTED_EDGE('',*,*,#3490,.T.);
#3835 = ORIENTED_EDGE('',*,*,#3605,.F.);
#3836 = ORIENTED_EDGE('',*,*,#3557,.T.);
#3837 = ORIENTED_EDGE('',*,*,#3523,.T.);
#3838 = ORIENTED_EDGE('',*,*,#3532,.T.);
#3839 = ORIENTED_EDGE('',*,*,#3581,.T.);
#3840 = ORIENTED_EDGE('',*,*,#3622,.F.);
#3841 = ORIENTED_EDGE('',*,*,#3679,.T.);
#3842 = ORIENTED_EDGE('',*,*,#3843,.T.);
#3843 = EDGE_CURVE('',#3680,#3771,#3844,.T.);
#3844 = LINE('',#3845,#3846);
#3845 = CARTESIAN_POINT('',(-188.,-34.25077283577,34.526725638526));
#3846 = VECTOR('',#3847,1.);
#3847 = DIRECTION('',(-5.494621623693E-17,-0.866025403784,0.5));
#3848 = ORIENTED_EDGE('',*,*,#3768,.F.);
#3849 = ORIENTED_EDGE('',*,*,#3810,.T.);
#3850 = ORIENTED_EDGE('',*,*,#3735,.F.);
#3851 = ORIENTED_EDGE('',*,*,#3704,.T.);
#3852 = ORIENTED_EDGE('',*,*,#3646,.T.);
#3853 = ORIENTED_EDGE('',*,*,#3351,.F.);
#3854 = PLANE('',#3855);
#3855 = AXIS2_PLACEMENT_3D('',#3856,#3857,#3858);
#3856 = CARTESIAN_POINT('',(-188.,-41.87185735302,30.288298881096));
#3857 = DIRECTION('',(1.,0.,0.));
#3858 = DIRECTION('',(0.,0.,1.));
#3859 = ADVANCED_FACE('',(#3860),#3880,.F.);
#3860 = FACE_BOUND('',#3861,.T.);
#3861 = EDGE_LOOP('',(#3862,#3871,#3878,#3879));
#3862 = ORIENTED_EDGE('',*,*,#3863,.F.);
#3863 = EDGE_CURVE('',#3864,#1709,#3866,.T.);
#3864 = VERTEX_POINT('',#3865);
#3865 = CARTESIAN_POINT('',(-190.,-16.74999999998,24.999999999996));
#3866 = CIRCLE('',#3867,3.);
#3867 = AXIS2_PLACEMENT_3D('',#3868,#3869,#3870);
#3868 = CARTESIAN_POINT('',(-190.,-19.74999999998,24.999999999996));
#3869 = DIRECTION('',(-0.,0.,1.));
#3870 = DIRECTION('',(0.,-1.,0.));
#3871 = ORIENTED_EDGE('',*,*,#3872,.F.);
#3872 = EDGE_CURVE('',#3864,#3864,#3873,.T.);
#3873 = CIRCLE('',#3874,4.499999999982);
#3874 = AXIS2_PLACEMENT_3D('',#3875,#3876,#3877);
#3875 = CARTESIAN_POINT('',(-190.,-12.25,24.999999999996));
#3876 = DIRECTION('',(-1.,0.,0.));
#3877 = DIRECTION('',(0.,-1.,0.));
#3878 = ORIENTED_EDGE('',*,*,#3863,.T.);
#3879 = ORIENTED_EDGE('',*,*,#1708,.T.);
#3880 = TOROIDAL_SURFACE('',#3881,7.499999999982,3.);
#3881 = AXIS2_PLACEMENT_3D('',#3882,#3883,#3884);
#3882 = CARTESIAN_POINT('',(-190.,-12.25,24.999999999996));
#3883 = DIRECTION('',(1.,0.,0.));
#3884 = DIRECTION('',(0.,-1.,0.));
#3885 = ADVANCED_FACE('',(#3886),#3905,.T.);
#3886 = FACE_BOUND('',#3887,.T.);
#3887 = EDGE_LOOP('',(#3888,#3896,#3897,#3898));
#3888 = ORIENTED_EDGE('',*,*,#3889,.F.);
#3889 = EDGE_CURVE('',#3864,#3890,#3892,.T.);
#3890 = VERTEX_POINT('',#3891);
#3891 = CARTESIAN_POINT('',(-186.5,-16.74999999998,24.999999999996));
#3892 = LINE('',#3893,#3894);
#3893 = CARTESIAN_POINT('',(-193.,-16.74999999998,24.999999999996));
#3894 = VECTOR('',#3895,1.);
#3895 = DIRECTION('',(1.,0.,0.));
#3896 = ORIENTED_EDGE('',*,*,#3872,.F.);
#3897 = ORIENTED_EDGE('',*,*,#3889,.T.);
#3898 = ORIENTED_EDGE('',*,*,#3899,.T.);
#3899 = EDGE_CURVE('',#3890,#3890,#3900,.T.);
#3900 = CIRCLE('',#3901,4.499999999982);
#3901 = AXIS2_PLACEMENT_3D('',#3902,#3903,#3904);
#3902 = CARTESIAN_POINT('',(-186.5,-12.25,24.999999999996));
#3903 = DIRECTION('',(-1.,0.,0.));
#3904 = DIRECTION('',(0.,-1.,0.));
#3905 = CYLINDRICAL_SURFACE('',#3906,4.499999999982);
#3906 = AXIS2_PLACEMENT_3D('',#3907,#3908,#3909);
#3907 = CARTESIAN_POINT('',(-193.,-12.25,24.999999999996));
#3908 = DIRECTION('',(-1.,0.,0.));
#3909 = DIRECTION('',(0.,-1.,0.));
#3910 = ADVANCED_FACE('',(#3911),#3931,.T.);
#3911 = FACE_BOUND('',#3912,.F.);
#3912 = EDGE_LOOP('',(#3913,#3922,#3923,#3924));
#3913 = ORIENTED_EDGE('',*,*,#3914,.F.);
#3914 = EDGE_CURVE('',#3890,#3915,#3917,.T.);
#3915 = VERTEX_POINT('',#3916);
#3916 = CARTESIAN_POINT('',(-186.,-16.24999999998,24.999999999996));
#3917 = CIRCLE('',#3918,0.5);
#3918 = AXIS2_PLACEMENT_3D('',#3919,#3920,#3921);
#3919 = CARTESIAN_POINT('',(-186.5,-16.24999999998,24.999999999996));
#3920 = DIRECTION('',(-0.,0.,1.));
#3921 = DIRECTION('',(0.,-1.,0.));
#3922 = ORIENTED_EDGE('',*,*,#3899,.F.);
#3923 = ORIENTED_EDGE('',*,*,#3914,.T.);
#3924 = ORIENTED_EDGE('',*,*,#3925,.T.);
#3925 = EDGE_CURVE('',#3915,#3915,#3926,.T.);
#3926 = CIRCLE('',#3927,3.999999999982);
#3927 = AXIS2_PLACEMENT_3D('',#3928,#3929,#3930);
#3928 = CARTESIAN_POINT('',(-186.,-12.25,24.999999999996));
#3929 = DIRECTION('',(-1.,0.,0.));
#3930 = DIRECTION('',(0.,-1.,0.));
#3931 = TOROIDAL_SURFACE('',#3932,3.999999999982,0.5);
#3932 = AXIS2_PLACEMENT_3D('',#3933,#3934,#3935);
#3933 = CARTESIAN_POINT('',(-186.5,-12.25,24.999999999996));
#3934 = DIRECTION('',(1.,0.,0.));
#3935 = DIRECTION('',(0.,-1.,0.));
#3936 = ADVANCED_FACE('',(#3937,#3940),#3951,.F.);
#3937 = FACE_BOUND('',#3938,.F.);
#3938 = EDGE_LOOP('',(#3939));
#3939 = ORIENTED_EDGE('',*,*,#3925,.T.);
#3940 = FACE_BOUND('',#3941,.F.);
#3941 = EDGE_LOOP('',(#3942));
#3942 = ORIENTED_EDGE('',*,*,#3943,.F.);
#3943 = EDGE_CURVE('',#3944,#3944,#3946,.T.);
#3944 = VERTEX_POINT('',#3945);
#3945 = CARTESIAN_POINT('',(-186.,-14.5,24.999999999996));
#3946 = CIRCLE('',#3947,2.25);
#3947 = AXIS2_PLACEMENT_3D('',#3948,#3949,#3950);
#3948 = CARTESIAN_POINT('',(-186.,-12.25,24.999999999996));
#3949 = DIRECTION('',(-1.,0.,0.));
#3950 = DIRECTION('',(0.,-1.,0.));
#3951 = PLANE('',#3952);
#3952 = AXIS2_PLACEMENT_3D('',#3953,#3954,#3955);
#3953 = CARTESIAN_POINT('',(-186.,-12.25000000972,6.372435190088));
#3954 = DIRECTION('',(-1.,-0.,-0.));
#3955 = DIRECTION('',(0.,0.,-1.));
#3956 = ADVANCED_FACE('',(#3957),#3975,.F.);
#3957 = FACE_BOUND('',#3958,.T.);
#3958 = EDGE_LOOP('',(#3959,#3968,#3973,#3974));
#3959 = ORIENTED_EDGE('',*,*,#3960,.T.);
#3960 = EDGE_CURVE('',#3961,#3961,#3963,.T.);
#3961 = VERTEX_POINT('',#3962);
#3962 = CARTESIAN_POINT('',(-196.,-14.5,24.999999999996));
#3963 = CIRCLE('',#3964,2.25);
#3964 = AXIS2_PLACEMENT_3D('',#3965,#3966,#3967);
#3965 = CARTESIAN_POINT('',(-196.,-12.25,24.999999999996));
#3966 = DIRECTION('',(-1.,0.,0.));
#3967 = DIRECTION('',(0.,-1.,0.));
#3968 = ORIENTED_EDGE('',*,*,#3969,.T.);
#3969 = EDGE_CURVE('',#3961,#3944,#3970,.T.);
#3970 = B_SPLINE_CURVE_WITH_KNOTS('',1,(#3971,#3972),.UNSPECIFIED.,.F.,
  .F.,(2,2),(-3.,7.),.PIECEWISE_BEZIER_KNOTS.);
#3971 = CARTESIAN_POINT('',(-196.,-14.5,24.999999999996));
#3972 = CARTESIAN_POINT('',(-186.,-14.5,24.999999999996));
#3973 = ORIENTED_EDGE('',*,*,#3943,.F.);
#3974 = ORIENTED_EDGE('',*,*,#3969,.F.);
#3975 = CYLINDRICAL_SURFACE('',#3976,2.25);
#3976 = AXIS2_PLACEMENT_3D('',#3977,#3978,#3979);
#3977 = CARTESIAN_POINT('',(-193.,-12.25,24.999999999996));
#3978 = DIRECTION('',(1.,0.,0.));
#3979 = DIRECTION('',(0.,-1.,0.));
#3980 = ADVANCED_FACE('',(#3981),#3995,.T.);
#3981 = FACE_BOUND('',#3982,.T.);
#3982 = EDGE_LOOP('',(#3983,#3984,#3985,#3986,#3987,#3993,#3994));
#3983 = ORIENTED_EDGE('',*,*,#3688,.T.);
#3984 = ORIENTED_EDGE('',*,*,#1584,.F.);
#3985 = ORIENTED_EDGE('',*,*,#2838,.T.);
#3986 = ORIENTED_EDGE('',*,*,#2790,.T.);
#3987 = ORIENTED_EDGE('',*,*,#3988,.T.);
#3988 = EDGE_CURVE('',#2780,#3780,#3989,.T.);
#3989 = LINE('',#3990,#3991);
#3990 = CARTESIAN_POINT('',(-196.,-26.33230457544,29.954995856858));
#3991 = VECTOR('',#3992,1.);
#3992 = DIRECTION('',(-5.494621623693E-17,-0.866025403784,0.5));
#3993 = ORIENTED_EDGE('',*,*,#3779,.F.);
#3994 = ORIENTED_EDGE('',*,*,#3843,.F.);
#3995 = PLANE('',#3996);
#3996 = AXIS2_PLACEMENT_3D('',#3997,#3998,#3999);
#3997 = CARTESIAN_POINT('',(-191.7212502684,-43.39452495983,
    39.80587338875));
#3998 = DIRECTION('',(2.825180980757E-13,0.500000000001,0.866025403784)
  );
#3999 = DIRECTION('',(0.,0.866025403784,-0.500000000001));
#4000 = ADVANCED_FACE('',(#4001),#4015,.T.);
#4001 = FACE_BOUND('',#4002,.T.);
#4002 = EDGE_LOOP('',(#4003,#4004,#4005,#4006,#4007,#4013,#4014));
#4003 = ORIENTED_EDGE('',*,*,#3133,.T.);
#4004 = ORIENTED_EDGE('',*,*,#1482,.F.);
#4005 = ORIENTED_EDGE('',*,*,#2311,.T.);
#4006 = ORIENTED_EDGE('',*,*,#2263,.T.);
#4007 = ORIENTED_EDGE('',*,*,#4008,.T.);
#4008 = EDGE_CURVE('',#2253,#3192,#4009,.T.);
#4009 = LINE('',#4010,#4011);
#4010 = CARTESIAN_POINT('',(-196.,-15.00000000003,39.673131434594));
#4011 = VECTOR('',#4012,1.);
#4012 = DIRECTION('',(1.110223024625E-16,-1.224646799147E-16,1.));
#4013 = ORIENTED_EDGE('',*,*,#3191,.F.);
#4014 = ORIENTED_EDGE('',*,*,#3285,.F.);
#4015 = PLANE('',#4016);
#4016 = AXIS2_PLACEMENT_3D('',#4017,#4018,#4019);
#4017 = CARTESIAN_POINT('',(-191.7212502684,-15.00000000004,
    59.374886498387));
#4018 = DIRECTION('',(2.824484929746E-13,1.,-9.181133265249E-13));
#4019 = DIRECTION('',(0.,9.181133265249E-13,1.));
#4020 = ADVANCED_FACE('',(#4021,#4081),#4084,.T.);
#4021 = FACE_BOUND('',#4022,.T.);
#4022 = EDGE_LOOP('',(#4023,#4024,#4025,#4026,#4027,#4028,#4029,#4030,
    #4031,#4032,#4033,#4034,#4035,#4036,#4037,#4038,#4039,#4040,#4041,
    #4042,#4043,#4044,#4050,#4051,#4052,#4053,#4054,#4055,#4056,#4062,
    #4063,#4064,#4065,#4066,#4067,#4068,#4069,#4070,#4071,#4072,#4073,
    #4074,#4075));
#4023 = ORIENTED_EDGE('',*,*,#3306,.T.);
#4024 = ORIENTED_EDGE('',*,*,#3368,.T.);
#4025 = ORIENTED_EDGE('',*,*,#3656,.F.);
#4026 = ORIENTED_EDGE('',*,*,#3720,.F.);
#4027 = ORIENTED_EDGE('',*,*,#3752,.T.);
#4028 = ORIENTED_EDGE('',*,*,#3817,.F.);
#4029 = ORIENTED_EDGE('',*,*,#3787,.T.);
#4030 = ORIENTED_EDGE('',*,*,#3988,.F.);
#4031 = ORIENTED_EDGE('',*,*,#2779,.T.);
#4032 = ORIENTED_EDGE('',*,*,#3101,.F.);
#4033 = ORIENTED_EDGE('',*,*,#3165,.F.);
#4034 = ORIENTED_EDGE('',*,*,#3261,.T.);
#4035 = ORIENTED_EDGE('',*,*,#3231,.F.);
#4036 = ORIENTED_EDGE('',*,*,#3199,.T.);
#4037 = ORIENTED_EDGE('',*,*,#4008,.F.);
#4038 = ORIENTED_EDGE('',*,*,#2252,.T.);
#4039 = ORIENTED_EDGE('',*,*,#2574,.F.);
#4040 = ORIENTED_EDGE('',*,*,#2638,.F.);
#4041 = ORIENTED_EDGE('',*,*,#2734,.T.);
#4042 = ORIENTED_EDGE('',*,*,#2704,.F.);
#4043 = ORIENTED_EDGE('',*,*,#2672,.T.);
#4044 = ORIENTED_EDGE('',*,*,#4045,.F.);
#4045 = EDGE_CURVE('',#1726,#2665,#4046,.T.);
#4046 = LINE('',#4047,#4048);
#4047 = CARTESIAN_POINT('',(-196.,-0.917695424588,34.718135577732));
#4048 = VECTOR('',#4049,1.);
#4049 = DIRECTION('',(2.214796699307E-16,0.866025403784,0.5));
#4050 = ORIENTED_EDGE('',*,*,#1725,.T.);
#4051 = ORIENTED_EDGE('',*,*,#2072,.F.);
#4052 = ORIENTED_EDGE('',*,*,#2111,.F.);
#4053 = ORIENTED_EDGE('',*,*,#2143,.T.);
#4054 = ORIENTED_EDGE('',*,*,#2175,.F.);
#4055 = ORIENTED_EDGE('',*,*,#2207,.T.);
#4056 = ORIENTED_EDGE('',*,*,#4057,.F.);
#4057 = EDGE_CURVE('',#329,#2200,#4058,.T.);
#4058 = LINE('',#4059,#4060);
#4059 = CARTESIAN_POINT('',(-196.,1.832304575446,20.045004143134));
#4060 = VECTOR('',#4061,1.);
#4061 = DIRECTION('',(1.659685186994E-16,0.866025403784,-0.5));
#4062 = ORIENTED_EDGE('',*,*,#328,.T.);
#4063 = ORIENTED_EDGE('',*,*,#372,.F.);
#4064 = ORIENTED_EDGE('',*,*,#404,.F.);
#4065 = ORIENTED_EDGE('',*,*,#428,.T.);
#4066 = ORIENTED_EDGE('',*,*,#453,.F.);
#4067 = ORIENTED_EDGE('',*,*,#477,.T.);
#4068 = ORIENTED_EDGE('',*,*,#532,.F.);
#4069 = ORIENTED_EDGE('',*,*,#961,.T.);
#4070 = ORIENTED_EDGE('',*,*,#1017,.F.);
#4071 = ORIENTED_EDGE('',*,*,#1087,.F.);
#4072 = ORIENTED_EDGE('',*,*,#1152,.T.);
#4073 = ORIENTED_EDGE('',*,*,#1217,.F.);
#4074 = ORIENTED_EDGE('',*,*,#1187,.T.);
#4075 = ORIENTED_EDGE('',*,*,#4076,.F.);
#4076 = EDGE_CURVE('',#3307,#1180,#4077,.T.);
#4077 = LINE('',#4078,#4079);
#4078 = CARTESIAN_POINT('',(-196.,-23.58230457541,15.281864422261));
#4079 = VECTOR('',#4080,1.);
#4080 = DIRECTION('',(-1.104573674682E-16,-0.866025403784,-0.5));
#4081 = FACE_BOUND('',#4082,.T.);
#4082 = EDGE_LOOP('',(#4083));
#4083 = ORIENTED_EDGE('',*,*,#3960,.F.);
#4084 = PLANE('',#4085);
#4085 = AXIS2_PLACEMENT_3D('',#4086,#4087,#4088);
#4086 = CARTESIAN_POINT('',(-196.,-12.26232245862,24.998476024592));
#4087 = DIRECTION('',(-1.,-0.,-0.));
#4088 = DIRECTION('',(0.,0.,-1.));
#4089 = ADVANCED_FACE('',(#4090),#4099,.T.);
#4090 = FACE_BOUND('',#4091,.T.);
#4091 = EDGE_LOOP('',(#4092,#4093,#4094,#4095,#4096,#4097,#4098));
#4092 = ORIENTED_EDGE('',*,*,#2231,.F.);
#4093 = ORIENTED_EDGE('',*,*,#2046,.T.);
#4094 = ORIENTED_EDGE('',*,*,#1278,.F.);
#4095 = ORIENTED_EDGE('',*,*,#892,.T.);
#4096 = ORIENTED_EDGE('',*,*,#339,.T.);
#4097 = ORIENTED_EDGE('',*,*,#4057,.T.);
#4098 = ORIENTED_EDGE('',*,*,#2199,.F.);
#4099 = PLANE('',#4100);
#4100 = AXIS2_PLACEMENT_3D('',#4101,#4102,#4103);
#4101 = CARTESIAN_POINT('',(-191.7212502684,18.894524959832,
    10.194126611243));
#4102 = DIRECTION('',(2.823377020864E-13,-0.500000000001,-0.866025403784
    ));
#4103 = DIRECTION('',(0.,-0.866025403784,0.500000000001));
#4104 = ADVANCED_FACE('',(#4105),#4114,.T.);
#4105 = FACE_BOUND('',#4106,.T.);
#4106 = EDGE_LOOP('',(#4107,#4108,#4109,#4110,#4111,#4112,#4113));
#4107 = ORIENTED_EDGE('',*,*,#1111,.T.);
#4108 = ORIENTED_EDGE('',*,*,#1695,.F.);
#4109 = ORIENTED_EDGE('',*,*,#3383,.T.);
#4110 = ORIENTED_EDGE('',*,*,#3317,.T.);
#4111 = ORIENTED_EDGE('',*,*,#4076,.T.);
#4112 = ORIENTED_EDGE('',*,*,#1179,.F.);
#4113 = ORIENTED_EDGE('',*,*,#1240,.F.);
#4114 = PLANE('',#4115);
#4115 = AXIS2_PLACEMENT_3D('',#4116,#4117,#4118);
#4116 = CARTESIAN_POINT('',(-191.7212502684,-40.64452495979,
    5.43098689036));
#4117 = DIRECTION('',(2.823119648632E-13,-0.499999999999,0.866025403785)
  );
#4118 = DIRECTION('',(0.,0.866025403785,0.499999999999));
#4119 = ADVANCED_FACE('',(#4120),#4129,.T.);
#4120 = FACE_BOUND('',#4121,.T.);
#4121 = EDGE_LOOP('',(#4122,#4123,#4124,#4125,#4126,#4127,#4128));
#4122 = ORIENTED_EDGE('',*,*,#2606,.T.);
#4123 = ORIENTED_EDGE('',*,*,#1380,.F.);
#4124 = ORIENTED_EDGE('',*,*,#1784,.T.);
#4125 = ORIENTED_EDGE('',*,*,#1736,.T.);
#4126 = ORIENTED_EDGE('',*,*,#4045,.T.);
#4127 = ORIENTED_EDGE('',*,*,#2664,.F.);
#4128 = ORIENTED_EDGE('',*,*,#2758,.F.);
#4129 = PLANE('',#4130);
#4130 = AXIS2_PLACEMENT_3D('',#4131,#4132,#4133);
#4131 = CARTESIAN_POINT('',(-191.7212502684,16.144524959793,
    44.569013109633));
#4132 = DIRECTION('',(2.822495283739E-13,0.499999999999,-0.866025403785)
  );
#4133 = DIRECTION('',(-2.524354896707E-29,-0.866025403785,
    -0.499999999999));
#4134 = ( GEOMETRIC_REPRESENTATION_CONTEXT(3) 
GLOBAL_UNCERTAINTY_ASSIGNED_CONTEXT((#4138)) 
GLOBAL_UNIT_ASSIGNED_CONTEXT((#4135,#4136,#4137)) REPRESENTATION_CONTEXT
('Context #1','3D Context with UNIT and UNCERTAINTY') );
#4135 = ( LENGTH_UNIT() NAMED_UNIT(*) SI_UNIT(.MILLI.,.METRE.) );
#4136 = ( NAMED_UNIT(*) PLANE_ANGLE_UNIT() SI_UNIT($,.RADIAN.) );
#4137 = ( NAMED_UNIT(*) SI_UNIT($,.STERADIAN.) SOLID_ANGLE_UNIT() );
#4138 = UNCERTAINTY_MEASURE_WITH_UNIT(LENGTH_MEASURE(2.E-05),#4135,
  'distance_accuracy_value','confusion accuracy');
#4139 = PRODUCT_RELATED_PRODUCT_CATEGORY('part',$,(#7));
#4140 = MECHANICAL_DESIGN_GEOMETRIC_PRESENTATION_REPRESENTATION('',(
    #4141),#4134);
#4141 = STYLED_ITEM('color',(#4142),#15);
#4142 = PRESENTATION_STYLE_ASSIGNMENT((#4143,#4149));
#4143 = SURFACE_STYLE_USAGE(.BOTH.,#4144);
#4144 = SURFACE_SIDE_STYLE('',(#4145));
#4145 = SURFACE_STYLE_FILL_AREA(#4146);
#4146 = FILL_AREA_STYLE('',(#4147));
#4147 = FILL_AREA_STYLE_COLOUR('',#4148);
#4148 = COLOUR_RGB('',0.678431390124,0.709803936702,0.741176476869);
#4149 = CURVE_STYLE('',#4150,POSITIVE_LENGTH_MEASURE(0.1),#4151);
#4150 = DRAUGHTING_PRE_DEFINED_CURVE_FONT('continuous');
#4151 = COLOUR_RGB('',9.803921802644E-02,9.803921802644E-02,
  9.803921802644E-02);
ENDSEC;
END-ISO-10303-21;
