ISO-10303-21;
HEADER;
FILE_DESCRIPTION(('FreeCAD Model'),'2;1');
FILE_NAME('Open CASCADE Shape Model','2025-11-21T18:13:51',(''),(''),
  'Open CASCADE STEP processor 7.8','FreeCAD','Unknown');
FILE_SCHEMA(('AUTOMOTIVE_DESIGN { 1 0 10303 214 1 1 1 1 }'));
ENDSEC;
DATA;
#1 = APPLICATION_PROTOCOL_DEFINITION('international standard',
  'automotive_design',2000,#2);
#2 = APPLICATION_CONTEXT(
  'core data for automotive mechanical design processes');
#3 = SHAPE_DEFINITION_REPRESENTATION(#4,#10);
#4 = PRODUCT_DEFINITION_SHAPE('','',#5);
#5 = PRODUCT_DEFINITION('design','',#6,#9);
#6 = PRODUCT_DEFINITION_FORMATION('','',#7);
#7 = PRODUCT('Chamfer003','Chamfer003','',(#8));
#8 = PRODUCT_CONTEXT('',#2,'mechanical');
#9 = PRODUCT_DEFINITION_CONTEXT('part definition',#2,'design');
#10 = ADVANCED_BREP_SHAPE_REPRESENTATION('',(#11,#15),#3613);
#11 = AXIS2_PLACEMENT_3D('',#12,#13,#14);
#12 = CARTESIAN_POINT('',(0.,0.,0.));
#13 = DIRECTION('',(0.,0.,1.));
#14 = DIRECTION('',(1.,0.,-0.));
#15 = MANIFOLD_SOLID_BREP('',#16);
#16 = CLOSED_SHELL('',(#17,#373,#405,#429,#453,#478,#503,#527,#551,#569,
    #600,#630,#660,#685,#710,#737,#764,#781,#813,#842,#869,#893,#917,
    #944,#974,#992,#1023,#1050,#1080,#1105,#1130,#1159,#1186,#1203,#1234
    ,#1261,#1291,#1316,#1341,#1370,#1397,#1414,#1446,#1470,#1494,#1519,
    #1544,#1568,#1592,#1610,#1655,#1760,#1865,#1896,#1926,#2005,#2077,
    #2094,#2135,#2207,#2316,#2344,#2375,#2456,#2561,#2579,#2624,#2732,
    #2837,#2865,#2896,#2968,#3047,#3064,#3109,#3217,#3322,#3350,#3381,
    #3453,#3532,#3549,#3565,#3577,#3589,#3601));
#17 = ADVANCED_FACE('',(#18,#88,#158,#228,#298),#368,.T.);
#18 = FACE_BOUND('',#19,.T.);
#19 = EDGE_LOOP('',(#20,#31,#39,#48,#56,#65,#73,#82));
#20 = ORIENTED_EDGE('',*,*,#21,.F.);
#21 = EDGE_CURVE('',#22,#24,#26,.T.);
#22 = VERTEX_POINT('',#23);
#23 = CARTESIAN_POINT('',(-60.99999999999,40.2,0.));
#24 = VERTEX_POINT('',#25);
#25 = CARTESIAN_POINT('',(-56.99999999999,44.2,0.));
#26 = CIRCLE('',#27,4.);
#27 = AXIS2_PLACEMENT_3D('',#28,#29,#30);
#28 = CARTESIAN_POINT('',(-56.99999999999,40.2,0.));
#29 = DIRECTION('',(0.,0.,-1.));
#30 = DIRECTION('',(-1.,0.,0.));
#31 = ORIENTED_EDGE('',*,*,#32,.F.);
#32 = EDGE_CURVE('',#33,#22,#35,.T.);
#33 = VERTEX_POINT('',#34);
#34 = CARTESIAN_POINT('',(-60.99999999999,7.,0.));
#35 = LINE('',#36,#37);
#36 = CARTESIAN_POINT('',(-60.99999999999,7.,0.));
#37 = VECTOR('',#38,1.);
#38 = DIRECTION('',(0.,1.,0.));
#39 = ORIENTED_EDGE('',*,*,#40,.F.);
#40 = EDGE_CURVE('',#41,#33,#43,.T.);
#41 = VERTEX_POINT('',#42);
#42 = CARTESIAN_POINT('',(-56.99999999999,3.,-1.665334536938E-16));
#43 = CIRCLE('',#44,4.);
#44 = AXIS2_PLACEMENT_3D('',#45,#46,#47);
#45 = CARTESIAN_POINT('',(-56.99999999999,7.,0.));
#46 = DIRECTION('',(-0.,-0.,-1.));
#47 = DIRECTION('',(0.,-1.,0.));
#48 = ORIENTED_EDGE('',*,*,#49,.F.);
#49 = EDGE_CURVE('',#50,#41,#52,.T.);
#50 = VERTEX_POINT('',#51);
#51 = CARTESIAN_POINT('',(56.999999999999,3.,0.));
#52 = LINE('',#53,#54);
#53 = CARTESIAN_POINT('',(56.999999999999,3.,0.));
#54 = VECTOR('',#55,1.);
#55 = DIRECTION('',(-1.,0.,0.));
#56 = ORIENTED_EDGE('',*,*,#57,.F.);
#57 = EDGE_CURVE('',#58,#50,#60,.T.);
#58 = VERTEX_POINT('',#59);
#59 = CARTESIAN_POINT('',(60.999999999999,7.,-9.436895709314E-16));
#60 = CIRCLE('',#61,4.);
#61 = AXIS2_PLACEMENT_3D('',#62,#63,#64);
#62 = CARTESIAN_POINT('',(56.999999999999,7.,0.));
#63 = DIRECTION('',(0.,-0.,-1.));
#64 = DIRECTION('',(1.,-1.7763568394E-16,0.));
#65 = ORIENTED_EDGE('',*,*,#66,.F.);
#66 = EDGE_CURVE('',#67,#58,#69,.T.);
#67 = VERTEX_POINT('',#68);
#68 = CARTESIAN_POINT('',(60.999999999999,40.2,0.));
#69 = LINE('',#70,#71);
#70 = CARTESIAN_POINT('',(60.999999999999,40.2,0.));
#71 = VECTOR('',#72,1.);
#72 = DIRECTION('',(0.,-1.,0.));
#73 = ORIENTED_EDGE('',*,*,#74,.F.);
#74 = EDGE_CURVE('',#75,#67,#77,.T.);
#75 = VERTEX_POINT('',#76);
#76 = CARTESIAN_POINT('',(56.999999999999,44.2,-9.436895709314E-16));
#77 = CIRCLE('',#78,4.);
#78 = AXIS2_PLACEMENT_3D('',#79,#80,#81);
#79 = CARTESIAN_POINT('',(56.999999999999,40.2,0.));
#80 = DIRECTION('',(0.,0.,-1.));
#81 = DIRECTION('',(0.,1.,0.));
#82 = ORIENTED_EDGE('',*,*,#83,.F.);
#83 = EDGE_CURVE('',#24,#75,#84,.T.);
#84 = LINE('',#85,#86);
#85 = CARTESIAN_POINT('',(-56.99999999999,44.2,0.));
#86 = VECTOR('',#87,1.);
#87 = DIRECTION('',(1.,0.,0.));
#88 = FACE_BOUND('',#89,.T.);
#89 = EDGE_LOOP('',(#90,#100,#109,#117,#126,#134,#143,#151));
#90 = ORIENTED_EDGE('',*,*,#91,.F.);
#91 = EDGE_CURVE('',#92,#94,#96,.T.);
#92 = VERTEX_POINT('',#93);
#93 = CARTESIAN_POINT('',(58.25,10.050000000001,0.));
#94 = VERTEX_POINT('',#95);
#95 = CARTESIAN_POINT('',(-58.25,10.050000000001,0.));
#96 = LINE('',#97,#98);
#97 = CARTESIAN_POINT('',(58.75,10.050000000001,0.));
#98 = VECTOR('',#99,1.);
#99 = DIRECTION('',(-1.,0.,0.));
#100 = ORIENTED_EDGE('',*,*,#101,.F.);
#101 = EDGE_CURVE('',#102,#92,#104,.T.);
#102 = VERTEX_POINT('',#103);
#103 = CARTESIAN_POINT('',(58.75,9.550000000001,0.));
#104 = CIRCLE('',#105,0.5);
#105 = AXIS2_PLACEMENT_3D('',#106,#107,#108);
#106 = CARTESIAN_POINT('',(58.25,9.550000000001,0.));
#107 = DIRECTION('',(0.,-0.,1.));
#108 = DIRECTION('',(0.,1.,0.));
#109 = ORIENTED_EDGE('',*,*,#110,.T.);
#110 = EDGE_CURVE('',#102,#111,#113,.T.);
#111 = VERTEX_POINT('',#112);
#112 = CARTESIAN_POINT('',(58.75,6.000000000003,0.));
#113 = LINE('',#114,#115);
#114 = CARTESIAN_POINT('',(58.75,10.050000000001,0.));
#115 = VECTOR('',#116,1.);
#116 = DIRECTION('',(0.,-1.,0.));
#117 = ORIENTED_EDGE('',*,*,#118,.T.);
#118 = EDGE_CURVE('',#111,#119,#121,.T.);
#119 = VERTEX_POINT('',#120);
#120 = CARTESIAN_POINT('',(58.25,5.500000000003,0.));
#121 = CIRCLE('',#122,0.5);
#122 = AXIS2_PLACEMENT_3D('',#123,#124,#125);
#123 = CARTESIAN_POINT('',(58.25,6.000000000003,0.));
#124 = DIRECTION('',(-0.,-0.,-1.));
#125 = DIRECTION('',(0.,-1.,0.));
#126 = ORIENTED_EDGE('',*,*,#127,.T.);
#127 = EDGE_CURVE('',#119,#128,#130,.T.);
#128 = VERTEX_POINT('',#129);
#129 = CARTESIAN_POINT('',(-58.25,5.500000000003,0.));
#130 = LINE('',#131,#132);
#131 = CARTESIAN_POINT('',(58.75,5.500000000003,0.));
#132 = VECTOR('',#133,1.);
#133 = DIRECTION('',(-1.,0.,0.));
#134 = ORIENTED_EDGE('',*,*,#135,.F.);
#135 = EDGE_CURVE('',#136,#128,#138,.T.);
#136 = VERTEX_POINT('',#137);
#137 = CARTESIAN_POINT('',(-58.75,6.000000000003,0.));
#138 = CIRCLE('',#139,0.5);
#139 = AXIS2_PLACEMENT_3D('',#140,#141,#142);
#140 = CARTESIAN_POINT('',(-58.25,6.000000000003,0.));
#141 = DIRECTION('',(-0.,0.,1.));
#142 = DIRECTION('',(0.,-1.,0.));
#143 = ORIENTED_EDGE('',*,*,#144,.T.);
#144 = EDGE_CURVE('',#136,#145,#147,.T.);
#145 = VERTEX_POINT('',#146);
#146 = CARTESIAN_POINT('',(-58.75,9.550000000001,0.));
#147 = LINE('',#148,#149);
#148 = CARTESIAN_POINT('',(-58.75,16.889491040473,0.));
#149 = VECTOR('',#150,1.);
#150 = DIRECTION('',(-2.301763417227E-16,1.,0.));
#151 = ORIENTED_EDGE('',*,*,#152,.T.);
#152 = EDGE_CURVE('',#145,#94,#153,.T.);
#153 = CIRCLE('',#154,0.5);
#154 = AXIS2_PLACEMENT_3D('',#155,#156,#157);
#155 = CARTESIAN_POINT('',(-58.25,9.550000000001,0.));
#156 = DIRECTION('',(0.,0.,-1.));
#157 = DIRECTION('',(0.,1.,0.));
#158 = FACE_BOUND('',#159,.T.);
#159 = EDGE_LOOP('',(#160,#170,#179,#187,#196,#204,#213,#221));
#160 = ORIENTED_EDGE('',*,*,#161,.F.);
#161 = EDGE_CURVE('',#162,#164,#166,.T.);
#162 = VERTEX_POINT('',#163);
#163 = CARTESIAN_POINT('',(58.75,16.550000000002,0.));
#164 = VERTEX_POINT('',#165);
#165 = CARTESIAN_POINT('',(58.75,20.1,0.));
#166 = LINE('',#167,#168);
#167 = CARTESIAN_POINT('',(58.75,16.050000000002,0.));
#168 = VECTOR('',#169,1.);
#169 = DIRECTION('',(0.,1.,0.));
#170 = ORIENTED_EDGE('',*,*,#171,.T.);
#171 = EDGE_CURVE('',#162,#172,#174,.T.);
#172 = VERTEX_POINT('',#173);
#173 = CARTESIAN_POINT('',(58.25,16.050000000002,0.));
#174 = CIRCLE('',#175,0.5);
#175 = AXIS2_PLACEMENT_3D('',#176,#177,#178);
#176 = CARTESIAN_POINT('',(58.25,16.550000000002,0.));
#177 = DIRECTION('',(0.,0.,-1.));
#178 = DIRECTION('',(0.,1.,0.));
#179 = ORIENTED_EDGE('',*,*,#180,.T.);
#180 = EDGE_CURVE('',#172,#181,#183,.T.);
#181 = VERTEX_POINT('',#182);
#182 = CARTESIAN_POINT('',(-58.25,16.050000000002,0.));
#183 = LINE('',#184,#185);
#184 = CARTESIAN_POINT('',(58.75,16.050000000002,0.));
#185 = VECTOR('',#186,1.);
#186 = DIRECTION('',(-1.,0.,0.));
#187 = ORIENTED_EDGE('',*,*,#188,.F.);
#188 = EDGE_CURVE('',#189,#181,#191,.T.);
#189 = VERTEX_POINT('',#190);
#190 = CARTESIAN_POINT('',(-58.75,16.550000000002,0.));
#191 = CIRCLE('',#192,0.5);
#192 = AXIS2_PLACEMENT_3D('',#193,#194,#195);
#193 = CARTESIAN_POINT('',(-58.25,16.550000000002,0.));
#194 = DIRECTION('',(-0.,0.,1.));
#195 = DIRECTION('',(0.,-1.,0.));
#196 = ORIENTED_EDGE('',*,*,#197,.F.);
#197 = EDGE_CURVE('',#198,#189,#200,.T.);
#198 = VERTEX_POINT('',#199);
#199 = CARTESIAN_POINT('',(-58.75,20.1,0.));
#200 = LINE('',#201,#202);
#201 = CARTESIAN_POINT('',(-58.75,19.889491040474,0.));
#202 = VECTOR('',#203,1.);
#203 = DIRECTION('',(2.301763417227E-16,-1.,0.));
#204 = ORIENTED_EDGE('',*,*,#205,.T.);
#205 = EDGE_CURVE('',#198,#206,#208,.T.);
#206 = VERTEX_POINT('',#207);
#207 = CARTESIAN_POINT('',(-58.25,20.6,0.));
#208 = CIRCLE('',#209,0.5);
#209 = AXIS2_PLACEMENT_3D('',#210,#211,#212);
#210 = CARTESIAN_POINT('',(-58.25,20.1,0.));
#211 = DIRECTION('',(0.,0.,-1.));
#212 = DIRECTION('',(0.,1.,0.));
#213 = ORIENTED_EDGE('',*,*,#214,.F.);
#214 = EDGE_CURVE('',#215,#206,#217,.T.);
#215 = VERTEX_POINT('',#216);
#216 = CARTESIAN_POINT('',(58.25,20.6,0.));
#217 = LINE('',#218,#219);
#218 = CARTESIAN_POINT('',(58.75,20.6,0.));
#219 = VECTOR('',#220,1.);
#220 = DIRECTION('',(-1.,0.,0.));
#221 = ORIENTED_EDGE('',*,*,#222,.F.);
#222 = EDGE_CURVE('',#164,#215,#223,.T.);
#223 = CIRCLE('',#224,0.5);
#224 = AXIS2_PLACEMENT_3D('',#225,#226,#227);
#225 = CARTESIAN_POINT('',(58.25,20.1,0.));
#226 = DIRECTION('',(-0.,0.,1.));
#227 = DIRECTION('',(0.,-1.,0.));
#228 = FACE_BOUND('',#229,.T.);
#229 = EDGE_LOOP('',(#230,#240,#249,#257,#266,#274,#283,#291));
#230 = ORIENTED_EDGE('',*,*,#231,.F.);
#231 = EDGE_CURVE('',#232,#234,#236,.T.);
#232 = VERTEX_POINT('',#233);
#233 = CARTESIAN_POINT('',(58.25,31.15,0.));
#234 = VERTEX_POINT('',#235);
#235 = CARTESIAN_POINT('',(-58.25,31.15,0.));
#236 = LINE('',#237,#238);
#237 = CARTESIAN_POINT('',(58.75,31.15,0.));
#238 = VECTOR('',#239,1.);
#239 = DIRECTION('',(-1.,0.,0.));
#240 = ORIENTED_EDGE('',*,*,#241,.F.);
#241 = EDGE_CURVE('',#242,#232,#244,.T.);
#242 = VERTEX_POINT('',#243);
#243 = CARTESIAN_POINT('',(58.75,30.65,0.));
#244 = CIRCLE('',#245,0.5);
#245 = AXIS2_PLACEMENT_3D('',#246,#247,#248);
#246 = CARTESIAN_POINT('',(58.25,30.65,0.));
#247 = DIRECTION('',(-0.,0.,1.));
#248 = DIRECTION('',(0.,-1.,0.));
#249 = ORIENTED_EDGE('',*,*,#250,.T.);
#250 = EDGE_CURVE('',#242,#251,#253,.T.);
#251 = VERTEX_POINT('',#252);
#252 = CARTESIAN_POINT('',(58.75,27.100000000001,0.));
#253 = LINE('',#254,#255);
#254 = CARTESIAN_POINT('',(58.75,31.15,0.));
#255 = VECTOR('',#256,1.);
#256 = DIRECTION('',(0.,-1.,0.));
#257 = ORIENTED_EDGE('',*,*,#258,.T.);
#258 = EDGE_CURVE('',#251,#259,#261,.T.);
#259 = VERTEX_POINT('',#260);
#260 = CARTESIAN_POINT('',(58.25,26.600000000001,0.));
#261 = CIRCLE('',#262,0.5);
#262 = AXIS2_PLACEMENT_3D('',#263,#264,#265);
#263 = CARTESIAN_POINT('',(58.25,27.100000000001,0.));
#264 = DIRECTION('',(0.,0.,-1.));
#265 = DIRECTION('',(0.,1.,0.));
#266 = ORIENTED_EDGE('',*,*,#267,.T.);
#267 = EDGE_CURVE('',#259,#268,#270,.T.);
#268 = VERTEX_POINT('',#269);
#269 = CARTESIAN_POINT('',(-58.25,26.600000000001,0.));
#270 = LINE('',#271,#272);
#271 = CARTESIAN_POINT('',(58.75,26.600000000001,0.));
#272 = VECTOR('',#273,1.);
#273 = DIRECTION('',(-1.,0.,0.));
#274 = ORIENTED_EDGE('',*,*,#275,.F.);
#275 = EDGE_CURVE('',#276,#268,#278,.T.);
#276 = VERTEX_POINT('',#277);
#277 = CARTESIAN_POINT('',(-58.75,27.100000000001,0.));
#278 = CIRCLE('',#279,0.5);
#279 = AXIS2_PLACEMENT_3D('',#280,#281,#282);
#280 = CARTESIAN_POINT('',(-58.25,27.100000000001,0.));
#281 = DIRECTION('',(-0.,0.,1.));
#282 = DIRECTION('',(0.,-1.,0.));
#283 = ORIENTED_EDGE('',*,*,#284,.T.);
#284 = EDGE_CURVE('',#276,#285,#287,.T.);
#285 = VERTEX_POINT('',#286);
#286 = CARTESIAN_POINT('',(-58.75,30.65,0.));
#287 = LINE('',#288,#289);
#288 = CARTESIAN_POINT('',(-58.75,27.439491040473,0.));
#289 = VECTOR('',#290,1.);
#290 = DIRECTION('',(-2.301763417227E-16,1.,0.));
#291 = ORIENTED_EDGE('',*,*,#292,.T.);
#292 = EDGE_CURVE('',#285,#234,#293,.T.);
#293 = CIRCLE('',#294,0.5);
#294 = AXIS2_PLACEMENT_3D('',#295,#296,#297);
#295 = CARTESIAN_POINT('',(-58.25,30.65,0.));
#296 = DIRECTION('',(0.,0.,-1.));
#297 = DIRECTION('',(0.,1.,0.));
#298 = FACE_BOUND('',#299,.T.);
#299 = EDGE_LOOP('',(#300,#310,#319,#327,#336,#344,#353,#361));
#300 = ORIENTED_EDGE('',*,*,#301,.F.);
#301 = EDGE_CURVE('',#302,#304,#306,.T.);
#302 = VERTEX_POINT('',#303);
#303 = CARTESIAN_POINT('',(58.25,41.7,0.));
#304 = VERTEX_POINT('',#305);
#305 = CARTESIAN_POINT('',(-58.25,41.7,0.));
#306 = LINE('',#307,#308);
#307 = CARTESIAN_POINT('',(58.75,41.7,0.));
#308 = VECTOR('',#309,1.);
#309 = DIRECTION('',(-1.,0.,0.));
#310 = ORIENTED_EDGE('',*,*,#311,.F.);
#311 = EDGE_CURVE('',#312,#302,#314,.T.);
#312 = VERTEX_POINT('',#313);
#313 = CARTESIAN_POINT('',(58.75,41.2,0.));
#314 = CIRCLE('',#315,0.5);
#315 = AXIS2_PLACEMENT_3D('',#316,#317,#318);
#316 = CARTESIAN_POINT('',(58.25,41.2,0.));
#317 = DIRECTION('',(-0.,0.,1.));
#318 = DIRECTION('',(0.,-1.,0.));
#319 = ORIENTED_EDGE('',*,*,#320,.T.);
#320 = EDGE_CURVE('',#312,#321,#323,.T.);
#321 = VERTEX_POINT('',#322);
#322 = CARTESIAN_POINT('',(58.75,37.650000000001,0.));
#323 = LINE('',#324,#325);
#324 = CARTESIAN_POINT('',(58.75,41.7,0.));
#325 = VECTOR('',#326,1.);
#326 = DIRECTION('',(0.,-1.,0.));
#327 = ORIENTED_EDGE('',*,*,#328,.T.);
#328 = EDGE_CURVE('',#321,#329,#331,.T.);
#329 = VERTEX_POINT('',#330);
#330 = CARTESIAN_POINT('',(58.25,37.150000000001,0.));
#331 = CIRCLE('',#332,0.5);
#332 = AXIS2_PLACEMENT_3D('',#333,#334,#335);
#333 = CARTESIAN_POINT('',(58.25,37.650000000001,0.));
#334 = DIRECTION('',(0.,0.,-1.));
#335 = DIRECTION('',(0.,1.,0.));
#336 = ORIENTED_EDGE('',*,*,#337,.T.);
#337 = EDGE_CURVE('',#329,#338,#340,.T.);
#338 = VERTEX_POINT('',#339);
#339 = CARTESIAN_POINT('',(-58.25,37.150000000001,0.));
#340 = LINE('',#341,#342);
#341 = CARTESIAN_POINT('',(58.75,37.150000000001,0.));
#342 = VECTOR('',#343,1.);
#343 = DIRECTION('',(-1.,0.,0.));
#344 = ORIENTED_EDGE('',*,*,#345,.F.);
#345 = EDGE_CURVE('',#346,#338,#348,.T.);
#346 = VERTEX_POINT('',#347);
#347 = CARTESIAN_POINT('',(-58.75,37.650000000001,0.));
#348 = CIRCLE('',#349,0.5);
#349 = AXIS2_PLACEMENT_3D('',#350,#351,#352);
#350 = CARTESIAN_POINT('',(-58.25,37.650000000001,0.));
#351 = DIRECTION('',(-0.,0.,1.));
#352 = DIRECTION('',(0.,-1.,0.));
#353 = ORIENTED_EDGE('',*,*,#354,.T.);
#354 = EDGE_CURVE('',#346,#355,#357,.T.);
#355 = VERTEX_POINT('',#356);
#356 = CARTESIAN_POINT('',(-58.75,41.2,0.));
#357 = LINE('',#358,#359);
#358 = CARTESIAN_POINT('',(-58.75,32.714491040472,0.));
#359 = VECTOR('',#360,1.);
#360 = DIRECTION('',(-2.301763417227E-16,1.,0.));
#361 = ORIENTED_EDGE('',*,*,#362,.T.);
#362 = EDGE_CURVE('',#355,#304,#363,.T.);
#363 = CIRCLE('',#364,0.5);
#364 = AXIS2_PLACEMENT_3D('',#365,#366,#367);
#365 = CARTESIAN_POINT('',(-58.25,41.2,0.));
#366 = DIRECTION('',(0.,0.,-1.));
#367 = DIRECTION('',(0.,1.,0.));
#368 = PLANE('',#369);
#369 = AXIS2_PLACEMENT_3D('',#370,#371,#372);
#370 = CARTESIAN_POINT('',(6.799452016843E-15,23.6,0.));
#371 = DIRECTION('',(0.,0.,1.));
#372 = DIRECTION('',(1.,0.,0.));
#373 = ADVANCED_FACE('',(#374),#400,.T.);
#374 = FACE_BOUND('',#375,.T.);
#375 = EDGE_LOOP('',(#376,#384,#385,#393));
#376 = ORIENTED_EDGE('',*,*,#377,.F.);
#377 = EDGE_CURVE('',#22,#378,#380,.T.);
#378 = VERTEX_POINT('',#379);
#379 = CARTESIAN_POINT('',(-61.99999999999,40.2,-1.));
#380 = LINE('',#381,#382);
#381 = CARTESIAN_POINT('',(-61.99999999999,40.2,-1.));
#382 = VECTOR('',#383,1.);
#383 = DIRECTION('',(-0.707106781187,0.,-0.707106781187));
#384 = ORIENTED_EDGE('',*,*,#21,.T.);
#385 = ORIENTED_EDGE('',*,*,#386,.T.);
#386 = EDGE_CURVE('',#24,#387,#389,.T.);
#387 = VERTEX_POINT('',#388);
#388 = CARTESIAN_POINT('',(-56.99999999999,45.2,-1.));
#389 = LINE('',#390,#391);
#390 = CARTESIAN_POINT('',(-56.99999999999,45.2,-1.));
#391 = VECTOR('',#392,1.);
#392 = DIRECTION('',(-4.329780281177E-17,0.707106781187,-0.707106781187)
  );
#393 = ORIENTED_EDGE('',*,*,#394,.F.);
#394 = EDGE_CURVE('',#378,#387,#395,.T.);
#395 = CIRCLE('',#396,5.);
#396 = AXIS2_PLACEMENT_3D('',#397,#398,#399);
#397 = CARTESIAN_POINT('',(-56.99999999999,40.2,-1.));
#398 = DIRECTION('',(0.,0.,-1.));
#399 = DIRECTION('',(-1.,0.,0.));
#400 = CONICAL_SURFACE('',#401,5.,0.785398163397);
#401 = AXIS2_PLACEMENT_3D('',#402,#403,#404);
#402 = CARTESIAN_POINT('',(-56.99999999999,40.2,-1.));
#403 = DIRECTION('',(-0.,-0.,-1.));
#404 = DIRECTION('',(-1.,0.,0.));
#405 = ADVANCED_FACE('',(#406),#424,.F.);
#406 = FACE_BOUND('',#407,.T.);
#407 = EDGE_LOOP('',(#408,#416,#417,#418));
#408 = ORIENTED_EDGE('',*,*,#409,.F.);
#409 = EDGE_CURVE('',#33,#410,#412,.T.);
#410 = VERTEX_POINT('',#411);
#411 = CARTESIAN_POINT('',(-61.99999999999,7.,-1.));
#412 = LINE('',#413,#414);
#413 = CARTESIAN_POINT('',(-61.99999999999,7.,-1.));
#414 = VECTOR('',#415,1.);
#415 = DIRECTION('',(-0.707106781187,-4.329780281177E-17,-0.707106781187
    ));
#416 = ORIENTED_EDGE('',*,*,#32,.T.);
#417 = ORIENTED_EDGE('',*,*,#377,.T.);
#418 = ORIENTED_EDGE('',*,*,#419,.F.);
#419 = EDGE_CURVE('',#410,#378,#420,.T.);
#420 = LINE('',#421,#422);
#421 = CARTESIAN_POINT('',(-61.99999999999,7.,-1.));
#422 = VECTOR('',#423,1.);
#423 = DIRECTION('',(0.,1.,0.));
#424 = PLANE('',#425);
#425 = AXIS2_PLACEMENT_3D('',#426,#427,#428);
#426 = CARTESIAN_POINT('',(-61.49999999999,7.,-0.5));
#427 = DIRECTION('',(0.707106781187,0.,-0.707106781187));
#428 = DIRECTION('',(-0.,-1.,-0.));
#429 = ADVANCED_FACE('',(#430),#448,.F.);
#430 = FACE_BOUND('',#431,.T.);
#431 = EDGE_LOOP('',(#432,#433,#434,#442));
#432 = ORIENTED_EDGE('',*,*,#386,.F.);
#433 = ORIENTED_EDGE('',*,*,#83,.T.);
#434 = ORIENTED_EDGE('',*,*,#435,.T.);
#435 = EDGE_CURVE('',#75,#436,#438,.T.);
#436 = VERTEX_POINT('',#437);
#437 = CARTESIAN_POINT('',(56.999999999999,45.2,-1.));
#438 = LINE('',#439,#440);
#439 = CARTESIAN_POINT('',(56.999999999999,44.7,-0.5));
#440 = VECTOR('',#441,1.);
#441 = DIRECTION('',(0.,0.707106781187,-0.707106781187));
#442 = ORIENTED_EDGE('',*,*,#443,.F.);
#443 = EDGE_CURVE('',#387,#436,#444,.T.);
#444 = LINE('',#445,#446);
#445 = CARTESIAN_POINT('',(-56.99999999999,45.2,-1.));
#446 = VECTOR('',#447,1.);
#447 = DIRECTION('',(1.,0.,0.));
#448 = PLANE('',#449);
#449 = AXIS2_PLACEMENT_3D('',#450,#451,#452);
#450 = CARTESIAN_POINT('',(-56.99999999999,44.7,-0.5));
#451 = DIRECTION('',(0.,-0.707106781187,-0.707106781187));
#452 = DIRECTION('',(-1.,-0.,-0.));
#453 = ADVANCED_FACE('',(#454),#473,.T.);
#454 = FACE_BOUND('',#455,.T.);
#455 = EDGE_LOOP('',(#456,#464,#465,#466));
#456 = ORIENTED_EDGE('',*,*,#457,.F.);
#457 = EDGE_CURVE('',#41,#458,#460,.T.);
#458 = VERTEX_POINT('',#459);
#459 = CARTESIAN_POINT('',(-56.99999999999,2.,-1.));
#460 = LINE('',#461,#462);
#461 = CARTESIAN_POINT('',(-56.99999999999,2.5,-0.5));
#462 = VECTOR('',#463,1.);
#463 = DIRECTION('',(-0.,-0.707106781187,-0.707106781187));
#464 = ORIENTED_EDGE('',*,*,#40,.T.);
#465 = ORIENTED_EDGE('',*,*,#409,.T.);
#466 = ORIENTED_EDGE('',*,*,#467,.F.);
#467 = EDGE_CURVE('',#458,#410,#468,.T.);
#468 = CIRCLE('',#469,5.);
#469 = AXIS2_PLACEMENT_3D('',#470,#471,#472);
#470 = CARTESIAN_POINT('',(-56.99999999999,7.,-1.));
#471 = DIRECTION('',(-0.,-0.,-1.));
#472 = DIRECTION('',(0.,-1.,0.));
#473 = CONICAL_SURFACE('',#474,5.,0.785398163397);
#474 = AXIS2_PLACEMENT_3D('',#475,#476,#477);
#475 = CARTESIAN_POINT('',(-56.99999999999,7.,-1.));
#476 = DIRECTION('',(-0.,-0.,-1.));
#477 = DIRECTION('',(0.,-1.,0.));
#478 = ADVANCED_FACE('',(#479),#498,.T.);
#479 = FACE_BOUND('',#480,.T.);
#480 = EDGE_LOOP('',(#481,#482,#483,#491));
#481 = ORIENTED_EDGE('',*,*,#435,.F.);
#482 = ORIENTED_EDGE('',*,*,#74,.T.);
#483 = ORIENTED_EDGE('',*,*,#484,.T.);
#484 = EDGE_CURVE('',#67,#485,#487,.T.);
#485 = VERTEX_POINT('',#486);
#486 = CARTESIAN_POINT('',(61.999999999999,40.2,-1.));
#487 = LINE('',#488,#489);
#488 = CARTESIAN_POINT('',(61.999999999999,40.2,-1.));
#489 = VECTOR('',#490,1.);
#490 = DIRECTION('',(0.707106781187,4.329780281177E-17,-0.707106781187)
  );
#491 = ORIENTED_EDGE('',*,*,#492,.F.);
#492 = EDGE_CURVE('',#436,#485,#493,.T.);
#493 = CIRCLE('',#494,5.);
#494 = AXIS2_PLACEMENT_3D('',#495,#496,#497);
#495 = CARTESIAN_POINT('',(56.999999999999,40.2,-1.));
#496 = DIRECTION('',(0.,0.,-1.));
#497 = DIRECTION('',(0.,1.,0.));
#498 = CONICAL_SURFACE('',#499,5.,0.785398163397);
#499 = AXIS2_PLACEMENT_3D('',#500,#501,#502);
#500 = CARTESIAN_POINT('',(56.999999999999,40.2,-1.));
#501 = DIRECTION('',(-0.,-0.,-1.));
#502 = DIRECTION('',(0.,1.,0.));
#503 = ADVANCED_FACE('',(#504),#522,.F.);
#504 = FACE_BOUND('',#505,.T.);
#505 = EDGE_LOOP('',(#506,#514,#515,#516));
#506 = ORIENTED_EDGE('',*,*,#507,.F.);
#507 = EDGE_CURVE('',#50,#508,#510,.T.);
#508 = VERTEX_POINT('',#509);
#509 = CARTESIAN_POINT('',(56.999999999999,2.,-1.));
#510 = LINE('',#511,#512);
#511 = CARTESIAN_POINT('',(56.999999999999,2.,-1.));
#512 = VECTOR('',#513,1.);
#513 = DIRECTION('',(7.469965198545E-17,-0.707106781187,-0.707106781187)
  );
#514 = ORIENTED_EDGE('',*,*,#49,.T.);
#515 = ORIENTED_EDGE('',*,*,#457,.T.);
#516 = ORIENTED_EDGE('',*,*,#517,.F.);
#517 = EDGE_CURVE('',#508,#458,#518,.T.);
#518 = LINE('',#519,#520);
#519 = CARTESIAN_POINT('',(56.999999999999,2.,-1.));
#520 = VECTOR('',#521,1.);
#521 = DIRECTION('',(-1.,0.,0.));
#522 = PLANE('',#523);
#523 = AXIS2_PLACEMENT_3D('',#524,#525,#526);
#524 = CARTESIAN_POINT('',(56.999999999999,2.5,-0.5));
#525 = DIRECTION('',(0.,0.707106781187,-0.707106781187));
#526 = DIRECTION('',(1.,-0.,-0.));
#527 = ADVANCED_FACE('',(#528),#546,.F.);
#528 = FACE_BOUND('',#529,.T.);
#529 = EDGE_LOOP('',(#530,#531,#532,#540));
#530 = ORIENTED_EDGE('',*,*,#484,.F.);
#531 = ORIENTED_EDGE('',*,*,#66,.T.);
#532 = ORIENTED_EDGE('',*,*,#533,.T.);
#533 = EDGE_CURVE('',#58,#534,#536,.T.);
#534 = VERTEX_POINT('',#535);
#535 = CARTESIAN_POINT('',(61.999999999999,7.,-1.));
#536 = LINE('',#537,#538);
#537 = CARTESIAN_POINT('',(61.499999999999,7.,-0.5));
#538 = VECTOR('',#539,1.);
#539 = DIRECTION('',(0.707106781187,0.,-0.707106781187));
#540 = ORIENTED_EDGE('',*,*,#541,.F.);
#541 = EDGE_CURVE('',#485,#534,#542,.T.);
#542 = LINE('',#543,#544);
#543 = CARTESIAN_POINT('',(61.999999999999,40.2,-1.));
#544 = VECTOR('',#545,1.);
#545 = DIRECTION('',(0.,-1.,0.));
#546 = PLANE('',#547);
#547 = AXIS2_PLACEMENT_3D('',#548,#549,#550);
#548 = CARTESIAN_POINT('',(61.499999999999,40.2,-0.5));
#549 = DIRECTION('',(-0.707106781187,0.,-0.707106781187));
#550 = DIRECTION('',(-0.,1.,-0.));
#551 = ADVANCED_FACE('',(#552),#564,.T.);
#552 = FACE_BOUND('',#553,.T.);
#553 = EDGE_LOOP('',(#554,#555,#556,#557));
#554 = ORIENTED_EDGE('',*,*,#533,.F.);
#555 = ORIENTED_EDGE('',*,*,#57,.T.);
#556 = ORIENTED_EDGE('',*,*,#507,.T.);
#557 = ORIENTED_EDGE('',*,*,#558,.F.);
#558 = EDGE_CURVE('',#534,#508,#559,.T.);
#559 = CIRCLE('',#560,5.);
#560 = AXIS2_PLACEMENT_3D('',#561,#562,#563);
#561 = CARTESIAN_POINT('',(56.999999999999,7.,-1.));
#562 = DIRECTION('',(0.,-0.,-1.));
#563 = DIRECTION('',(1.,-1.7763568394E-16,0.));
#564 = CONICAL_SURFACE('',#565,5.,0.785398163397);
#565 = AXIS2_PLACEMENT_3D('',#566,#567,#568);
#566 = CARTESIAN_POINT('',(56.999999999999,7.,-1.));
#567 = DIRECTION('',(-0.,-0.,-1.));
#568 = DIRECTION('',(1.,-1.7763568394E-16,0.));
#569 = ADVANCED_FACE('',(#570),#595,.F.);
#570 = FACE_BOUND('',#571,.F.);
#571 = EDGE_LOOP('',(#572,#582,#588,#589));
#572 = ORIENTED_EDGE('',*,*,#573,.T.);
#573 = EDGE_CURVE('',#574,#576,#578,.T.);
#574 = VERTEX_POINT('',#575);
#575 = CARTESIAN_POINT('',(58.25,10.050000000001,90.287227480156));
#576 = VERTEX_POINT('',#577);
#577 = CARTESIAN_POINT('',(-58.25,10.050000000001,90.287227480156));
#578 = LINE('',#579,#580);
#579 = CARTESIAN_POINT('',(58.75,10.050000000001,90.287227480156));
#580 = VECTOR('',#581,1.);
#581 = DIRECTION('',(-1.,-0.,-0.));
#582 = ORIENTED_EDGE('',*,*,#583,.T.);
#583 = EDGE_CURVE('',#576,#94,#584,.T.);
#584 = LINE('',#585,#586);
#585 = CARTESIAN_POINT('',(-58.25,10.050000000001,90.287227480156));
#586 = VECTOR('',#587,1.);
#587 = DIRECTION('',(-0.,-0.,-1.));
#588 = ORIENTED_EDGE('',*,*,#91,.F.);
#589 = ORIENTED_EDGE('',*,*,#590,.F.);
#590 = EDGE_CURVE('',#574,#92,#591,.T.);
#591 = LINE('',#592,#593);
#592 = CARTESIAN_POINT('',(58.25,10.050000000001,90.287227480156));
#593 = VECTOR('',#594,1.);
#594 = DIRECTION('',(0.,0.,-1.));
#595 = PLANE('',#596);
#596 = AXIS2_PLACEMENT_3D('',#597,#598,#599);
#597 = CARTESIAN_POINT('',(58.75,10.050000000001,91.842893218805));
#598 = DIRECTION('',(-0.,-1.,-0.));
#599 = DIRECTION('',(0.,0.,-1.));
#600 = ADVANCED_FACE('',(#601),#625,.T.);
#601 = FACE_BOUND('',#602,.F.);
#602 = EDGE_LOOP('',(#603,#617,#618,#619));
#603 = ORIENTED_EDGE('',*,*,#604,.T.);
#604 = EDGE_CURVE('',#605,#574,#607,.T.);
#605 = VERTEX_POINT('',#606);
#606 = CARTESIAN_POINT('',(58.75,9.550000000001,89.364060109047));
#607 = B_SPLINE_CURVE_WITH_KNOTS('',8,(#608,#609,#610,#611,#612,#613,
    #614,#615,#616),.UNSPECIFIED.,.F.,.F.,(9,9),(0.,1.),
  .PIECEWISE_BEZIER_KNOTS.);
#608 = CARTESIAN_POINT('',(58.75,9.550000000001,89.364060109047));
#609 = CARTESIAN_POINT('',(58.75,9.648174770425,89.479456030436));
#610 = CARTESIAN_POINT('',(58.72796960552,9.746349571753,89.594851951826
    ));
#611 = CARTESIAN_POINT('',(58.683909032935,9.838756617168,89.71024787321
    ));
#612 = CARTESIAN_POINT('',(58.619629377892,9.919629377891,
    89.825643794607));
#613 = CARTESIAN_POINT('',(58.538756617167,9.983909032936,
    89.941039715987));
#614 = CARTESIAN_POINT('',(58.446349571753,10.02796960552,
    90.056435637382));
#615 = CARTESIAN_POINT('',(58.348174770425,10.050000000001,
    90.171831558767));
#616 = CARTESIAN_POINT('',(58.25,10.050000000001,90.287227480156));
#617 = ORIENTED_EDGE('',*,*,#590,.T.);
#618 = ORIENTED_EDGE('',*,*,#101,.F.);
#619 = ORIENTED_EDGE('',*,*,#620,.F.);
#620 = EDGE_CURVE('',#605,#102,#621,.T.);
#621 = LINE('',#622,#623);
#622 = CARTESIAN_POINT('',(58.75,9.550000000001,90.287227480156));
#623 = VECTOR('',#624,1.);
#624 = DIRECTION('',(0.,0.,-1.));
#625 = CYLINDRICAL_SURFACE('',#626,0.5);
#626 = AXIS2_PLACEMENT_3D('',#627,#628,#629);
#627 = CARTESIAN_POINT('',(58.25,9.550000000001,90.287227480156));
#628 = DIRECTION('',(0.,0.,-1.));
#629 = DIRECTION('',(1.,0.,0.));
#630 = ADVANCED_FACE('',(#631),#655,.T.);
#631 = FACE_BOUND('',#632,.T.);
#632 = EDGE_LOOP('',(#633,#647,#648,#649));
#633 = ORIENTED_EDGE('',*,*,#634,.T.);
#634 = EDGE_CURVE('',#635,#576,#637,.T.);
#635 = VERTEX_POINT('',#636);
#636 = CARTESIAN_POINT('',(-58.75,9.550000000001,89.364060109048));
#637 = B_SPLINE_CURVE_WITH_KNOTS('',8,(#638,#639,#640,#641,#642,#643,
    #644,#645,#646),.UNSPECIFIED.,.F.,.F.,(9,9),(0.,1.),
  .PIECEWISE_BEZIER_KNOTS.);
#638 = CARTESIAN_POINT('',(-58.75,9.550000000001,89.364060109048));
#639 = CARTESIAN_POINT('',(-58.75,9.648174770425,89.479456030436));
#640 = CARTESIAN_POINT('',(-58.72796960551,9.746349571753,
    89.594851951825));
#641 = CARTESIAN_POINT('',(-58.68390903293,9.838756617168,
    89.710247873212));
#642 = CARTESIAN_POINT('',(-58.61962937789,9.919629377891,
    89.825643794603));
#643 = CARTESIAN_POINT('',(-58.53875661716,9.983909032936,
    89.941039715989));
#644 = CARTESIAN_POINT('',(-58.44634957175,10.02796960552,
    90.056435637379));
#645 = CARTESIAN_POINT('',(-58.34817477042,10.050000000001,
    90.171831558767));
#646 = CARTESIAN_POINT('',(-58.25,10.050000000001,90.287227480156));
#647 = ORIENTED_EDGE('',*,*,#583,.T.);
#648 = ORIENTED_EDGE('',*,*,#152,.F.);
#649 = ORIENTED_EDGE('',*,*,#650,.F.);
#650 = EDGE_CURVE('',#635,#145,#651,.T.);
#651 = LINE('',#652,#653);
#652 = CARTESIAN_POINT('',(-58.75,9.550000000001,90.287227480156));
#653 = VECTOR('',#654,1.);
#654 = DIRECTION('',(-0.,-0.,-1.));
#655 = CYLINDRICAL_SURFACE('',#656,0.5);
#656 = AXIS2_PLACEMENT_3D('',#657,#658,#659);
#657 = CARTESIAN_POINT('',(-58.25,9.550000000001,90.287227480156));
#658 = DIRECTION('',(-0.,-0.,-1.));
#659 = DIRECTION('',(-1.,-2.301763417227E-16,0.));
#660 = ADVANCED_FACE('',(#661),#680,.T.);
#661 = FACE_BOUND('',#662,.T.);
#662 = EDGE_LOOP('',(#663,#664,#665,#674));
#663 = ORIENTED_EDGE('',*,*,#110,.F.);
#664 = ORIENTED_EDGE('',*,*,#620,.F.);
#665 = ORIENTED_EDGE('',*,*,#666,.F.);
#666 = EDGE_CURVE('',#667,#605,#669,.T.);
#667 = VERTEX_POINT('',#668);
#668 = CARTESIAN_POINT('',(58.75,6.000000000003,86.891261156006));
#669 = CIRCLE('',#670,6.175624999995);
#670 = AXIS2_PLACEMENT_3D('',#671,#672,#673);
#671 = CARTESIAN_POINT('',(58.75,4.46883385622,92.874059362589));
#672 = DIRECTION('',(1.,-0.,0.));
#673 = DIRECTION('',(0.,0.216207766064,-0.976347377675));
#674 = ORIENTED_EDGE('',*,*,#675,.F.);
#675 = EDGE_CURVE('',#111,#667,#676,.T.);
#676 = LINE('',#677,#678);
#677 = CARTESIAN_POINT('',(58.75,6.000000000003,0.));
#678 = VECTOR('',#679,1.);
#679 = DIRECTION('',(0.,0.,1.));
#680 = PLANE('',#681);
#681 = AXIS2_PLACEMENT_3D('',#682,#683,#684);
#682 = CARTESIAN_POINT('',(58.75,19.658353422359,34.146388621986));
#683 = DIRECTION('',(1.,0.,0.));
#684 = DIRECTION('',(0.,0.,1.));
#685 = ADVANCED_FACE('',(#686),#705,.F.);
#686 = FACE_BOUND('',#687,.F.);
#687 = EDGE_LOOP('',(#688,#689,#690,#699));
#688 = ORIENTED_EDGE('',*,*,#144,.T.);
#689 = ORIENTED_EDGE('',*,*,#650,.F.);
#690 = ORIENTED_EDGE('',*,*,#691,.F.);
#691 = EDGE_CURVE('',#692,#635,#694,.T.);
#692 = VERTEX_POINT('',#693);
#693 = CARTESIAN_POINT('',(-58.75,6.000000000003,86.891261156006));
#694 = CIRCLE('',#695,6.175624999995);
#695 = AXIS2_PLACEMENT_3D('',#696,#697,#698);
#696 = CARTESIAN_POINT('',(-58.75,4.46883385622,92.874059362589));
#697 = DIRECTION('',(1.,2.301763417227E-16,0.));
#698 = DIRECTION('',(-4.976591264466E-17,0.216207766064,-0.976347377675)
  );
#699 = ORIENTED_EDGE('',*,*,#700,.F.);
#700 = EDGE_CURVE('',#136,#692,#701,.T.);
#701 = LINE('',#702,#703);
#702 = CARTESIAN_POINT('',(-58.75,6.000000000003,0.));
#703 = VECTOR('',#704,1.);
#704 = DIRECTION('',(0.,0.,1.));
#705 = PLANE('',#706);
#706 = AXIS2_PLACEMENT_3D('',#707,#708,#709);
#707 = CARTESIAN_POINT('',(-58.75,23.728982080945,35.006293617005));
#708 = DIRECTION('',(1.,2.301763417227E-16,0.));
#709 = DIRECTION('',(-2.301763417227E-16,1.,0.));
#710 = ADVANCED_FACE('',(#711),#732,.T.);
#711 = FACE_BOUND('',#712,.F.);
#712 = EDGE_LOOP('',(#713,#714,#722,#731));
#713 = ORIENTED_EDGE('',*,*,#118,.T.);
#714 = ORIENTED_EDGE('',*,*,#715,.T.);
#715 = EDGE_CURVE('',#119,#716,#718,.T.);
#716 = VERTEX_POINT('',#717);
#717 = CARTESIAN_POINT('',(58.25,5.500000000003,87.088590932756));
#718 = LINE('',#719,#720);
#719 = CARTESIAN_POINT('',(58.25,5.500000000003,0.));
#720 = VECTOR('',#721,1.);
#721 = DIRECTION('',(0.,0.,1.));
#722 = ORIENTED_EDGE('',*,*,#723,.F.);
#723 = EDGE_CURVE('',#667,#716,#724,.T.);
#724 = B_SPLINE_CURVE_WITH_KNOTS('',5,(#725,#726,#727,#728,#729,#730),
  .UNSPECIFIED.,.F.,.F.,(6,6),(0.,1.),.PIECEWISE_BEZIER_KNOTS.);
#725 = CARTESIAN_POINT('',(58.75,6.000000000003,86.891261156006));
#726 = CARTESIAN_POINT('',(58.75,5.842920367323,86.930727111355));
#727 = CARTESIAN_POINT('',(58.688492497977,5.685694178321,
    86.970193066706));
#728 = CARTESIAN_POINT('',(58.564305821681,5.561507502025,
    87.009659022056));
#729 = CARTESIAN_POINT('',(58.40707963268,5.500000000003,87.049124977406
    ));
#730 = CARTESIAN_POINT('',(58.25,5.500000000003,87.088590932756));
#731 = ORIENTED_EDGE('',*,*,#675,.F.);
#732 = CYLINDRICAL_SURFACE('',#733,0.5);
#733 = AXIS2_PLACEMENT_3D('',#734,#735,#736);
#734 = CARTESIAN_POINT('',(58.25,6.000000000003,0.));
#735 = DIRECTION('',(0.,0.,1.));
#736 = DIRECTION('',(1.,0.,0.));
#737 = ADVANCED_FACE('',(#738),#759,.T.);
#738 = FACE_BOUND('',#739,.T.);
#739 = EDGE_LOOP('',(#740,#741,#749,#758));
#740 = ORIENTED_EDGE('',*,*,#135,.T.);
#741 = ORIENTED_EDGE('',*,*,#742,.T.);
#742 = EDGE_CURVE('',#128,#743,#745,.T.);
#743 = VERTEX_POINT('',#744);
#744 = CARTESIAN_POINT('',(-58.25,5.500000000003,87.088590932756));
#745 = LINE('',#746,#747);
#746 = CARTESIAN_POINT('',(-58.25,5.500000000003,0.));
#747 = VECTOR('',#748,1.);
#748 = DIRECTION('',(0.,0.,1.));
#749 = ORIENTED_EDGE('',*,*,#750,.F.);
#750 = EDGE_CURVE('',#692,#743,#751,.T.);
#751 = B_SPLINE_CURVE_WITH_KNOTS('',5,(#752,#753,#754,#755,#756,#757),
  .UNSPECIFIED.,.F.,.F.,(6,6),(0.,1.),.PIECEWISE_BEZIER_KNOTS.);
#752 = CARTESIAN_POINT('',(-58.75,6.000000000003,86.891261156006));
#753 = CARTESIAN_POINT('',(-58.75,5.842920367323,86.930727111355));
#754 = CARTESIAN_POINT('',(-58.68849249797,5.685694178321,
    86.970193066706));
#755 = CARTESIAN_POINT('',(-58.56430582168,5.561507502025,
    87.009659022056));
#756 = CARTESIAN_POINT('',(-58.40707963268,5.500000000003,
    87.049124977406));
#757 = CARTESIAN_POINT('',(-58.25,5.500000000003,87.088590932756));
#758 = ORIENTED_EDGE('',*,*,#700,.F.);
#759 = CYLINDRICAL_SURFACE('',#760,0.5);
#760 = AXIS2_PLACEMENT_3D('',#761,#762,#763);
#761 = CARTESIAN_POINT('',(-58.25,6.000000000003,0.));
#762 = DIRECTION('',(0.,0.,1.));
#763 = DIRECTION('',(-1.,-2.301763417227E-16,-0.));
#764 = ADVANCED_FACE('',(#765),#776,.F.);
#765 = FACE_BOUND('',#766,.F.);
#766 = EDGE_LOOP('',(#767,#773,#774,#775));
#767 = ORIENTED_EDGE('',*,*,#768,.F.);
#768 = EDGE_CURVE('',#716,#743,#769,.T.);
#769 = LINE('',#770,#771);
#770 = CARTESIAN_POINT('',(58.75,5.500000000003,87.088590932756));
#771 = VECTOR('',#772,1.);
#772 = DIRECTION('',(-1.,-0.,-0.));
#773 = ORIENTED_EDGE('',*,*,#715,.F.);
#774 = ORIENTED_EDGE('',*,*,#127,.T.);
#775 = ORIENTED_EDGE('',*,*,#742,.T.);
#776 = PLANE('',#777);
#777 = AXIS2_PLACEMENT_3D('',#778,#779,#780);
#778 = CARTESIAN_POINT('',(58.75,5.500000000003,0.));
#779 = DIRECTION('',(0.,1.,0.));
#780 = DIRECTION('',(0.,0.,1.));
#781 = ADVANCED_FACE('',(#782),#808,.T.);
#782 = FACE_BOUND('',#783,.T.);
#783 = EDGE_LOOP('',(#784,#785,#793,#802));
#784 = ORIENTED_EDGE('',*,*,#161,.T.);
#785 = ORIENTED_EDGE('',*,*,#786,.T.);
#786 = EDGE_CURVE('',#164,#787,#789,.T.);
#787 = VERTEX_POINT('',#788);
#788 = CARTESIAN_POINT('',(58.75,20.1,69.36406010905));
#789 = LINE('',#790,#791);
#790 = CARTESIAN_POINT('',(58.75,20.1,0.));
#791 = VECTOR('',#792,1.);
#792 = DIRECTION('',(0.,0.,1.));
#793 = ORIENTED_EDGE('',*,*,#794,.T.);
#794 = EDGE_CURVE('',#787,#795,#797,.T.);
#795 = VERTEX_POINT('',#796);
#796 = CARTESIAN_POINT('',(58.75,16.550000000002,66.891261156009));
#797 = CIRCLE('',#798,6.175624999995);
#798 = AXIS2_PLACEMENT_3D('',#799,#800,#801);
#799 = CARTESIAN_POINT('',(58.75,15.01883385622,72.874059362592));
#800 = DIRECTION('',(-1.,0.,-0.));
#801 = DIRECTION('',(0.,0.899679973637,-0.436550048718));
#802 = ORIENTED_EDGE('',*,*,#803,.T.);
#803 = EDGE_CURVE('',#795,#162,#804,.T.);
#804 = LINE('',#805,#806);
#805 = CARTESIAN_POINT('',(58.75,16.550000000002,67.088590932759));
#806 = VECTOR('',#807,1.);
#807 = DIRECTION('',(0.,0.,-1.));
#808 = PLANE('',#809);
#809 = AXIS2_PLACEMENT_3D('',#810,#811,#812);
#810 = CARTESIAN_POINT('',(58.75,19.658353422359,34.146388621986));
#811 = DIRECTION('',(1.,0.,0.));
#812 = DIRECTION('',(0.,0.,1.));
#813 = ADVANCED_FACE('',(#814),#837,.T.);
#814 = FACE_BOUND('',#815,.T.);
#815 = EDGE_LOOP('',(#816,#829,#835,#836));
#816 = ORIENTED_EDGE('',*,*,#817,.T.);
#817 = EDGE_CURVE('',#795,#818,#820,.T.);
#818 = VERTEX_POINT('',#819);
#819 = CARTESIAN_POINT('',(58.25,16.050000000002,67.088590932759));
#820 = B_SPLINE_CURVE_WITH_KNOTS('',7,(#821,#822,#823,#824,#825,#826,
    #827,#828),.UNSPECIFIED.,.F.,.F.,(8,8),(0.,1.),
  .PIECEWISE_BEZIER_KNOTS.);
#821 = CARTESIAN_POINT('',(58.75,16.550000000002,66.891261156009));
#822 = CARTESIAN_POINT('',(58.75,16.437800262374,66.919451124116));
#823 = CARTESIAN_POINT('',(58.720625556725,16.32560106751,
    66.947641092223));
#824 = CARTESIAN_POINT('',(58.6618813611,16.22262652959,66.975831060329)
  );
#825 = CARTESIAN_POINT('',(58.577373470413,16.138118638901,
    67.004021028438));
#826 = CARTESIAN_POINT('',(58.474398932491,16.079374443278,
    67.032210996544));
#827 = CARTESIAN_POINT('',(58.362199737628,16.050000000002,
    67.060400964652));
#828 = CARTESIAN_POINT('',(58.25,16.050000000002,67.088590932759));
#829 = ORIENTED_EDGE('',*,*,#830,.T.);
#830 = EDGE_CURVE('',#818,#172,#831,.T.);
#831 = LINE('',#832,#833);
#832 = CARTESIAN_POINT('',(58.25,16.050000000002,67.088590932759));
#833 = VECTOR('',#834,1.);
#834 = DIRECTION('',(0.,0.,-1.));
#835 = ORIENTED_EDGE('',*,*,#171,.F.);
#836 = ORIENTED_EDGE('',*,*,#803,.F.);
#837 = CYLINDRICAL_SURFACE('',#838,0.5);
#838 = AXIS2_PLACEMENT_3D('',#839,#840,#841);
#839 = CARTESIAN_POINT('',(58.25,16.550000000002,67.088590932759));
#840 = DIRECTION('',(0.,0.,-1.));
#841 = DIRECTION('',(1.,0.,0.));
#842 = ADVANCED_FACE('',(#843),#864,.T.);
#843 = FACE_BOUND('',#844,.T.);
#844 = EDGE_LOOP('',(#845,#846,#854,#863));
#845 = ORIENTED_EDGE('',*,*,#222,.T.);
#846 = ORIENTED_EDGE('',*,*,#847,.T.);
#847 = EDGE_CURVE('',#215,#848,#850,.T.);
#848 = VERTEX_POINT('',#849);
#849 = CARTESIAN_POINT('',(58.25,20.6,70.287227480159));
#850 = LINE('',#851,#852);
#851 = CARTESIAN_POINT('',(58.25,20.6,0.));
#852 = VECTOR('',#853,1.);
#853 = DIRECTION('',(0.,0.,1.));
#854 = ORIENTED_EDGE('',*,*,#855,.F.);
#855 = EDGE_CURVE('',#787,#848,#856,.T.);
#856 = B_SPLINE_CURVE_WITH_KNOTS('',5,(#857,#858,#859,#860,#861,#862),
  .UNSPECIFIED.,.F.,.F.,(6,6),(0.,1.),.PIECEWISE_BEZIER_KNOTS.);
#857 = CARTESIAN_POINT('',(58.75,20.1,69.36406010905));
#858 = CARTESIAN_POINT('',(58.75,20.25707963268,69.548693583272));
#859 = CARTESIAN_POINT('',(58.688492497977,20.414305821682,
    69.733327057494));
#860 = CARTESIAN_POINT('',(58.564305821681,20.538492497977,
    69.917960531715));
#861 = CARTESIAN_POINT('',(58.40707963268,20.6,70.102594005937));
#862 = CARTESIAN_POINT('',(58.25,20.6,70.287227480159));
#863 = ORIENTED_EDGE('',*,*,#786,.F.);
#864 = CYLINDRICAL_SURFACE('',#865,0.5);
#865 = AXIS2_PLACEMENT_3D('',#866,#867,#868);
#866 = CARTESIAN_POINT('',(58.25,20.1,0.));
#867 = DIRECTION('',(0.,0.,1.));
#868 = DIRECTION('',(1.,0.,0.));
#869 = ADVANCED_FACE('',(#870),#888,.T.);
#870 = FACE_BOUND('',#871,.T.);
#871 = EDGE_LOOP('',(#872,#880,#886,#887));
#872 = ORIENTED_EDGE('',*,*,#873,.T.);
#873 = EDGE_CURVE('',#818,#874,#876,.T.);
#874 = VERTEX_POINT('',#875);
#875 = CARTESIAN_POINT('',(-58.25,16.050000000002,67.088590932759));
#876 = LINE('',#877,#878);
#877 = CARTESIAN_POINT('',(58.75,16.050000000002,67.088590932759));
#878 = VECTOR('',#879,1.);
#879 = DIRECTION('',(-1.,-0.,-0.));
#880 = ORIENTED_EDGE('',*,*,#881,.F.);
#881 = EDGE_CURVE('',#181,#874,#882,.T.);
#882 = LINE('',#883,#884);
#883 = CARTESIAN_POINT('',(-58.25,16.050000000002,0.));
#884 = VECTOR('',#885,1.);
#885 = DIRECTION('',(0.,0.,1.));
#886 = ORIENTED_EDGE('',*,*,#180,.F.);
#887 = ORIENTED_EDGE('',*,*,#830,.F.);
#888 = PLANE('',#889);
#889 = AXIS2_PLACEMENT_3D('',#890,#891,#892);
#890 = CARTESIAN_POINT('',(58.75,16.050000000002,67.292893218811));
#891 = DIRECTION('',(-0.,-1.,-0.));
#892 = DIRECTION('',(0.,0.,-1.));
#893 = ADVANCED_FACE('',(#894),#912,.T.);
#894 = FACE_BOUND('',#895,.T.);
#895 = EDGE_LOOP('',(#896,#904,#905,#906));
#896 = ORIENTED_EDGE('',*,*,#897,.F.);
#897 = EDGE_CURVE('',#848,#898,#900,.T.);
#898 = VERTEX_POINT('',#899);
#899 = CARTESIAN_POINT('',(-58.25,20.6,70.287227480159));
#900 = LINE('',#901,#902);
#901 = CARTESIAN_POINT('',(58.75,20.6,70.287227480159));
#902 = VECTOR('',#903,1.);
#903 = DIRECTION('',(-1.,-0.,-0.));
#904 = ORIENTED_EDGE('',*,*,#847,.F.);
#905 = ORIENTED_EDGE('',*,*,#214,.T.);
#906 = ORIENTED_EDGE('',*,*,#907,.F.);
#907 = EDGE_CURVE('',#898,#206,#908,.T.);
#908 = LINE('',#909,#910);
#909 = CARTESIAN_POINT('',(-58.25,20.6,70.287227480159));
#910 = VECTOR('',#911,1.);
#911 = DIRECTION('',(0.,0.,-1.));
#912 = PLANE('',#913);
#913 = AXIS2_PLACEMENT_3D('',#914,#915,#916);
#914 = CARTESIAN_POINT('',(58.75,20.6,0.));
#915 = DIRECTION('',(0.,1.,0.));
#916 = DIRECTION('',(0.,0.,1.));
#917 = ADVANCED_FACE('',(#918),#939,.T.);
#918 = FACE_BOUND('',#919,.T.);
#919 = EDGE_LOOP('',(#920,#921,#922,#933));
#920 = ORIENTED_EDGE('',*,*,#188,.T.);
#921 = ORIENTED_EDGE('',*,*,#881,.T.);
#922 = ORIENTED_EDGE('',*,*,#923,.F.);
#923 = EDGE_CURVE('',#924,#874,#926,.T.);
#924 = VERTEX_POINT('',#925);
#925 = CARTESIAN_POINT('',(-58.75,16.550000000002,66.891261156009));
#926 = B_SPLINE_CURVE_WITH_KNOTS('',5,(#927,#928,#929,#930,#931,#932),
  .UNSPECIFIED.,.F.,.F.,(6,6),(0.,1.),.PIECEWISE_BEZIER_KNOTS.);
#927 = CARTESIAN_POINT('',(-58.75,16.550000000002,66.891261156009));
#928 = CARTESIAN_POINT('',(-58.75,16.392920367322,66.930727111358));
#929 = CARTESIAN_POINT('',(-58.68849249797,16.235694178321,
    66.970193066709));
#930 = CARTESIAN_POINT('',(-58.56430582168,16.111507502025,
    67.009659022059));
#931 = CARTESIAN_POINT('',(-58.40707963267,16.050000000002,
    67.049124977409));
#932 = CARTESIAN_POINT('',(-58.25,16.050000000002,67.088590932759));
#933 = ORIENTED_EDGE('',*,*,#934,.F.);
#934 = EDGE_CURVE('',#189,#924,#935,.T.);
#935 = LINE('',#936,#937);
#936 = CARTESIAN_POINT('',(-58.75,16.550000000002,0.));
#937 = VECTOR('',#938,1.);
#938 = DIRECTION('',(0.,0.,1.));
#939 = CYLINDRICAL_SURFACE('',#940,0.5);
#940 = AXIS2_PLACEMENT_3D('',#941,#942,#943);
#941 = CARTESIAN_POINT('',(-58.25,16.550000000002,0.));
#942 = DIRECTION('',(0.,0.,1.));
#943 = DIRECTION('',(-1.,-2.301763417227E-16,0.));
#944 = ADVANCED_FACE('',(#945),#969,.T.);
#945 = FACE_BOUND('',#946,.T.);
#946 = EDGE_LOOP('',(#947,#961,#962,#963));
#947 = ORIENTED_EDGE('',*,*,#948,.T.);
#948 = EDGE_CURVE('',#949,#898,#951,.T.);
#949 = VERTEX_POINT('',#950);
#950 = CARTESIAN_POINT('',(-58.75,20.1,69.36406010905));
#951 = B_SPLINE_CURVE_WITH_KNOTS('',8,(#952,#953,#954,#955,#956,#957,
    #958,#959,#960),.UNSPECIFIED.,.F.,.F.,(9,9),(0.,1.),
  .PIECEWISE_BEZIER_KNOTS.);
#952 = CARTESIAN_POINT('',(-58.75,20.1,69.364060109051));
#953 = CARTESIAN_POINT('',(-58.75,20.198174770425,69.479456030439));
#954 = CARTESIAN_POINT('',(-58.72796960552,20.296349571752,
    69.594851951829));
#955 = CARTESIAN_POINT('',(-58.68390903293,20.388756617168,
    69.710247873215));
#956 = CARTESIAN_POINT('',(-58.61962937789,20.469629377889,
    69.825643794607));
#957 = CARTESIAN_POINT('',(-58.53875661716,20.533909032936,
    69.941039715992));
#958 = CARTESIAN_POINT('',(-58.44634957175,20.577969605519,
    70.056435637383));
#959 = CARTESIAN_POINT('',(-58.34817477042,20.6,70.17183155877));
#960 = CARTESIAN_POINT('',(-58.25,20.6,70.287227480159));
#961 = ORIENTED_EDGE('',*,*,#907,.T.);
#962 = ORIENTED_EDGE('',*,*,#205,.F.);
#963 = ORIENTED_EDGE('',*,*,#964,.F.);
#964 = EDGE_CURVE('',#949,#198,#965,.T.);
#965 = LINE('',#966,#967);
#966 = CARTESIAN_POINT('',(-58.75,20.1,70.287227480159));
#967 = VECTOR('',#968,1.);
#968 = DIRECTION('',(0.,0.,-1.));
#969 = CYLINDRICAL_SURFACE('',#970,0.5);
#970 = AXIS2_PLACEMENT_3D('',#971,#972,#973);
#971 = CARTESIAN_POINT('',(-58.25,20.1,70.287227480159));
#972 = DIRECTION('',(0.,0.,-1.));
#973 = DIRECTION('',(-1.,-2.301763417227E-16,-0.));
#974 = ADVANCED_FACE('',(#975),#987,.F.);
#975 = FACE_BOUND('',#976,.F.);
#976 = EDGE_LOOP('',(#977,#978,#979,#986));
#977 = ORIENTED_EDGE('',*,*,#197,.F.);
#978 = ORIENTED_EDGE('',*,*,#964,.F.);
#979 = ORIENTED_EDGE('',*,*,#980,.F.);
#980 = EDGE_CURVE('',#924,#949,#981,.T.);
#981 = CIRCLE('',#982,6.175624999995);
#982 = AXIS2_PLACEMENT_3D('',#983,#984,#985);
#983 = CARTESIAN_POINT('',(-58.75,15.018833856219,72.874059362592));
#984 = DIRECTION('',(1.,2.301763417227E-16,0.));
#985 = DIRECTION('',(-4.976591264466E-17,0.216207766064,-0.976347377675)
  );
#986 = ORIENTED_EDGE('',*,*,#934,.F.);
#987 = PLANE('',#988);
#988 = AXIS2_PLACEMENT_3D('',#989,#990,#991);
#989 = CARTESIAN_POINT('',(-58.75,23.728982080945,35.006293617005));
#990 = DIRECTION('',(1.,2.301763417227E-16,0.));
#991 = DIRECTION('',(-2.301763417227E-16,1.,0.));
#992 = ADVANCED_FACE('',(#993),#1018,.F.);
#993 = FACE_BOUND('',#994,.F.);
#994 = EDGE_LOOP('',(#995,#1005,#1011,#1012));
#995 = ORIENTED_EDGE('',*,*,#996,.T.);
#996 = EDGE_CURVE('',#997,#999,#1001,.T.);
#997 = VERTEX_POINT('',#998);
#998 = CARTESIAN_POINT('',(58.25,31.15,50.287227480161));
#999 = VERTEX_POINT('',#1000);
#1000 = CARTESIAN_POINT('',(-58.25,31.15,50.287227480161));
#1001 = LINE('',#1002,#1003);
#1002 = CARTESIAN_POINT('',(58.75,31.15,50.287227480161));
#1003 = VECTOR('',#1004,1.);
#1004 = DIRECTION('',(-1.,-0.,-0.));
#1005 = ORIENTED_EDGE('',*,*,#1006,.T.);
#1006 = EDGE_CURVE('',#999,#234,#1007,.T.);
#1007 = LINE('',#1008,#1009);
#1008 = CARTESIAN_POINT('',(-58.25,31.15,50.287227480161));
#1009 = VECTOR('',#1010,1.);
#1010 = DIRECTION('',(-0.,-0.,-1.));
#1011 = ORIENTED_EDGE('',*,*,#231,.F.);
#1012 = ORIENTED_EDGE('',*,*,#1013,.T.);
#1013 = EDGE_CURVE('',#232,#997,#1014,.T.);
#1014 = LINE('',#1015,#1016);
#1015 = CARTESIAN_POINT('',(58.25,31.15,0.));
#1016 = VECTOR('',#1017,1.);
#1017 = DIRECTION('',(0.,0.,1.));
#1018 = PLANE('',#1019);
#1019 = AXIS2_PLACEMENT_3D('',#1020,#1021,#1022);
#1020 = CARTESIAN_POINT('',(58.75,31.15,51.842893218811));
#1021 = DIRECTION('',(-0.,-1.,-0.));
#1022 = DIRECTION('',(0.,0.,-1.));
#1023 = ADVANCED_FACE('',(#1024),#1045,.T.);
#1024 = FACE_BOUND('',#1025,.T.);
#1025 = EDGE_LOOP('',(#1026,#1027,#1028,#1039));
#1026 = ORIENTED_EDGE('',*,*,#241,.T.);
#1027 = ORIENTED_EDGE('',*,*,#1013,.T.);
#1028 = ORIENTED_EDGE('',*,*,#1029,.F.);
#1029 = EDGE_CURVE('',#1030,#997,#1032,.T.);
#1030 = VERTEX_POINT('',#1031);
#1031 = CARTESIAN_POINT('',(58.75,30.65,49.364060109053));
#1032 = B_SPLINE_CURVE_WITH_KNOTS('',5,(#1033,#1034,#1035,#1036,#1037,
    #1038),.UNSPECIFIED.,.F.,.F.,(6,6),(0.,1.),
  .PIECEWISE_BEZIER_KNOTS.);
#1033 = CARTESIAN_POINT('',(58.75,30.65,49.364060109053));
#1034 = CARTESIAN_POINT('',(58.75,30.80707963268,49.548693583275));
#1035 = CARTESIAN_POINT('',(58.688492497977,30.964305821682,
    49.733327057497));
#1036 = CARTESIAN_POINT('',(58.564305821681,31.088492497977,
    49.917960531718));
#1037 = CARTESIAN_POINT('',(58.40707963268,31.15,50.10259400594));
#1038 = CARTESIAN_POINT('',(58.25,31.15,50.287227480161));
#1039 = ORIENTED_EDGE('',*,*,#1040,.F.);
#1040 = EDGE_CURVE('',#242,#1030,#1041,.T.);
#1041 = LINE('',#1042,#1043);
#1042 = CARTESIAN_POINT('',(58.75,30.65,0.));
#1043 = VECTOR('',#1044,1.);
#1044 = DIRECTION('',(0.,0.,1.));
#1045 = CYLINDRICAL_SURFACE('',#1046,0.5);
#1046 = AXIS2_PLACEMENT_3D('',#1047,#1048,#1049);
#1047 = CARTESIAN_POINT('',(58.25,30.65,0.));
#1048 = DIRECTION('',(0.,0.,1.));
#1049 = DIRECTION('',(1.,0.,0.));
#1050 = ADVANCED_FACE('',(#1051),#1075,.T.);
#1051 = FACE_BOUND('',#1052,.T.);
#1052 = EDGE_LOOP('',(#1053,#1067,#1068,#1069));
#1053 = ORIENTED_EDGE('',*,*,#1054,.T.);
#1054 = EDGE_CURVE('',#1055,#999,#1057,.T.);
#1055 = VERTEX_POINT('',#1056);
#1056 = CARTESIAN_POINT('',(-58.75,30.65,49.364060109053));
#1057 = B_SPLINE_CURVE_WITH_KNOTS('',8,(#1058,#1059,#1060,#1061,#1062,
    #1063,#1064,#1065,#1066),.UNSPECIFIED.,.F.,.F.,(9,9),(0.,1.),
  .PIECEWISE_BEZIER_KNOTS.);
#1058 = CARTESIAN_POINT('',(-58.75,30.65,49.364060109053));
#1059 = CARTESIAN_POINT('',(-58.75,30.748174770425,49.479456030442));
#1060 = CARTESIAN_POINT('',(-58.72796960551,30.846349571752,
    49.59485195183));
#1061 = CARTESIAN_POINT('',(-58.68390903293,30.938756617167,
    49.710247873219));
#1062 = CARTESIAN_POINT('',(-58.61962937789,31.01962937789,
    49.825643794608));
#1063 = CARTESIAN_POINT('',(-58.53875661716,31.083909032936,
    49.941039715996));
#1064 = CARTESIAN_POINT('',(-58.44634957175,31.12796960552,
    50.056435637385));
#1065 = CARTESIAN_POINT('',(-58.34817477042,31.15,50.171831558773));
#1066 = CARTESIAN_POINT('',(-58.25,31.15,50.287227480161));
#1067 = ORIENTED_EDGE('',*,*,#1006,.T.);
#1068 = ORIENTED_EDGE('',*,*,#292,.F.);
#1069 = ORIENTED_EDGE('',*,*,#1070,.F.);
#1070 = EDGE_CURVE('',#1055,#285,#1071,.T.);
#1071 = LINE('',#1072,#1073);
#1072 = CARTESIAN_POINT('',(-58.75,30.65,50.287227480161));
#1073 = VECTOR('',#1074,1.);
#1074 = DIRECTION('',(-0.,-0.,-1.));
#1075 = CYLINDRICAL_SURFACE('',#1076,0.5);
#1076 = AXIS2_PLACEMENT_3D('',#1077,#1078,#1079);
#1077 = CARTESIAN_POINT('',(-58.25,30.65,50.287227480161));
#1078 = DIRECTION('',(-0.,-0.,-1.));
#1079 = DIRECTION('',(-1.,-2.301763417227E-16,0.));
#1080 = ADVANCED_FACE('',(#1081),#1100,.T.);
#1081 = FACE_BOUND('',#1082,.T.);
#1082 = EDGE_LOOP('',(#1083,#1084,#1085,#1094));
#1083 = ORIENTED_EDGE('',*,*,#250,.F.);
#1084 = ORIENTED_EDGE('',*,*,#1040,.T.);
#1085 = ORIENTED_EDGE('',*,*,#1086,.T.);
#1086 = EDGE_CURVE('',#1030,#1087,#1089,.T.);
#1087 = VERTEX_POINT('',#1088);
#1088 = CARTESIAN_POINT('',(58.75,27.100000000001,46.891261156011));
#1089 = CIRCLE('',#1090,6.175624999995);
#1090 = AXIS2_PLACEMENT_3D('',#1091,#1092,#1093);
#1091 = CARTESIAN_POINT('',(58.75,25.568833856219,52.874059362595));
#1092 = DIRECTION('',(-1.,0.,-0.));
#1093 = DIRECTION('',(0.,0.899679973637,-0.436550048718));
#1094 = ORIENTED_EDGE('',*,*,#1095,.T.);
#1095 = EDGE_CURVE('',#1087,#251,#1096,.T.);
#1096 = LINE('',#1097,#1098);
#1097 = CARTESIAN_POINT('',(58.75,27.100000000001,47.088590932762));
#1098 = VECTOR('',#1099,1.);
#1099 = DIRECTION('',(-0.,-0.,-1.));
#1100 = PLANE('',#1101);
#1101 = AXIS2_PLACEMENT_3D('',#1102,#1103,#1104);
#1102 = CARTESIAN_POINT('',(58.75,19.658353422359,34.146388621986));
#1103 = DIRECTION('',(1.,0.,0.));
#1104 = DIRECTION('',(0.,0.,1.));
#1105 = ADVANCED_FACE('',(#1106),#1125,.F.);
#1106 = FACE_BOUND('',#1107,.F.);
#1107 = EDGE_LOOP('',(#1108,#1109,#1110,#1119));
#1108 = ORIENTED_EDGE('',*,*,#284,.T.);
#1109 = ORIENTED_EDGE('',*,*,#1070,.F.);
#1110 = ORIENTED_EDGE('',*,*,#1111,.F.);
#1111 = EDGE_CURVE('',#1112,#1055,#1114,.T.);
#1112 = VERTEX_POINT('',#1113);
#1113 = CARTESIAN_POINT('',(-58.75,27.100000000001,46.891261156011));
#1114 = CIRCLE('',#1115,6.175624999995);
#1115 = AXIS2_PLACEMENT_3D('',#1116,#1117,#1118);
#1116 = CARTESIAN_POINT('',(-58.75,25.568833856219,52.874059362595));
#1117 = DIRECTION('',(1.,2.301763417227E-16,0.));
#1118 = DIRECTION('',(-4.976591264464E-17,0.216207766064,-0.976347377675
    ));
#1119 = ORIENTED_EDGE('',*,*,#1120,.F.);
#1120 = EDGE_CURVE('',#276,#1112,#1121,.T.);
#1121 = LINE('',#1122,#1123);
#1122 = CARTESIAN_POINT('',(-58.75,27.100000000001,0.));
#1123 = VECTOR('',#1124,1.);
#1124 = DIRECTION('',(0.,0.,1.));
#1125 = PLANE('',#1126);
#1126 = AXIS2_PLACEMENT_3D('',#1127,#1128,#1129);
#1127 = CARTESIAN_POINT('',(-58.75,23.728982080945,35.006293617005));
#1128 = DIRECTION('',(1.,2.301763417227E-16,0.));
#1129 = DIRECTION('',(-2.301763417227E-16,1.,0.));
#1130 = ADVANCED_FACE('',(#1131),#1154,.T.);
#1131 = FACE_BOUND('',#1132,.T.);
#1132 = EDGE_LOOP('',(#1133,#1146,#1152,#1153));
#1133 = ORIENTED_EDGE('',*,*,#1134,.T.);
#1134 = EDGE_CURVE('',#1087,#1135,#1137,.T.);
#1135 = VERTEX_POINT('',#1136);
#1136 = CARTESIAN_POINT('',(58.25,26.600000000001,47.088590932762));
#1137 = B_SPLINE_CURVE_WITH_KNOTS('',7,(#1138,#1139,#1140,#1141,#1142,
    #1143,#1144,#1145),.UNSPECIFIED.,.F.,.F.,(8,8),(0.,1.),
  .PIECEWISE_BEZIER_KNOTS.);
#1138 = CARTESIAN_POINT('',(58.75,27.100000000001,46.891261156011));
#1139 = CARTESIAN_POINT('',(58.75,26.987800262373,46.919451124118));
#1140 = CARTESIAN_POINT('',(58.720625556725,26.87560106751,
    46.947641092226));
#1141 = CARTESIAN_POINT('',(58.6618813611,26.772626529589,
    46.975831060332));
#1142 = CARTESIAN_POINT('',(58.577373470413,26.688118638901,
    47.004021028441));
#1143 = CARTESIAN_POINT('',(58.474398932491,26.629374443277,
    47.032210996547));
#1144 = CARTESIAN_POINT('',(58.362199737628,26.600000000001,
    47.060400964655));
#1145 = CARTESIAN_POINT('',(58.25,26.600000000001,47.088590932762));
#1146 = ORIENTED_EDGE('',*,*,#1147,.T.);
#1147 = EDGE_CURVE('',#1135,#259,#1148,.T.);
#1148 = LINE('',#1149,#1150);
#1149 = CARTESIAN_POINT('',(58.25,26.600000000001,47.088590932762));
#1150 = VECTOR('',#1151,1.);
#1151 = DIRECTION('',(-0.,-0.,-1.));
#1152 = ORIENTED_EDGE('',*,*,#258,.F.);
#1153 = ORIENTED_EDGE('',*,*,#1095,.F.);
#1154 = CYLINDRICAL_SURFACE('',#1155,0.5);
#1155 = AXIS2_PLACEMENT_3D('',#1156,#1157,#1158);
#1156 = CARTESIAN_POINT('',(58.25,27.100000000001,47.088590932762));
#1157 = DIRECTION('',(-0.,-0.,-1.));
#1158 = DIRECTION('',(1.,0.,0.));
#1159 = ADVANCED_FACE('',(#1160),#1181,.T.);
#1160 = FACE_BOUND('',#1161,.T.);
#1161 = EDGE_LOOP('',(#1162,#1163,#1171,#1180));
#1162 = ORIENTED_EDGE('',*,*,#275,.T.);
#1163 = ORIENTED_EDGE('',*,*,#1164,.T.);
#1164 = EDGE_CURVE('',#268,#1165,#1167,.T.);
#1165 = VERTEX_POINT('',#1166);
#1166 = CARTESIAN_POINT('',(-58.25,26.600000000001,47.088590932762));
#1167 = LINE('',#1168,#1169);
#1168 = CARTESIAN_POINT('',(-58.25,26.600000000001,0.));
#1169 = VECTOR('',#1170,1.);
#1170 = DIRECTION('',(0.,0.,1.));
#1171 = ORIENTED_EDGE('',*,*,#1172,.F.);
#1172 = EDGE_CURVE('',#1112,#1165,#1173,.T.);
#1173 = B_SPLINE_CURVE_WITH_KNOTS('',5,(#1174,#1175,#1176,#1177,#1178,
    #1179),.UNSPECIFIED.,.F.,.F.,(6,6),(0.,1.),
  .PIECEWISE_BEZIER_KNOTS.);
#1174 = CARTESIAN_POINT('',(-58.75,27.100000000001,46.891261156011));
#1175 = CARTESIAN_POINT('',(-58.75,26.942920367322,46.930727111361));
#1176 = CARTESIAN_POINT('',(-58.68849249797,26.78569417832,
    46.970193066711));
#1177 = CARTESIAN_POINT('',(-58.56430582168,26.661507502024,
    47.009659022062));
#1178 = CARTESIAN_POINT('',(-58.40707963267,26.600000000001,
    47.049124977412));
#1179 = CARTESIAN_POINT('',(-58.25,26.600000000001,47.088590932762));
#1180 = ORIENTED_EDGE('',*,*,#1120,.F.);
#1181 = CYLINDRICAL_SURFACE('',#1182,0.5);
#1182 = AXIS2_PLACEMENT_3D('',#1183,#1184,#1185);
#1183 = CARTESIAN_POINT('',(-58.25,27.100000000001,0.));
#1184 = DIRECTION('',(0.,0.,1.));
#1185 = DIRECTION('',(-1.,-2.301763417227E-16,-0.));
#1186 = ADVANCED_FACE('',(#1187),#1198,.F.);
#1187 = FACE_BOUND('',#1188,.F.);
#1188 = EDGE_LOOP('',(#1189,#1195,#1196,#1197));
#1189 = ORIENTED_EDGE('',*,*,#1190,.F.);
#1190 = EDGE_CURVE('',#1135,#1165,#1191,.T.);
#1191 = LINE('',#1192,#1193);
#1192 = CARTESIAN_POINT('',(58.75,26.600000000001,47.088590932762));
#1193 = VECTOR('',#1194,1.);
#1194 = DIRECTION('',(-1.,-0.,-0.));
#1195 = ORIENTED_EDGE('',*,*,#1147,.T.);
#1196 = ORIENTED_EDGE('',*,*,#267,.T.);
#1197 = ORIENTED_EDGE('',*,*,#1164,.T.);
#1198 = PLANE('',#1199);
#1199 = AXIS2_PLACEMENT_3D('',#1200,#1201,#1202);
#1200 = CARTESIAN_POINT('',(58.75,26.600000000001,0.));
#1201 = DIRECTION('',(0.,1.,0.));
#1202 = DIRECTION('',(0.,0.,1.));
#1203 = ADVANCED_FACE('',(#1204),#1229,.T.);
#1204 = FACE_BOUND('',#1205,.T.);
#1205 = EDGE_LOOP('',(#1206,#1216,#1222,#1223));
#1206 = ORIENTED_EDGE('',*,*,#1207,.F.);
#1207 = EDGE_CURVE('',#1208,#1210,#1212,.T.);
#1208 = VERTEX_POINT('',#1209);
#1209 = CARTESIAN_POINT('',(58.25,41.7,30.287227480164));
#1210 = VERTEX_POINT('',#1211);
#1211 = CARTESIAN_POINT('',(-58.25,41.7,30.287227480164));
#1212 = LINE('',#1213,#1214);
#1213 = CARTESIAN_POINT('',(58.75,41.7,30.287227480164));
#1214 = VECTOR('',#1215,1.);
#1215 = DIRECTION('',(-1.,-0.,-0.));
#1216 = ORIENTED_EDGE('',*,*,#1217,.F.);
#1217 = EDGE_CURVE('',#302,#1208,#1218,.T.);
#1218 = LINE('',#1219,#1220);
#1219 = CARTESIAN_POINT('',(58.25,41.7,0.));
#1220 = VECTOR('',#1221,1.);
#1221 = DIRECTION('',(0.,0.,1.));
#1222 = ORIENTED_EDGE('',*,*,#301,.T.);
#1223 = ORIENTED_EDGE('',*,*,#1224,.F.);
#1224 = EDGE_CURVE('',#1210,#304,#1225,.T.);
#1225 = LINE('',#1226,#1227);
#1226 = CARTESIAN_POINT('',(-58.25,41.7,30.287227480164));
#1227 = VECTOR('',#1228,1.);
#1228 = DIRECTION('',(0.,0.,-1.));
#1229 = PLANE('',#1230);
#1230 = AXIS2_PLACEMENT_3D('',#1231,#1232,#1233);
#1231 = CARTESIAN_POINT('',(58.75,41.7,0.));
#1232 = DIRECTION('',(0.,1.,0.));
#1233 = DIRECTION('',(0.,0.,1.));
#1234 = ADVANCED_FACE('',(#1235),#1256,.T.);
#1235 = FACE_BOUND('',#1236,.T.);
#1236 = EDGE_LOOP('',(#1237,#1238,#1239,#1250));
#1237 = ORIENTED_EDGE('',*,*,#311,.T.);
#1238 = ORIENTED_EDGE('',*,*,#1217,.T.);
#1239 = ORIENTED_EDGE('',*,*,#1240,.F.);
#1240 = EDGE_CURVE('',#1241,#1208,#1243,.T.);
#1241 = VERTEX_POINT('',#1242);
#1242 = CARTESIAN_POINT('',(58.75,41.2,29.364060109056));
#1243 = B_SPLINE_CURVE_WITH_KNOTS('',5,(#1244,#1245,#1246,#1247,#1248,
    #1249),.UNSPECIFIED.,.F.,.F.,(6,6),(0.,1.),
  .PIECEWISE_BEZIER_KNOTS.);
#1244 = CARTESIAN_POINT('',(58.75,41.2,29.364060109056));
#1245 = CARTESIAN_POINT('',(58.75,41.357079632679,29.548693583278));
#1246 = CARTESIAN_POINT('',(58.688492497977,41.514305821681,
    29.7333270575));
#1247 = CARTESIAN_POINT('',(58.564305821681,41.638492497977,
    29.917960531721));
#1248 = CARTESIAN_POINT('',(58.40707963268,41.7,30.102594005943));
#1249 = CARTESIAN_POINT('',(58.25,41.7,30.287227480164));
#1250 = ORIENTED_EDGE('',*,*,#1251,.F.);
#1251 = EDGE_CURVE('',#312,#1241,#1252,.T.);
#1252 = LINE('',#1253,#1254);
#1253 = CARTESIAN_POINT('',(58.75,41.2,0.));
#1254 = VECTOR('',#1255,1.);
#1255 = DIRECTION('',(0.,0.,1.));
#1256 = CYLINDRICAL_SURFACE('',#1257,0.5);
#1257 = AXIS2_PLACEMENT_3D('',#1258,#1259,#1260);
#1258 = CARTESIAN_POINT('',(58.25,41.2,0.));
#1259 = DIRECTION('',(0.,0.,1.));
#1260 = DIRECTION('',(1.,0.,0.));
#1261 = ADVANCED_FACE('',(#1262),#1286,.T.);
#1262 = FACE_BOUND('',#1263,.T.);
#1263 = EDGE_LOOP('',(#1264,#1278,#1279,#1280));
#1264 = ORIENTED_EDGE('',*,*,#1265,.T.);
#1265 = EDGE_CURVE('',#1266,#1210,#1268,.T.);
#1266 = VERTEX_POINT('',#1267);
#1267 = CARTESIAN_POINT('',(-58.75,41.2,29.364060109056));
#1268 = B_SPLINE_CURVE_WITH_KNOTS('',8,(#1269,#1270,#1271,#1272,#1273,
    #1274,#1275,#1276,#1277),.UNSPECIFIED.,.F.,.F.,(9,9),(0.,1.),
  .PIECEWISE_BEZIER_KNOTS.);
#1269 = CARTESIAN_POINT('',(-58.75,41.2,29.364060109056));
#1270 = CARTESIAN_POINT('',(-58.75,41.298174770424,29.479456030445));
#1271 = CARTESIAN_POINT('',(-58.72796960552,41.396349571752,
    29.594851951833));
#1272 = CARTESIAN_POINT('',(-58.68390903293,41.488756617167,
    29.710247873222));
#1273 = CARTESIAN_POINT('',(-58.61962937789,41.56962937789,
    29.82564379461));
#1274 = CARTESIAN_POINT('',(-58.53875661716,41.633909032935,
    29.941039715999));
#1275 = CARTESIAN_POINT('',(-58.44634957175,41.677969605519,
    30.056435637387));
#1276 = CARTESIAN_POINT('',(-58.34817477042,41.7,30.171831558776));
#1277 = CARTESIAN_POINT('',(-58.25,41.7,30.287227480164));
#1278 = ORIENTED_EDGE('',*,*,#1224,.T.);
#1279 = ORIENTED_EDGE('',*,*,#362,.F.);
#1280 = ORIENTED_EDGE('',*,*,#1281,.F.);
#1281 = EDGE_CURVE('',#1266,#355,#1282,.T.);
#1282 = LINE('',#1283,#1284);
#1283 = CARTESIAN_POINT('',(-58.75,41.2,30.287227480164));
#1284 = VECTOR('',#1285,1.);
#1285 = DIRECTION('',(0.,0.,-1.));
#1286 = CYLINDRICAL_SURFACE('',#1287,0.5);
#1287 = AXIS2_PLACEMENT_3D('',#1288,#1289,#1290);
#1288 = CARTESIAN_POINT('',(-58.25,41.2,30.287227480164));
#1289 = DIRECTION('',(0.,0.,-1.));
#1290 = DIRECTION('',(-1.,-2.301763417227E-16,-0.));
#1291 = ADVANCED_FACE('',(#1292),#1311,.T.);
#1292 = FACE_BOUND('',#1293,.T.);
#1293 = EDGE_LOOP('',(#1294,#1295,#1296,#1305));
#1294 = ORIENTED_EDGE('',*,*,#320,.F.);
#1295 = ORIENTED_EDGE('',*,*,#1251,.T.);
#1296 = ORIENTED_EDGE('',*,*,#1297,.T.);
#1297 = EDGE_CURVE('',#1241,#1298,#1300,.T.);
#1298 = VERTEX_POINT('',#1299);
#1299 = CARTESIAN_POINT('',(58.75,37.650000000001,26.891261156014));
#1300 = CIRCLE('',#1301,6.175624999995);
#1301 = AXIS2_PLACEMENT_3D('',#1302,#1303,#1304);
#1302 = CARTESIAN_POINT('',(58.75,36.118833856219,32.874059362598));
#1303 = DIRECTION('',(-1.,0.,-0.));
#1304 = DIRECTION('',(0.,0.899679973637,-0.436550048718));
#1305 = ORIENTED_EDGE('',*,*,#1306,.T.);
#1306 = EDGE_CURVE('',#1298,#321,#1307,.T.);
#1307 = LINE('',#1308,#1309);
#1308 = CARTESIAN_POINT('',(58.75,37.650000000001,27.088590932765));
#1309 = VECTOR('',#1310,1.);
#1310 = DIRECTION('',(0.,0.,-1.));
#1311 = PLANE('',#1312);
#1312 = AXIS2_PLACEMENT_3D('',#1313,#1314,#1315);
#1313 = CARTESIAN_POINT('',(58.75,19.658353422359,34.146388621986));
#1314 = DIRECTION('',(1.,0.,0.));
#1315 = DIRECTION('',(0.,0.,1.));
#1316 = ADVANCED_FACE('',(#1317),#1336,.F.);
#1317 = FACE_BOUND('',#1318,.F.);
#1318 = EDGE_LOOP('',(#1319,#1320,#1321,#1330));
#1319 = ORIENTED_EDGE('',*,*,#354,.T.);
#1320 = ORIENTED_EDGE('',*,*,#1281,.F.);
#1321 = ORIENTED_EDGE('',*,*,#1322,.F.);
#1322 = EDGE_CURVE('',#1323,#1266,#1325,.T.);
#1323 = VERTEX_POINT('',#1324);
#1324 = CARTESIAN_POINT('',(-58.75,37.650000000001,26.891261156014));
#1325 = CIRCLE('',#1326,6.175624999995);
#1326 = AXIS2_PLACEMENT_3D('',#1327,#1328,#1329);
#1327 = CARTESIAN_POINT('',(-58.75,36.118833856219,32.874059362598));
#1328 = DIRECTION('',(1.,2.301763417227E-16,6.162975822039E-33));
#1329 = DIRECTION('',(-4.976591264464E-17,0.216207766064,-0.976347377675
    ));
#1330 = ORIENTED_EDGE('',*,*,#1331,.F.);
#1331 = EDGE_CURVE('',#346,#1323,#1332,.T.);
#1332 = LINE('',#1333,#1334);
#1333 = CARTESIAN_POINT('',(-58.75,37.650000000001,0.));
#1334 = VECTOR('',#1335,1.);
#1335 = DIRECTION('',(0.,0.,1.));
#1336 = PLANE('',#1337);
#1337 = AXIS2_PLACEMENT_3D('',#1338,#1339,#1340);
#1338 = CARTESIAN_POINT('',(-58.75,23.728982080945,35.006293617005));
#1339 = DIRECTION('',(1.,2.301763417227E-16,0.));
#1340 = DIRECTION('',(-2.301763417227E-16,1.,0.));
#1341 = ADVANCED_FACE('',(#1342),#1365,.T.);
#1342 = FACE_BOUND('',#1343,.T.);
#1343 = EDGE_LOOP('',(#1344,#1357,#1363,#1364));
#1344 = ORIENTED_EDGE('',*,*,#1345,.T.);
#1345 = EDGE_CURVE('',#1298,#1346,#1348,.T.);
#1346 = VERTEX_POINT('',#1347);
#1347 = CARTESIAN_POINT('',(58.25,37.150000000001,27.088590932765));
#1348 = B_SPLINE_CURVE_WITH_KNOTS('',7,(#1349,#1350,#1351,#1352,#1353,
    #1354,#1355,#1356),.UNSPECIFIED.,.F.,.F.,(8,8),(0.,1.),
  .PIECEWISE_BEZIER_KNOTS.);
#1349 = CARTESIAN_POINT('',(58.75,37.650000000001,26.891261156014));
#1350 = CARTESIAN_POINT('',(58.75,37.537800262372,26.919451124121));
#1351 = CARTESIAN_POINT('',(58.720625556725,37.42560106751,
    26.947641092229));
#1352 = CARTESIAN_POINT('',(58.6618813611,37.322626529588,
    26.975831060335));
#1353 = CARTESIAN_POINT('',(58.577373470413,37.238118638901,
    27.004021028443));
#1354 = CARTESIAN_POINT('',(58.474398932491,37.179374443276,
    27.03221099655));
#1355 = CARTESIAN_POINT('',(58.362199737628,37.150000000001,
    27.060400964657));
#1356 = CARTESIAN_POINT('',(58.25,37.150000000001,27.088590932765));
#1357 = ORIENTED_EDGE('',*,*,#1358,.T.);
#1358 = EDGE_CURVE('',#1346,#329,#1359,.T.);
#1359 = LINE('',#1360,#1361);
#1360 = CARTESIAN_POINT('',(58.25,37.150000000001,27.088590932765));
#1361 = VECTOR('',#1362,1.);
#1362 = DIRECTION('',(0.,0.,-1.));
#1363 = ORIENTED_EDGE('',*,*,#328,.F.);
#1364 = ORIENTED_EDGE('',*,*,#1306,.F.);
#1365 = CYLINDRICAL_SURFACE('',#1366,0.5);
#1366 = AXIS2_PLACEMENT_3D('',#1367,#1368,#1369);
#1367 = CARTESIAN_POINT('',(58.25,37.650000000001,27.088590932765));
#1368 = DIRECTION('',(0.,0.,-1.));
#1369 = DIRECTION('',(1.,0.,0.));
#1370 = ADVANCED_FACE('',(#1371),#1392,.T.);
#1371 = FACE_BOUND('',#1372,.T.);
#1372 = EDGE_LOOP('',(#1373,#1374,#1382,#1391));
#1373 = ORIENTED_EDGE('',*,*,#345,.T.);
#1374 = ORIENTED_EDGE('',*,*,#1375,.T.);
#1375 = EDGE_CURVE('',#338,#1376,#1378,.T.);
#1376 = VERTEX_POINT('',#1377);
#1377 = CARTESIAN_POINT('',(-58.25,37.150000000001,27.088590932765));
#1378 = LINE('',#1379,#1380);
#1379 = CARTESIAN_POINT('',(-58.25,37.150000000001,0.));
#1380 = VECTOR('',#1381,1.);
#1381 = DIRECTION('',(0.,0.,1.));
#1382 = ORIENTED_EDGE('',*,*,#1383,.F.);
#1383 = EDGE_CURVE('',#1323,#1376,#1384,.T.);
#1384 = B_SPLINE_CURVE_WITH_KNOTS('',5,(#1385,#1386,#1387,#1388,#1389,
    #1390),.UNSPECIFIED.,.F.,.F.,(6,6),(0.,1.),
  .PIECEWISE_BEZIER_KNOTS.);
#1385 = CARTESIAN_POINT('',(-58.75,37.650000000001,26.891261156014));
#1386 = CARTESIAN_POINT('',(-58.75,37.492920367321,26.930727111364));
#1387 = CARTESIAN_POINT('',(-58.68849249797,37.335694178319,
    26.970193066714));
#1388 = CARTESIAN_POINT('',(-58.56430582168,37.211507502024,
    27.009659022064));
#1389 = CARTESIAN_POINT('',(-58.40707963267,37.150000000001,
    27.049124977415));
#1390 = CARTESIAN_POINT('',(-58.25,37.150000000001,27.088590932765));
#1391 = ORIENTED_EDGE('',*,*,#1331,.F.);
#1392 = CYLINDRICAL_SURFACE('',#1393,0.5);
#1393 = AXIS2_PLACEMENT_3D('',#1394,#1395,#1396);
#1394 = CARTESIAN_POINT('',(-58.25,37.650000000001,0.));
#1395 = DIRECTION('',(0.,0.,1.));
#1396 = DIRECTION('',(-1.,-2.301763417227E-16,0.));
#1397 = ADVANCED_FACE('',(#1398),#1409,.T.);
#1398 = FACE_BOUND('',#1399,.T.);
#1399 = EDGE_LOOP('',(#1400,#1406,#1407,#1408));
#1400 = ORIENTED_EDGE('',*,*,#1401,.T.);
#1401 = EDGE_CURVE('',#1346,#1376,#1402,.T.);
#1402 = LINE('',#1403,#1404);
#1403 = CARTESIAN_POINT('',(58.75,37.150000000001,27.088590932765));
#1404 = VECTOR('',#1405,1.);
#1405 = DIRECTION('',(-1.,-0.,-0.));
#1406 = ORIENTED_EDGE('',*,*,#1375,.F.);
#1407 = ORIENTED_EDGE('',*,*,#337,.F.);
#1408 = ORIENTED_EDGE('',*,*,#1358,.F.);
#1409 = PLANE('',#1410);
#1410 = AXIS2_PLACEMENT_3D('',#1411,#1412,#1413);
#1411 = CARTESIAN_POINT('',(58.75,37.150000000001,27.292893218817));
#1412 = DIRECTION('',(-0.,-1.,-0.));
#1413 = DIRECTION('',(0.,0.,-1.));
#1414 = ADVANCED_FACE('',(#1415),#1441,.T.);
#1415 = FACE_BOUND('',#1416,.T.);
#1416 = EDGE_LOOP('',(#1417,#1425,#1426,#1434));
#1417 = ORIENTED_EDGE('',*,*,#1418,.F.);
#1418 = EDGE_CURVE('',#378,#1419,#1421,.T.);
#1419 = VERTEX_POINT('',#1420);
#1420 = CARTESIAN_POINT('',(-61.99999999999,40.2,-7.));
#1421 = LINE('',#1422,#1423);
#1422 = CARTESIAN_POINT('',(-61.99999999999,40.2,0.));
#1423 = VECTOR('',#1424,1.);
#1424 = DIRECTION('',(0.,0.,-1.));
#1425 = ORIENTED_EDGE('',*,*,#394,.T.);
#1426 = ORIENTED_EDGE('',*,*,#1427,.T.);
#1427 = EDGE_CURVE('',#387,#1428,#1430,.T.);
#1428 = VERTEX_POINT('',#1429);
#1429 = CARTESIAN_POINT('',(-56.99999999999,45.2,-7.));
#1430 = LINE('',#1431,#1432);
#1431 = CARTESIAN_POINT('',(-56.99999999999,45.2,0.));
#1432 = VECTOR('',#1433,1.);
#1433 = DIRECTION('',(0.,0.,-1.));
#1434 = ORIENTED_EDGE('',*,*,#1435,.F.);
#1435 = EDGE_CURVE('',#1419,#1428,#1436,.T.);
#1436 = CIRCLE('',#1437,5.);
#1437 = AXIS2_PLACEMENT_3D('',#1438,#1439,#1440);
#1438 = CARTESIAN_POINT('',(-56.99999999999,40.2,-7.));
#1439 = DIRECTION('',(0.,0.,-1.));
#1440 = DIRECTION('',(0.,1.,0.));
#1441 = CYLINDRICAL_SURFACE('',#1442,5.);
#1442 = AXIS2_PLACEMENT_3D('',#1443,#1444,#1445);
#1443 = CARTESIAN_POINT('',(-56.99999999999,40.2,0.));
#1444 = DIRECTION('',(0.,0.,-1.));
#1445 = DIRECTION('',(-1.,-0.,-0.));
#1446 = ADVANCED_FACE('',(#1447),#1465,.F.);
#1447 = FACE_BOUND('',#1448,.F.);
#1448 = EDGE_LOOP('',(#1449,#1457,#1463,#1464));
#1449 = ORIENTED_EDGE('',*,*,#1450,.T.);
#1450 = EDGE_CURVE('',#410,#1451,#1453,.T.);
#1451 = VERTEX_POINT('',#1452);
#1452 = CARTESIAN_POINT('',(-61.99999999999,7.,-7.));
#1453 = LINE('',#1454,#1455);
#1454 = CARTESIAN_POINT('',(-61.99999999999,7.,0.));
#1455 = VECTOR('',#1456,1.);
#1456 = DIRECTION('',(0.,0.,-1.));
#1457 = ORIENTED_EDGE('',*,*,#1458,.T.);
#1458 = EDGE_CURVE('',#1451,#1419,#1459,.T.);
#1459 = LINE('',#1460,#1461);
#1460 = CARTESIAN_POINT('',(-61.99999999999,2.,-7.));
#1461 = VECTOR('',#1462,1.);
#1462 = DIRECTION('',(0.,1.,0.));
#1463 = ORIENTED_EDGE('',*,*,#1418,.F.);
#1464 = ORIENTED_EDGE('',*,*,#419,.F.);
#1465 = PLANE('',#1466);
#1466 = AXIS2_PLACEMENT_3D('',#1467,#1468,#1469);
#1467 = CARTESIAN_POINT('',(-61.99999999999,2.,0.));
#1468 = DIRECTION('',(1.,0.,0.));
#1469 = DIRECTION('',(0.,1.,0.));
#1470 = ADVANCED_FACE('',(#1471),#1489,.F.);
#1471 = FACE_BOUND('',#1472,.F.);
#1472 = EDGE_LOOP('',(#1473,#1474,#1482,#1488));
#1473 = ORIENTED_EDGE('',*,*,#1427,.T.);
#1474 = ORIENTED_EDGE('',*,*,#1475,.T.);
#1475 = EDGE_CURVE('',#1428,#1476,#1478,.T.);
#1476 = VERTEX_POINT('',#1477);
#1477 = CARTESIAN_POINT('',(56.999999999999,45.2,-7.));
#1478 = LINE('',#1479,#1480);
#1479 = CARTESIAN_POINT('',(-61.99999999999,45.2,-7.));
#1480 = VECTOR('',#1481,1.);
#1481 = DIRECTION('',(1.,0.,0.));
#1482 = ORIENTED_EDGE('',*,*,#1483,.F.);
#1483 = EDGE_CURVE('',#436,#1476,#1484,.T.);
#1484 = LINE('',#1485,#1486);
#1485 = CARTESIAN_POINT('',(56.999999999999,45.2,0.));
#1486 = VECTOR('',#1487,1.);
#1487 = DIRECTION('',(0.,0.,-1.));
#1488 = ORIENTED_EDGE('',*,*,#443,.F.);
#1489 = PLANE('',#1490);
#1490 = AXIS2_PLACEMENT_3D('',#1491,#1492,#1493);
#1491 = CARTESIAN_POINT('',(-61.99999999999,45.2,0.));
#1492 = DIRECTION('',(0.,-1.,0.));
#1493 = DIRECTION('',(1.,0.,0.));
#1494 = ADVANCED_FACE('',(#1495),#1514,.T.);
#1495 = FACE_BOUND('',#1496,.F.);
#1496 = EDGE_LOOP('',(#1497,#1498,#1499,#1507));
#1497 = ORIENTED_EDGE('',*,*,#1450,.F.);
#1498 = ORIENTED_EDGE('',*,*,#467,.F.);
#1499 = ORIENTED_EDGE('',*,*,#1500,.T.);
#1500 = EDGE_CURVE('',#458,#1501,#1503,.T.);
#1501 = VERTEX_POINT('',#1502);
#1502 = CARTESIAN_POINT('',(-56.99999999999,2.,-7.));
#1503 = LINE('',#1504,#1505);
#1504 = CARTESIAN_POINT('',(-56.99999999999,2.,0.));
#1505 = VECTOR('',#1506,1.);
#1506 = DIRECTION('',(0.,0.,-1.));
#1507 = ORIENTED_EDGE('',*,*,#1508,.F.);
#1508 = EDGE_CURVE('',#1451,#1501,#1509,.T.);
#1509 = CIRCLE('',#1510,5.);
#1510 = AXIS2_PLACEMENT_3D('',#1511,#1512,#1513);
#1511 = CARTESIAN_POINT('',(-56.99999999999,7.,-7.));
#1512 = DIRECTION('',(0.,-0.,1.));
#1513 = DIRECTION('',(0.,1.,0.));
#1514 = CYLINDRICAL_SURFACE('',#1515,5.);
#1515 = AXIS2_PLACEMENT_3D('',#1516,#1517,#1518);
#1516 = CARTESIAN_POINT('',(-56.99999999999,7.,0.));
#1517 = DIRECTION('',(0.,0.,-1.));
#1518 = DIRECTION('',(-1.,-0.,-0.));
#1519 = ADVANCED_FACE('',(#1520),#1539,.T.);
#1520 = FACE_BOUND('',#1521,.T.);
#1521 = EDGE_LOOP('',(#1522,#1523,#1524,#1532));
#1522 = ORIENTED_EDGE('',*,*,#1483,.F.);
#1523 = ORIENTED_EDGE('',*,*,#492,.T.);
#1524 = ORIENTED_EDGE('',*,*,#1525,.T.);
#1525 = EDGE_CURVE('',#485,#1526,#1528,.T.);
#1526 = VERTEX_POINT('',#1527);
#1527 = CARTESIAN_POINT('',(61.999999999999,40.2,-7.));
#1528 = LINE('',#1529,#1530);
#1529 = CARTESIAN_POINT('',(61.999999999999,40.2,0.));
#1530 = VECTOR('',#1531,1.);
#1531 = DIRECTION('',(0.,0.,-1.));
#1532 = ORIENTED_EDGE('',*,*,#1533,.F.);
#1533 = EDGE_CURVE('',#1476,#1526,#1534,.T.);
#1534 = CIRCLE('',#1535,5.);
#1535 = AXIS2_PLACEMENT_3D('',#1536,#1537,#1538);
#1536 = CARTESIAN_POINT('',(56.999999999999,40.2,-7.));
#1537 = DIRECTION('',(0.,0.,-1.));
#1538 = DIRECTION('',(0.,1.,0.));
#1539 = CYLINDRICAL_SURFACE('',#1540,5.);
#1540 = AXIS2_PLACEMENT_3D('',#1541,#1542,#1543);
#1541 = CARTESIAN_POINT('',(56.999999999999,40.2,0.));
#1542 = DIRECTION('',(0.,0.,-1.));
#1543 = DIRECTION('',(0.,1.,0.));
#1544 = ADVANCED_FACE('',(#1545),#1563,.F.);
#1545 = FACE_BOUND('',#1546,.F.);
#1546 = EDGE_LOOP('',(#1547,#1555,#1561,#1562));
#1547 = ORIENTED_EDGE('',*,*,#1548,.T.);
#1548 = EDGE_CURVE('',#508,#1549,#1551,.T.);
#1549 = VERTEX_POINT('',#1550);
#1550 = CARTESIAN_POINT('',(56.999999999999,2.,-7.));
#1551 = LINE('',#1552,#1553);
#1552 = CARTESIAN_POINT('',(56.999999999999,2.,0.));
#1553 = VECTOR('',#1554,1.);
#1554 = DIRECTION('',(0.,0.,-1.));
#1555 = ORIENTED_EDGE('',*,*,#1556,.T.);
#1556 = EDGE_CURVE('',#1549,#1501,#1557,.T.);
#1557 = LINE('',#1558,#1559);
#1558 = CARTESIAN_POINT('',(61.999999999999,2.,-7.));
#1559 = VECTOR('',#1560,1.);
#1560 = DIRECTION('',(-1.,0.,0.));
#1561 = ORIENTED_EDGE('',*,*,#1500,.F.);
#1562 = ORIENTED_EDGE('',*,*,#517,.F.);
#1563 = PLANE('',#1564);
#1564 = AXIS2_PLACEMENT_3D('',#1565,#1566,#1567);
#1565 = CARTESIAN_POINT('',(61.999999999999,2.,0.));
#1566 = DIRECTION('',(0.,1.,0.));
#1567 = DIRECTION('',(-1.,0.,0.));
#1568 = ADVANCED_FACE('',(#1569),#1587,.F.);
#1569 = FACE_BOUND('',#1570,.F.);
#1570 = EDGE_LOOP('',(#1571,#1572,#1580,#1586));
#1571 = ORIENTED_EDGE('',*,*,#1525,.T.);
#1572 = ORIENTED_EDGE('',*,*,#1573,.T.);
#1573 = EDGE_CURVE('',#1526,#1574,#1576,.T.);
#1574 = VERTEX_POINT('',#1575);
#1575 = CARTESIAN_POINT('',(61.999999999999,7.,-7.));
#1576 = LINE('',#1577,#1578);
#1577 = CARTESIAN_POINT('',(61.999999999999,45.2,-7.));
#1578 = VECTOR('',#1579,1.);
#1579 = DIRECTION('',(0.,-1.,0.));
#1580 = ORIENTED_EDGE('',*,*,#1581,.F.);
#1581 = EDGE_CURVE('',#534,#1574,#1582,.T.);
#1582 = LINE('',#1583,#1584);
#1583 = CARTESIAN_POINT('',(61.999999999999,7.,0.));
#1584 = VECTOR('',#1585,1.);
#1585 = DIRECTION('',(0.,0.,-1.));
#1586 = ORIENTED_EDGE('',*,*,#541,.F.);
#1587 = PLANE('',#1588);
#1588 = AXIS2_PLACEMENT_3D('',#1589,#1590,#1591);
#1589 = CARTESIAN_POINT('',(61.999999999999,45.2,0.));
#1590 = DIRECTION('',(-1.,-0.,-0.));
#1591 = DIRECTION('',(0.,-1.,0.));
#1592 = ADVANCED_FACE('',(#1593),#1605,.T.);
#1593 = FACE_BOUND('',#1594,.F.);
#1594 = EDGE_LOOP('',(#1595,#1596,#1597,#1598));
#1595 = ORIENTED_EDGE('',*,*,#1548,.F.);
#1596 = ORIENTED_EDGE('',*,*,#558,.F.);
#1597 = ORIENTED_EDGE('',*,*,#1581,.T.);
#1598 = ORIENTED_EDGE('',*,*,#1599,.F.);
#1599 = EDGE_CURVE('',#1549,#1574,#1600,.T.);
#1600 = CIRCLE('',#1601,5.);
#1601 = AXIS2_PLACEMENT_3D('',#1602,#1603,#1604);
#1602 = CARTESIAN_POINT('',(56.999999999999,7.,-7.));
#1603 = DIRECTION('',(0.,-0.,1.));
#1604 = DIRECTION('',(0.,1.,0.));
#1605 = CYLINDRICAL_SURFACE('',#1606,5.);
#1606 = AXIS2_PLACEMENT_3D('',#1607,#1608,#1609);
#1607 = CARTESIAN_POINT('',(56.999999999999,7.,0.));
#1608 = DIRECTION('',(0.,0.,-1.));
#1609 = DIRECTION('',(0.,-1.,0.));
#1610 = ADVANCED_FACE('',(#1611),#1650,.T.);
#1611 = FACE_BOUND('',#1612,.F.);
#1612 = EDGE_LOOP('',(#1613,#1614,#1629,#1637));
#1613 = ORIENTED_EDGE('',*,*,#573,.F.);
#1614 = ORIENTED_EDGE('',*,*,#1615,.F.);
#1615 = EDGE_CURVE('',#1616,#574,#1618,.T.);
#1616 = VERTEX_POINT('',#1617);
#1617 = CARTESIAN_POINT('',(58.25,9.575080006591,90.396364992335));
#1618 = B_SPLINE_CURVE_WITH_KNOTS('',9,(#1619,#1620,#1621,#1622,#1623,
    #1624,#1625,#1626,#1627,#1628),.UNSPECIFIED.,.F.,.F.,(10,10),(0.,1.)
  ,.PIECEWISE_BEZIER_KNOTS.);
#1619 = CARTESIAN_POINT('',(58.25,9.575080006591,90.396364992335));
#1620 = CARTESIAN_POINT('',(58.25,9.607697872644,90.463586702553));
#1621 = CARTESIAN_POINT('',(58.250000000001,9.662918192099,
    90.519842412225));
#1622 = CARTESIAN_POINT('',(58.249999999999,9.736524853018,
    90.556442511025));
#1623 = CARTESIAN_POINT('',(58.25,9.820413786622,90.566602447629));
#1624 = CARTESIAN_POINT('',(58.250000000001,9.903595280642,
    90.547487183026));
#1625 = CARTESIAN_POINT('',(58.249999999999,9.974633153412,
    90.501724773553));
#1626 = CARTESIAN_POINT('',(58.250000000001,10.024877817244,
    90.436663406172));
#1627 = CARTESIAN_POINT('',(58.25,10.050000000001,90.361944837649));
#1628 = CARTESIAN_POINT('',(58.25,10.050000000001,90.287227480156));
#1629 = ORIENTED_EDGE('',*,*,#1630,.T.);
#1630 = EDGE_CURVE('',#1616,#1631,#1633,.T.);
#1631 = VERTEX_POINT('',#1632);
#1632 = CARTESIAN_POINT('',(-58.25,9.575080006591,90.396364992335));
#1633 = LINE('',#1634,#1635);
#1634 = CARTESIAN_POINT('',(58.75,9.575080006591,90.396364992335));
#1635 = VECTOR('',#1636,1.);
#1636 = DIRECTION('',(-1.,-0.,-0.));
#1637 = ORIENTED_EDGE('',*,*,#1638,.T.);
#1638 = EDGE_CURVE('',#1631,#576,#1639,.T.);
#1639 = B_SPLINE_CURVE_WITH_KNOTS('',9,(#1640,#1641,#1642,#1643,#1644,
    #1645,#1646,#1647,#1648,#1649),.UNSPECIFIED.,.F.,.F.,(10,10),(0.,1.)
  ,.PIECEWISE_BEZIER_KNOTS.);
#1640 = CARTESIAN_POINT('',(-58.25,9.575080006591,90.396364992335));
#1641 = CARTESIAN_POINT('',(-58.25,9.607697872644,90.463586702553));
#1642 = CARTESIAN_POINT('',(-58.25,9.662918192098,90.519842412222));
#1643 = CARTESIAN_POINT('',(-58.24999999999,9.736524853019,
    90.556442511028));
#1644 = CARTESIAN_POINT('',(-58.25,9.820413786621,90.566602447622));
#1645 = CARTESIAN_POINT('',(-58.24999999999,9.903595280643,
    90.547487183033));
#1646 = CARTESIAN_POINT('',(-58.25,9.974633153411,90.501724773548));
#1647 = CARTESIAN_POINT('',(-58.24999999999,10.024877817244,
    90.436663406174));
#1648 = CARTESIAN_POINT('',(-58.25,10.050000000001,90.361944837649));
#1649 = CARTESIAN_POINT('',(-58.25,10.050000000001,90.287227480156));
#1650 = CYLINDRICAL_SURFACE('',#1651,0.25);
#1651 = AXIS2_PLACEMENT_3D('',#1652,#1653,#1654);
#1652 = CARTESIAN_POINT('',(58.75,9.800000000001,90.287227480156));
#1653 = DIRECTION('',(-1.,-0.,-0.));
#1654 = DIRECTION('',(0.,1.,0.));
#1655 = ADVANCED_FACE('',(#1656),#1669,.T.);
#1656 = FACE_BOUND('',#1657,.T.);
#1657 = EDGE_LOOP('',(#1658,#1667,#1668));
#1658 = ORIENTED_EDGE('',*,*,#1659,.F.);
#1659 = EDGE_CURVE('',#605,#1616,#1660,.T.);
#1660 = B_SPLINE_CURVE_WITH_KNOTS('',5,(#1661,#1662,#1663,#1664,#1665,
    #1666),.UNSPECIFIED.,.F.,.F.,(6,6),(0.,1.),
  .PIECEWISE_BEZIER_KNOTS.);
#1661 = CARTESIAN_POINT('',(58.75,9.550000000001,89.364060109047));
#1662 = CARTESIAN_POINT('',(58.75,9.527992328222,89.608573058432));
#1663 = CARTESIAN_POINT('',(58.688492497977,9.493148244182,
    89.847486247919));
#1664 = CARTESIAN_POINT('',(58.564305821681,9.47309489659,
    90.060501468616));
#1665 = CARTESIAN_POINT('',(58.40707963268,9.499384001177,
    90.240364138926));
#1666 = CARTESIAN_POINT('',(58.25,9.575080006591,90.396364992335));
#1667 = ORIENTED_EDGE('',*,*,#604,.T.);
#1668 = ORIENTED_EDGE('',*,*,#1615,.F.);
#1669 = B_SPLINE_SURFACE_WITH_KNOTS('',9,8,(
    (#1670,#1671,#1672,#1673,#1674,#1675,#1676,#1677,#1678)
    ,(#1679,#1680,#1681,#1682,#1683,#1684,#1685,#1686,#1687)
    ,(#1688,#1689,#1690,#1691,#1692,#1693,#1694,#1695,#1696)
    ,(#1697,#1698,#1699,#1700,#1701,#1702,#1703,#1704,#1705)
    ,(#1706,#1707,#1708,#1709,#1710,#1711,#1712,#1713,#1714)
    ,(#1715,#1716,#1717,#1718,#1719,#1720,#1721,#1722,#1723)
    ,(#1724,#1725,#1726,#1727,#1728,#1729,#1730,#1731,#1732)
    ,(#1733,#1734,#1735,#1736,#1737,#1738,#1739,#1740,#1741)
    ,(#1742,#1743,#1744,#1745,#1746,#1747,#1748,#1749,#1750)
    ,(#1751,#1752,#1753,#1754,#1755,#1756,#1757,#1758,#1759
  )),.UNSPECIFIED.,.F.,.F.,.F.,(10,10),(9,9),(0.,1.),(0.,1.),
  .PIECEWISE_BEZIER_KNOTS.);
#1670 = CARTESIAN_POINT('',(58.75,9.550000000001,89.364060109047));
#1671 = CARTESIAN_POINT('',(58.75,9.536658142581,89.512292822653));
#1672 = CARTESIAN_POINT('',(58.729272396848,9.518893367809,
    89.660130033624));
#1673 = CARTESIAN_POINT('',(58.687061489242,9.500971291785,
    89.804398782042));
#1674 = CARTESIAN_POINT('',(58.624184715088,9.487880002482,
    89.942118085012));
#1675 = CARTESIAN_POINT('',(58.543387183852,9.484999911905,
    90.07073828758));
#1676 = CARTESIAN_POINT('',(58.449842200904,9.497105490223,
    90.189001301841));
#1677 = CARTESIAN_POINT('',(58.349921534805,9.526928244899,
    90.297129690867));
#1678 = CARTESIAN_POINT('',(58.25,9.575080006591,90.396364992335));
#1679 = CARTESIAN_POINT('',(58.75,9.550000000001,89.364060109047));
#1680 = CARTESIAN_POINT('',(58.75,9.546530001245,89.518562802742));
#1681 = CARTESIAN_POINT('',(58.731290106428,9.534698872743,
    89.674873339599));
#1682 = CARTESIAN_POINT('',(58.69352135223,9.518570715542,89.8299233482)
  );
#1683 = CARTESIAN_POINT('',(58.636552810023,9.502015528554,
    89.981522310673));
#1684 = CARTESIAN_POINT('',(58.554470394778,9.49155806841,
    90.124807088733));
#1685 = CARTESIAN_POINT('',(58.45433338614,9.503413271851,
    90.252531228099));
#1686 = CARTESIAN_POINT('',(58.349727449873,9.542268975006,
    90.36483891277));
#1687 = CARTESIAN_POINT('',(58.25,9.607697872644,90.463586702553));
#1688 = CARTESIAN_POINT('',(58.75,9.550000000001,89.364060109047));
#1689 = CARTESIAN_POINT('',(58.75,9.57479874708,89.517268828693));
#1690 = CARTESIAN_POINT('',(58.732736825825,9.567064919459,
    89.691550009397));
#1691 = CARTESIAN_POINT('',(58.698231051333,9.557459680714,
    89.868406943648));
#1692 = CARTESIAN_POINT('',(58.645655405354,9.542777604042,
    90.044635534714));
#1693 = CARTESIAN_POINT('',(58.562610537938,9.530934772923,
    90.209195934987));
#1694 = CARTESIAN_POINT('',(58.457580506655,9.542494015308,
    90.346576401312));
#1695 = CARTESIAN_POINT('',(58.349533364943,9.577119527556,
    90.454850205058));
#1696 = CARTESIAN_POINT('',(58.250000000001,9.662918192099,
    90.519842412225));
#1697 = CARTESIAN_POINT('',(58.75,9.550000000001,89.364060109047));
#1698 = CARTESIAN_POINT('',(58.75,9.585970722668,89.518799095417));
#1699 = CARTESIAN_POINT('',(58.733826501473,9.594128479031,
    89.715245438019));
#1700 = CARTESIAN_POINT('',(58.701687191233,9.598403044871,
    89.921898884456));
#1701 = CARTESIAN_POINT('',(58.652152376438,9.597758181058,
    90.128697786735));
#1702 = CARTESIAN_POINT('',(58.568360112657,9.598718539627,
    90.315861718144));
#1703 = CARTESIAN_POINT('',(58.459843268572,9.617629467383,
    90.458657489441));
#1704 = CARTESIAN_POINT('',(58.349339280011,9.655983320506,
    90.54799161806));
#1705 = CARTESIAN_POINT('',(58.249999999999,9.736524853018,
    90.556442511025));
#1706 = CARTESIAN_POINT('',(58.75,9.550000000001,89.364060109048));
#1707 = CARTESIAN_POINT('',(58.75,9.594115216302,89.51894766795));
#1708 = CARTESIAN_POINT('',(58.734415872794,9.632412589094,
    89.730899551715));
#1709 = CARTESIAN_POINT('',(58.703539813298,9.669269405151,
    89.960168513461));
#1710 = CARTESIAN_POINT('',(58.655566249727,9.703097259207,
    90.189445483264));
#1711 = CARTESIAN_POINT('',(58.571322645378,9.733059565084,
    90.391945943186));
#1712 = CARTESIAN_POINT('',(58.460938155145,9.761994838233,
    90.536506837626));
#1713 = CARTESIAN_POINT('',(58.349145195081,9.789500140013,
    90.606739013066));
#1714 = CARTESIAN_POINT('',(58.25,9.820413786622,90.566602447629));
#1715 = CARTESIAN_POINT('',(58.75,9.550000000001,89.364060109047));
#1716 = CARTESIAN_POINT('',(58.75,9.600910779846,89.517157143798));
#1717 = CARTESIAN_POINT('',(58.734450980958,9.67679837512,
    89.720489811729));
#1718 = CARTESIAN_POINT('',(58.703650599723,9.757002343157,
    89.939951642055));
#1719 = CARTESIAN_POINT('',(58.655703888895,9.836545060466,
    90.158782726787));
#1720 = CARTESIAN_POINT('',(58.571338905762,9.903651668068,
    90.353033690162));
#1721 = CARTESIAN_POINT('',(58.460792455343,9.942993810891,
    90.495596822206));
#1722 = CARTESIAN_POINT('',(58.34895111015,9.949134591758,
    90.570713608081));
#1723 = CARTESIAN_POINT('',(58.250000000001,9.903595280642,
    90.547487183026));
#1724 = CARTESIAN_POINT('',(58.75,9.550000000001,89.364060109047));
#1725 = CARTESIAN_POINT('',(58.75,9.608035965166,89.512870120465));
#1726 = CARTESIAN_POINT('',(58.733877867139,9.704699625437,
    89.688453011004));
#1727 = CARTESIAN_POINT('',(58.701881232702,9.804988714989,
    89.872766637045));
#1728 = CARTESIAN_POINT('',(58.652372157618,9.906205692942,
    90.055719398917));
#1729 = CARTESIAN_POINT('',(58.568249663469,9.993131025016,
    90.223592263031));
#1730 = CARTESIAN_POINT('',(58.459333458131,10.040916617378,
    90.360964930352));
#1731 = CARTESIAN_POINT('',(58.348757025217,10.045159792747,
    90.458827168978));
#1732 = CARTESIAN_POINT('',(58.249999999999,9.974633153412,
    90.501724773553));
#1733 = CARTESIAN_POINT('',(58.75,9.550000000001,89.364060109047));
#1734 = CARTESIAN_POINT('',(58.75,9.617169324126,89.505529195457));
#1735 = CARTESIAN_POINT('',(58.732642572512,9.71860320299,
    89.652961403586));
#1736 = CARTESIAN_POINT('',(58.698093394435,9.818601414793,
    89.803290485335));
#1737 = CARTESIAN_POINT('',(58.645377919576,9.91908226622,
    89.951847160362));
#1738 = CARTESIAN_POINT('',(58.561895688166,10.007757564211,
    90.093816189621));
#1739 = CARTESIAN_POINT('',(58.456488452484,10.060025565812,
    90.223965889429));
#1740 = CARTESIAN_POINT('',(58.348562940288,10.075952945394,
    90.338655591815));
#1741 = CARTESIAN_POINT('',(58.250000000001,10.024877817244,
    90.436663406172));
#1742 = CARTESIAN_POINT('',(58.75,9.550000000001,89.364060109047));
#1743 = CARTESIAN_POINT('',(58.75,9.642380145018,89.490928433811));
#1744 = CARTESIAN_POINT('',(58.730601836493,9.739208851468,
    89.617752813839));
#1745 = CARTESIAN_POINT('',(58.691937126284,9.835207105678,
    89.744180698021));
#1746 = CARTESIAN_POINT('',(58.634243701213,9.9261342058,89.869880866056
    ));
#1747 = CARTESIAN_POINT('',(58.551880506288,10.004205764582,
    89.994570022918));
#1748 = CARTESIAN_POINT('',(58.452073921649,10.052491998294,
    90.118108381094));
#1749 = CARTESIAN_POINT('',(58.348368855356,10.067244156624,
    90.24052066979));
#1750 = CARTESIAN_POINT('',(58.25,10.050000000001,90.361944837649));
#1751 = CARTESIAN_POINT('',(58.75,9.550000000001,89.364060109047));
#1752 = CARTESIAN_POINT('',(58.75,9.648174770425,89.479456030436));
#1753 = CARTESIAN_POINT('',(58.72796960552,9.746349571753,
    89.594851951826));
#1754 = CARTESIAN_POINT('',(58.683909032935,9.838756617168,
    89.71024787321));
#1755 = CARTESIAN_POINT('',(58.619629377892,9.919629377891,
    89.825643794607));
#1756 = CARTESIAN_POINT('',(58.538756617167,9.983909032936,
    89.941039715987));
#1757 = CARTESIAN_POINT('',(58.446349571753,10.02796960552,
    90.056435637382));
#1758 = CARTESIAN_POINT('',(58.348174770425,10.050000000001,
    90.171831558767));
#1759 = CARTESIAN_POINT('',(58.25,10.050000000001,90.287227480156));
#1760 = ADVANCED_FACE('',(#1761),#1774,.F.);
#1761 = FACE_BOUND('',#1762,.F.);
#1762 = EDGE_LOOP('',(#1763,#1772,#1773));
#1763 = ORIENTED_EDGE('',*,*,#1764,.F.);
#1764 = EDGE_CURVE('',#635,#1631,#1765,.T.);
#1765 = B_SPLINE_CURVE_WITH_KNOTS('',5,(#1766,#1767,#1768,#1769,#1770,
    #1771),.UNSPECIFIED.,.F.,.F.,(6,6),(0.,1.),
  .PIECEWISE_BEZIER_KNOTS.);
#1766 = CARTESIAN_POINT('',(-58.75,9.550000000001,89.364060109048));
#1767 = CARTESIAN_POINT('',(-58.75,9.527992328222,89.608573058432));
#1768 = CARTESIAN_POINT('',(-58.68849249797,9.493148244182,
    89.847486247919));
#1769 = CARTESIAN_POINT('',(-58.56430582168,9.47309489659,
    90.060501468617));
#1770 = CARTESIAN_POINT('',(-58.40707963268,9.499384001177,
    90.240364138926));
#1771 = CARTESIAN_POINT('',(-58.25,9.575080006591,90.396364992335));
#1772 = ORIENTED_EDGE('',*,*,#634,.T.);
#1773 = ORIENTED_EDGE('',*,*,#1638,.F.);
#1774 = B_SPLINE_SURFACE_WITH_KNOTS('',9,8,(
    (#1775,#1776,#1777,#1778,#1779,#1780,#1781,#1782,#1783)
    ,(#1784,#1785,#1786,#1787,#1788,#1789,#1790,#1791,#1792)
    ,(#1793,#1794,#1795,#1796,#1797,#1798,#1799,#1800,#1801)
    ,(#1802,#1803,#1804,#1805,#1806,#1807,#1808,#1809,#1810)
    ,(#1811,#1812,#1813,#1814,#1815,#1816,#1817,#1818,#1819)
    ,(#1820,#1821,#1822,#1823,#1824,#1825,#1826,#1827,#1828)
    ,(#1829,#1830,#1831,#1832,#1833,#1834,#1835,#1836,#1837)
    ,(#1838,#1839,#1840,#1841,#1842,#1843,#1844,#1845,#1846)
    ,(#1847,#1848,#1849,#1850,#1851,#1852,#1853,#1854,#1855)
    ,(#1856,#1857,#1858,#1859,#1860,#1861,#1862,#1863,#1864
  )),.UNSPECIFIED.,.F.,.F.,.F.,(10,10),(9,9),(0.,1.),(0.,1.),
  .PIECEWISE_BEZIER_KNOTS.);
#1775 = CARTESIAN_POINT('',(-58.75,9.550000000001,89.364060109048));
#1776 = CARTESIAN_POINT('',(-58.75,9.536658142581,89.512292822653));
#1777 = CARTESIAN_POINT('',(-58.72927239684,9.51889336781,
    89.660130033625));
#1778 = CARTESIAN_POINT('',(-58.68706148924,9.500971291785,
    89.804398782041));
#1779 = CARTESIAN_POINT('',(-58.62418471508,9.487880002482,
    89.942118085013));
#1780 = CARTESIAN_POINT('',(-58.54338718385,9.484999911904,
    90.070738287579));
#1781 = CARTESIAN_POINT('',(-58.4498422009,9.497105490223,
    90.189001301841));
#1782 = CARTESIAN_POINT('',(-58.3499215348,9.526928244899,
    90.297129690867));
#1783 = CARTESIAN_POINT('',(-58.25,9.575080006591,90.396364992335));
#1784 = CARTESIAN_POINT('',(-58.75,9.550000000001,89.364060109048));
#1785 = CARTESIAN_POINT('',(-58.75,9.546530001245,89.518562802742));
#1786 = CARTESIAN_POINT('',(-58.73129010642,9.534698872744,
    89.674873339599));
#1787 = CARTESIAN_POINT('',(-58.69352135223,9.518570715542,
    89.829923348199));
#1788 = CARTESIAN_POINT('',(-58.63655281002,9.502015528554,
    89.981522310674));
#1789 = CARTESIAN_POINT('',(-58.55447039477,9.49155806841,
    90.124807088732));
#1790 = CARTESIAN_POINT('',(-58.45433338613,9.503413271851,
    90.252531228099));
#1791 = CARTESIAN_POINT('',(-58.34972744987,9.542268975006,
    90.36483891277));
#1792 = CARTESIAN_POINT('',(-58.25,9.607697872644,90.463586702553));
#1793 = CARTESIAN_POINT('',(-58.75,9.550000000001,89.364060109048));
#1794 = CARTESIAN_POINT('',(-58.75,9.57479874708,89.517268828693));
#1795 = CARTESIAN_POINT('',(-58.73273682582,9.567064919459,
    89.691550009397));
#1796 = CARTESIAN_POINT('',(-58.69823105133,9.557459680714,
    89.868406943646));
#1797 = CARTESIAN_POINT('',(-58.64565540535,9.542777604042,
    90.044635534713));
#1798 = CARTESIAN_POINT('',(-58.56261053794,9.530934772922,
    90.209195934985));
#1799 = CARTESIAN_POINT('',(-58.45758050665,9.542494015308,
    90.34657640131));
#1800 = CARTESIAN_POINT('',(-58.34953336494,9.577119527556,
    90.454850205056));
#1801 = CARTESIAN_POINT('',(-58.25,9.662918192098,90.519842412222));
#1802 = CARTESIAN_POINT('',(-58.75,9.550000000001,89.364060109048));
#1803 = CARTESIAN_POINT('',(-58.75,9.585970722668,89.518799095417));
#1804 = CARTESIAN_POINT('',(-58.73382650147,9.594128479031,
    89.71524543802));
#1805 = CARTESIAN_POINT('',(-58.70168719123,9.598403044871,
    89.921898884458));
#1806 = CARTESIAN_POINT('',(-58.65215237643,9.597758181058,
    90.128697786737));
#1807 = CARTESIAN_POINT('',(-58.56836011265,9.598718539627,
    90.315861718147));
#1808 = CARTESIAN_POINT('',(-58.45984326856,9.617629467384,
    90.458657489443));
#1809 = CARTESIAN_POINT('',(-58.34933928,9.655983320506,90.547991618063)
  );
#1810 = CARTESIAN_POINT('',(-58.24999999999,9.736524853019,
    90.556442511028));
#1811 = CARTESIAN_POINT('',(-58.75,9.550000000001,89.364060109048));
#1812 = CARTESIAN_POINT('',(-58.75,9.594115216302,89.51894766795));
#1813 = CARTESIAN_POINT('',(-58.73441587279,9.632412589094,
    89.730899551713));
#1814 = CARTESIAN_POINT('',(-58.7035398133,9.66926940515,89.960168513459
    ));
#1815 = CARTESIAN_POINT('',(-58.65556624972,9.703097259206,
    90.18944548326));
#1816 = CARTESIAN_POINT('',(-58.57132264538,9.733059565083,
    90.391945943182));
#1817 = CARTESIAN_POINT('',(-58.46093815514,9.761994838232,
    90.536506837619));
#1818 = CARTESIAN_POINT('',(-58.34914519508,9.789500140012,
    90.606739013059));
#1819 = CARTESIAN_POINT('',(-58.25,9.820413786621,90.566602447622));
#1820 = CARTESIAN_POINT('',(-58.75,9.550000000001,89.364060109048));
#1821 = CARTESIAN_POINT('',(-58.75,9.600910779846,89.517157143798));
#1822 = CARTESIAN_POINT('',(-58.73445098095,9.676798375121,
    89.72048981173));
#1823 = CARTESIAN_POINT('',(-58.70365059972,9.757002343158,
    89.939951642058));
#1824 = CARTESIAN_POINT('',(-58.65570388889,9.836545060467,
    90.158782726789));
#1825 = CARTESIAN_POINT('',(-58.57133890575,9.903651668069,
    90.353033690167));
#1826 = CARTESIAN_POINT('',(-58.46079245533,9.942993810893,
    90.49559682221));
#1827 = CARTESIAN_POINT('',(-58.34895111014,9.94913459176,
    90.570713608088));
#1828 = CARTESIAN_POINT('',(-58.24999999999,9.903595280643,
    90.547487183033));
#1829 = CARTESIAN_POINT('',(-58.75,9.550000000001,89.364060109048));
#1830 = CARTESIAN_POINT('',(-58.75,9.608035965166,89.512870120465));
#1831 = CARTESIAN_POINT('',(-58.73387786714,9.704699625437,
    89.688453011002));
#1832 = CARTESIAN_POINT('',(-58.7018812327,9.804988714988,
    89.872766637044));
#1833 = CARTESIAN_POINT('',(-58.65237215761,9.906205692941,
    90.055719398912));
#1834 = CARTESIAN_POINT('',(-58.56824966347,9.993131025014,
    90.223592263029));
#1835 = CARTESIAN_POINT('',(-58.45933345813,10.040916617377,
    90.360964930347));
#1836 = CARTESIAN_POINT('',(-58.34875702522,10.045159792746,
    90.458827168973));
#1837 = CARTESIAN_POINT('',(-58.25,9.974633153411,90.501724773548));
#1838 = CARTESIAN_POINT('',(-58.75,9.550000000001,89.364060109048));
#1839 = CARTESIAN_POINT('',(-58.75,9.617169324126,89.505529195457));
#1840 = CARTESIAN_POINT('',(-58.73264257251,9.71860320299,
    89.652961403586));
#1841 = CARTESIAN_POINT('',(-58.69809339443,9.818601414793,
    89.803290485337));
#1842 = CARTESIAN_POINT('',(-58.64537791957,9.919082266221,
    89.951847160361));
#1843 = CARTESIAN_POINT('',(-58.56189568816,10.007757564212,
    90.093816189624));
#1844 = CARTESIAN_POINT('',(-58.45648845248,10.060025565813,
    90.223965889429));
#1845 = CARTESIAN_POINT('',(-58.34856294028,10.075952945395,
    90.338655591818));
#1846 = CARTESIAN_POINT('',(-58.24999999999,10.024877817244,
    90.436663406174));
#1847 = CARTESIAN_POINT('',(-58.75,9.550000000001,89.364060109048));
#1848 = CARTESIAN_POINT('',(-58.75,9.642380145018,89.490928433811));
#1849 = CARTESIAN_POINT('',(-58.73060183649,9.739208851468,
    89.617752813838));
#1850 = CARTESIAN_POINT('',(-58.69193712628,9.835207105678,
    89.744180698023));
#1851 = CARTESIAN_POINT('',(-58.63424370121,9.9261342058,89.869880866053
    ));
#1852 = CARTESIAN_POINT('',(-58.55188050628,10.004205764582,
    89.99457002292));
#1853 = CARTESIAN_POINT('',(-58.45207392164,10.052491998294,
    90.118108381092));
#1854 = CARTESIAN_POINT('',(-58.34836885535,10.067244156624,
    90.24052066979));
#1855 = CARTESIAN_POINT('',(-58.25,10.050000000001,90.361944837649));
#1856 = CARTESIAN_POINT('',(-58.75,9.550000000001,89.364060109048));
#1857 = CARTESIAN_POINT('',(-58.75,9.648174770425,89.479456030436));
#1858 = CARTESIAN_POINT('',(-58.72796960551,9.746349571753,
    89.594851951825));
#1859 = CARTESIAN_POINT('',(-58.68390903293,9.838756617168,
    89.710247873212));
#1860 = CARTESIAN_POINT('',(-58.61962937789,9.919629377891,
    89.825643794603));
#1861 = CARTESIAN_POINT('',(-58.53875661716,9.983909032936,
    89.941039715989));
#1862 = CARTESIAN_POINT('',(-58.44634957175,10.02796960552,
    90.056435637379));
#1863 = CARTESIAN_POINT('',(-58.34817477042,10.050000000001,
    90.171831558767));
#1864 = CARTESIAN_POINT('',(-58.25,10.050000000001,90.287227480156));
#1865 = ADVANCED_FACE('',(#1866),#1891,.T.);
#1866 = FACE_BOUND('',#1867,.T.);
#1867 = EDGE_LOOP('',(#1868,#1882,#1883,#1884));
#1868 = ORIENTED_EDGE('',*,*,#1869,.F.);
#1869 = EDGE_CURVE('',#667,#1870,#1872,.T.);
#1870 = VERTEX_POINT('',#1871);
#1871 = CARTESIAN_POINT('',(58.25,5.695948058487,87.332677777175));
#1872 = B_SPLINE_CURVE_WITH_KNOTS('',8,(#1873,#1874,#1875,#1876,#1877,
    #1878,#1879,#1880,#1881),.UNSPECIFIED.,.F.,.F.,(9,9),(0.,1.),
  .PIECEWISE_BEZIER_KNOTS.);
#1873 = CARTESIAN_POINT('',(58.75,6.000000000003,86.891261156006));
#1874 = CARTESIAN_POINT('',(58.75,5.951413228207,86.979852685004));
#1875 = CARTESIAN_POINT('',(58.728105346323,5.903624159324,
    87.068881878803));
#1876 = CARTESIAN_POINT('',(58.684230612848,5.858056508458,
    87.152804677381));
#1877 = CARTESIAN_POINT('',(58.620081006672,5.816006620124,
    87.225983698851));
#1878 = CARTESIAN_POINT('',(58.53920881675,5.778467906222,
    87.283357813972));
#1879 = CARTESIAN_POINT('',(58.446689026551,5.745974498152,
    87.32122453939));
#1880 = CARTESIAN_POINT('',(58.348344519065,5.718583172051,
    87.337690221977));
#1881 = CARTESIAN_POINT('',(58.25,5.695948058487,87.332677777175));
#1882 = ORIENTED_EDGE('',*,*,#666,.T.);
#1883 = ORIENTED_EDGE('',*,*,#1659,.T.);
#1884 = ORIENTED_EDGE('',*,*,#1885,.F.);
#1885 = EDGE_CURVE('',#1870,#1616,#1886,.T.);
#1886 = CIRCLE('',#1887,5.675624999995);
#1887 = AXIS2_PLACEMENT_3D('',#1888,#1889,#1890);
#1888 = CARTESIAN_POINT('',(58.25,4.46883385622,92.874059362589));
#1889 = DIRECTION('',(1.,-0.,0.));
#1890 = DIRECTION('',(0.,0.216207766064,-0.976347377675));
#1891 = TOROIDAL_SURFACE('',#1892,6.175624999995,0.5);
#1892 = AXIS2_PLACEMENT_3D('',#1893,#1894,#1895);
#1893 = CARTESIAN_POINT('',(58.25,4.46883385622,92.874059362589));
#1894 = DIRECTION('',(1.,0.,0.));
#1895 = DIRECTION('',(0.,0.216207766064,-0.976347377675));
#1896 = ADVANCED_FACE('',(#1897),#1921,.T.);
#1897 = FACE_BOUND('',#1898,.F.);
#1898 = EDGE_LOOP('',(#1899,#1912,#1913,#1914));
#1899 = ORIENTED_EDGE('',*,*,#1900,.F.);
#1900 = EDGE_CURVE('',#692,#1901,#1903,.T.);
#1901 = VERTEX_POINT('',#1902);
#1902 = CARTESIAN_POINT('',(-58.25,5.695948058487,87.332677777175));
#1903 = B_SPLINE_CURVE_WITH_KNOTS('',7,(#1904,#1905,#1906,#1907,#1908,
    #1909,#1910,#1911),.UNSPECIFIED.,.F.,.F.,(8,8),(0.,1.),
  .PIECEWISE_BEZIER_KNOTS.);
#1904 = CARTESIAN_POINT('',(-58.75,6.000000000003,86.891261156006));
#1905 = CARTESIAN_POINT('',(-58.75,5.944472260807,86.992508617718));
#1906 = CARTESIAN_POINT('',(-58.72080612349,5.890008426865,
    87.094339019329));
#1907 = CARTESIAN_POINT('',(-58.66228916543,5.838884200156,
    87.187886426781));
#1908 = CARTESIAN_POINT('',(-58.57786609471,5.793131065294,
    87.264076850422));
#1909 = CARTESIAN_POINT('',(-58.47478645176,5.754027379004,
    87.315496677509));
#1910 = CARTESIAN_POINT('',(-58.36239373607,5.721816759703,
    87.338406285521));
#1911 = CARTESIAN_POINT('',(-58.25,5.695948058487,87.332677777175));
#1912 = ORIENTED_EDGE('',*,*,#691,.T.);
#1913 = ORIENTED_EDGE('',*,*,#1764,.T.);
#1914 = ORIENTED_EDGE('',*,*,#1915,.F.);
#1915 = EDGE_CURVE('',#1901,#1631,#1916,.T.);
#1916 = CIRCLE('',#1917,5.675624999995);
#1917 = AXIS2_PLACEMENT_3D('',#1918,#1919,#1920);
#1918 = CARTESIAN_POINT('',(-58.25,4.46883385622,92.874059362589));
#1919 = DIRECTION('',(1.,2.301763417227E-16,0.));
#1920 = DIRECTION('',(-4.976591264466E-17,0.216207766064,-0.976347377675
    ));
#1921 = TOROIDAL_SURFACE('',#1922,6.175624999995,0.5);
#1922 = AXIS2_PLACEMENT_3D('',#1923,#1924,#1925);
#1923 = CARTESIAN_POINT('',(-58.25,4.46883385622,92.874059362589));
#1924 = DIRECTION('',(-1.,-2.301763417227E-16,0.));
#1925 = DIRECTION('',(-4.976591264466E-17,0.216207766064,-0.976347377675
    ));
#1926 = ADVANCED_FACE('',(#1927),#1941,.T.);
#1927 = FACE_BOUND('',#1928,.T.);
#1928 = EDGE_LOOP('',(#1929,#1930,#1931));
#1929 = ORIENTED_EDGE('',*,*,#723,.F.);
#1930 = ORIENTED_EDGE('',*,*,#1869,.T.);
#1931 = ORIENTED_EDGE('',*,*,#1932,.F.);
#1932 = EDGE_CURVE('',#716,#1870,#1933,.T.);
#1933 = B_SPLINE_CURVE_WITH_KNOTS('',6,(#1934,#1935,#1936,#1937,#1938,
    #1939,#1940),.UNSPECIFIED.,.F.,.F.,(7,7),(0.,1.),
  .PIECEWISE_BEZIER_KNOTS.);
#1934 = CARTESIAN_POINT('',(58.25,5.500000000003,87.088590932756));
#1935 = CARTESIAN_POINT('',(58.25,5.500000000003,87.144960416981));
#1936 = CARTESIAN_POINT('',(58.25,5.515250608987,87.201327779494));
#1937 = CARTESIAN_POINT('',(58.25,5.545761690481,87.252549380877));
#1938 = CARTESIAN_POINT('',(58.25,5.589175033911,87.2934133033));
#1939 = CARTESIAN_POINT('',(58.25,5.640911860379,87.320490256916));
#1940 = CARTESIAN_POINT('',(58.25,5.695948058487,87.332677777175));
#1941 = B_SPLINE_SURFACE_WITH_KNOTS('',6,8,(
    (#1942,#1943,#1944,#1945,#1946,#1947,#1948,#1949,#1950)
    ,(#1951,#1952,#1953,#1954,#1955,#1956,#1957,#1958,#1959)
    ,(#1960,#1961,#1962,#1963,#1964,#1965,#1966,#1967,#1968)
    ,(#1969,#1970,#1971,#1972,#1973,#1974,#1975,#1976,#1977)
    ,(#1978,#1979,#1980,#1981,#1982,#1983,#1984,#1985,#1986)
    ,(#1987,#1988,#1989,#1990,#1991,#1992,#1993,#1994,#1995)
    ,(#1996,#1997,#1998,#1999,#2000,#2001,#2002,#2003,#2004
  )),.UNSPECIFIED.,.F.,.F.,.F.,(7,7),(9,9),(0.,1.),(0.,1.),
  .PIECEWISE_BEZIER_KNOTS.);
#1942 = CARTESIAN_POINT('',(58.75,6.000000000003,86.891261156006));
#1943 = CARTESIAN_POINT('',(58.75,5.901825229578,86.9159273781));
#1944 = CARTESIAN_POINT('',(58.727969605519,5.80365042825,
    86.940593600192));
#1945 = CARTESIAN_POINT('',(58.683909032936,5.711243382835,
    86.965259822288));
#1946 = CARTESIAN_POINT('',(58.619629377889,5.630370622113,
    86.98992604438));
#1947 = CARTESIAN_POINT('',(58.538756617168,5.566090967067,
    87.014592266475));
#1948 = CARTESIAN_POINT('',(58.446349571751,5.522030394483,
    87.039258488569));
#1949 = CARTESIAN_POINT('',(58.348174770425,5.500000000003,
    87.063924710662));
#1950 = CARTESIAN_POINT('',(58.25,5.500000000003,87.088590932756));
#1951 = CARTESIAN_POINT('',(58.75,6.000000000003,86.891261156006));
#1952 = CARTESIAN_POINT('',(58.75,5.906007644798,86.928542638853));
#1953 = CARTESIAN_POINT('',(58.72986271402,5.811342577609,
    86.965897065833));
#1954 = CARTESIAN_POINT('',(58.689561574802,5.720071678133,
    87.002400426945));
#1955 = CARTESIAN_POINT('',(58.6294233269,5.635727418489,87.037113158536
    ));
#1956 = CARTESIAN_POINT('',(58.547185717177,5.564839695527,
    87.069191739072));
#1957 = CARTESIAN_POINT('',(58.449920213888,5.51808685393,
    87.098019087989));
#1958 = CARTESIAN_POINT('',(58.348203061865,5.497219155568,
    87.123279596434));
#1959 = CARTESIAN_POINT('',(58.25,5.500000000003,87.144960416981));
#1960 = CARTESIAN_POINT('',(58.75,6.000000000003,86.891261156006));
#1961 = CARTESIAN_POINT('',(58.75,5.918948684725,86.949537120535));
#1962 = CARTESIAN_POINT('',(58.731025451585,5.827679916523,
    86.999864969429));
#1963 = CARTESIAN_POINT('',(58.693015587059,5.740450808324,
    87.052120095926));
#1964 = CARTESIAN_POINT('',(58.635384203732,5.656770821958,
    87.100634100138));
#1965 = CARTESIAN_POINT('',(58.552315090878,5.583919862038,
    87.142532729803));
#1966 = CARTESIAN_POINT('',(58.452102515026,5.535082967897,
    87.173428069652));
#1967 = CARTESIAN_POINT('',(58.348231353304,5.509257413496,
    87.188726996166));
#1968 = CARTESIAN_POINT('',(58.25,5.515250608987,87.201327779494));
#1969 = CARTESIAN_POINT('',(58.75,6.000000000003,86.891261156006));
#1970 = CARTESIAN_POINT('',(58.75,5.920427656605,86.952860502498));
#1971 = CARTESIAN_POINT('',(58.731418278549,5.837377459444,
    87.017808017995));
#1972 = CARTESIAN_POINT('',(58.694180184084,5.755507129008,
    87.082439666464));
#1973 = CARTESIAN_POINT('',(58.637393920155,5.677502358119,
    87.144562867204));
#1974 = CARTESIAN_POINT('',(58.554050502522,5.610092183902,
    87.198856516998));
#1975 = CARTESIAN_POINT('',(58.452854423991,5.564793535271,
    87.235846515637));
#1976 = CARTESIAN_POINT('',(58.348259644745,5.543493206373,
    87.253700603425));
#1977 = CARTESIAN_POINT('',(58.25,5.545761690481,87.252549380877));
#1978 = CARTESIAN_POINT('',(58.75,6.000000000003,86.891261156006));
#1979 = CARTESIAN_POINT('',(58.75,5.923282533439,86.955079335361));
#1980 = CARTESIAN_POINT('',(58.731059816039,5.852625187541,
    87.031270051506));
#1981 = CARTESIAN_POINT('',(58.693098034178,5.781556972808,
    87.103877124245));
#1982 = CARTESIAN_POINT('',(58.635506141494,5.715484191795,
    87.174572103629));
#1983 = CARTESIAN_POINT('',(58.552437517373,5.658956138548,
    87.23686500594));
#1984 = CARTESIAN_POINT('',(58.452198527435,5.618918543937,
    87.278547365355));
#1985 = CARTESIAN_POINT('',(58.348287936185,5.599292411687,
    87.301271996095));
#1986 = CARTESIAN_POINT('',(58.25,5.589175033911,87.2934133033));
#1987 = CARTESIAN_POINT('',(58.75,6.000000000003,86.891261156006));
#1988 = CARTESIAN_POINT('',(58.75,5.940351288224,86.972760169746));
#1989 = CARTESIAN_POINT('',(58.729968685186,5.881195298287,
    87.055395763573));
#1990 = CARTESIAN_POINT('',(58.68981180564,5.824427355188,
    87.135506932052));
#1991 = CARTESIAN_POINT('',(58.629774533077,5.771717637188,
    87.20984655386));
#1992 = CARTESIAN_POINT('',(58.547521700699,5.725410140124,
    87.272150227598));
#1993 = CARTESIAN_POINT('',(58.450157412014,5.688179347461,
    87.311916512404));
#1994 = CARTESIAN_POINT('',(58.348316227625,5.660281092949,
    87.327338568279));
#1995 = CARTESIAN_POINT('',(58.25,5.640911860379,87.320490256916));
#1996 = CARTESIAN_POINT('',(58.75,6.000000000003,86.891261156006));
#1997 = CARTESIAN_POINT('',(58.75,5.951413228207,86.979852685004));
#1998 = CARTESIAN_POINT('',(58.728105346323,5.903624159324,
    87.068881878803));
#1999 = CARTESIAN_POINT('',(58.684230612848,5.858056508458,
    87.152804677381));
#2000 = CARTESIAN_POINT('',(58.620081006672,5.816006620124,
    87.225983698851));
#2001 = CARTESIAN_POINT('',(58.53920881675,5.778467906222,
    87.283357813972));
#2002 = CARTESIAN_POINT('',(58.446689026551,5.745974498152,
    87.32122453939));
#2003 = CARTESIAN_POINT('',(58.348344519065,5.718583172051,
    87.337690221977));
#2004 = CARTESIAN_POINT('',(58.25,5.695948058487,87.332677777175));
#2005 = ADVANCED_FACE('',(#2006),#2020,.F.);
#2006 = FACE_BOUND('',#2007,.F.);
#2007 = EDGE_LOOP('',(#2008,#2009,#2010));
#2008 = ORIENTED_EDGE('',*,*,#750,.F.);
#2009 = ORIENTED_EDGE('',*,*,#1900,.T.);
#2010 = ORIENTED_EDGE('',*,*,#2011,.F.);
#2011 = EDGE_CURVE('',#743,#1901,#2012,.T.);
#2012 = B_SPLINE_CURVE_WITH_KNOTS('',6,(#2013,#2014,#2015,#2016,#2017,
    #2018,#2019),.UNSPECIFIED.,.F.,.F.,(7,7),(0.,1.),
  .PIECEWISE_BEZIER_KNOTS.);
#2013 = CARTESIAN_POINT('',(-58.25,5.500000000003,87.088590932756));
#2014 = CARTESIAN_POINT('',(-58.25,5.500000000003,87.144960416981));
#2015 = CARTESIAN_POINT('',(-58.25,5.515250608987,87.201327779494));
#2016 = CARTESIAN_POINT('',(-58.25,5.545761690481,87.252549380877));
#2017 = CARTESIAN_POINT('',(-58.24999999999,5.589175033911,87.2934133033
    ));
#2018 = CARTESIAN_POINT('',(-58.25,5.640911860379,87.320490256916));
#2019 = CARTESIAN_POINT('',(-58.25,5.695948058487,87.332677777175));
#2020 = B_SPLINE_SURFACE_WITH_KNOTS('',6,7,(
    (#2021,#2022,#2023,#2024,#2025,#2026,#2027,#2028)
    ,(#2029,#2030,#2031,#2032,#2033,#2034,#2035,#2036)
    ,(#2037,#2038,#2039,#2040,#2041,#2042,#2043,#2044)
    ,(#2045,#2046,#2047,#2048,#2049,#2050,#2051,#2052)
    ,(#2053,#2054,#2055,#2056,#2057,#2058,#2059,#2060)
    ,(#2061,#2062,#2063,#2064,#2065,#2066,#2067,#2068)
    ,(#2069,#2070,#2071,#2072,#2073,#2074,#2075,#2076
  )),.UNSPECIFIED.,.F.,.F.,.F.,(7,7),(8,8),(0.,1.),(0.,1.),
  .PIECEWISE_BEZIER_KNOTS.);
#2021 = CARTESIAN_POINT('',(-58.75,6.000000000003,86.891261156006));
#2022 = CARTESIAN_POINT('',(-58.75,5.887800262374,86.919451124113));
#2023 = CARTESIAN_POINT('',(-58.72062555672,5.775601067511,
    86.947641092221));
#2024 = CARTESIAN_POINT('',(-58.6618813611,5.672626529591,
    86.975831060326));
#2025 = CARTESIAN_POINT('',(-58.57737347041,5.588118638902,
    87.004021028436));
#2026 = CARTESIAN_POINT('',(-58.47439893249,5.529374443278,
    87.032210996541));
#2027 = CARTESIAN_POINT('',(-58.36219973762,5.500000000003,
    87.060400964649));
#2028 = CARTESIAN_POINT('',(-58.25,5.500000000003,87.088590932756));
#2029 = CARTESIAN_POINT('',(-58.75,6.000000000003,86.891261156006));
#2030 = CARTESIAN_POINT('',(-58.75,5.892580165483,86.933868564974));
#2031 = CARTESIAN_POINT('',(-58.72305856005,5.784182626982,
    86.976573130593));
#2032 = CARTESIAN_POINT('',(-58.66981560883,5.681915206753,
    87.017897197183));
#2033 = CARTESIAN_POINT('',(-58.58841465088,5.588996958847,
    87.056328433141));
#2034 = CARTESIAN_POINT('',(-58.47905786964,5.525094419878,
    87.090631236337));
#2035 = CARTESIAN_POINT('',(-58.3622320707,5.496821892077,
    87.120182336356));
#2036 = CARTESIAN_POINT('',(-58.25,5.500000000003,87.144960416981));
#2037 = CARTESIAN_POINT('',(-58.75,6.000000000003,86.891261156006));
#2038 = CARTESIAN_POINT('',(-58.75,5.907369925399,86.957862258325));
#2039 = CARTESIAN_POINT('',(-58.72455388318,5.802349476988,
    87.01539284957));
#2040 = CARTESIAN_POINT('',(-58.67465601007,5.703706596725,
    87.074033436195));
#2041 = CARTESIAN_POINT('',(-58.59512644618,5.60914381539,87.12745002728
    ));
#2042 = CARTESIAN_POINT('',(-58.48190183317,5.542538255785,
    87.167465554771));
#2043 = CARTESIAN_POINT('',(-58.36226440377,5.508401242712,
    87.186926884262));
#2044 = CARTESIAN_POINT('',(-58.25,5.515250608987,87.201327779494));
#2045 = CARTESIAN_POINT('',(-58.75,6.000000000003,86.891261156006));
#2046 = CARTESIAN_POINT('',(-58.75,5.909060178977,86.961660409139));
#2047 = CARTESIAN_POINT('',(-58.72505914342,5.81352513826,
    87.036493858716));
#2048 = CARTESIAN_POINT('',(-58.6762872839,5.721025369146,
    87.109729089126));
#2049 = CARTESIAN_POINT('',(-58.59739022442,5.633403517134,
    87.179883253754));
#2050 = CARTESIAN_POINT('',(-58.48287509172,5.571788371333,
    87.230015185766));
#2051 = CARTESIAN_POINT('',(-58.36229673685,5.543169137215,
    87.253865063789));
#2052 = CARTESIAN_POINT('',(-58.25,5.545761690481,87.252549380877));
#2053 = CARTESIAN_POINT('',(-58.75,6.000000000003,86.891261156006));
#2054 = CARTESIAN_POINT('',(-58.75,5.912322895358,86.964196218126));
#2055 = CARTESIAN_POINT('',(-58.72459922515,5.831505793374,
    87.052097244251));
#2056 = CARTESIAN_POINT('',(-58.67476255314,5.751777283239,
    87.134573988986));
#2057 = CARTESIAN_POINT('',(-58.59526057112,5.678859295501,
    87.215219578968));
#2058 = CARTESIAN_POINT('',(-58.48200781703,5.626100214911,
    87.272322278802));
#2059 = CARTESIAN_POINT('',(-58.36232906992,5.600737751369,
    87.302394666495));
#2060 = CARTESIAN_POINT('',(-58.24999999999,5.589175033911,87.2934133033
    ));
#2061 = CARTESIAN_POINT('',(-58.75,6.000000000003,86.891261156006));
#2062 = CARTESIAN_POINT('',(-58.75,5.931830043684,86.984402885994));
#2063 = CARTESIAN_POINT('',(-58.72319901273,5.864302987994,
    87.079140343525));
#2064 = CARTESIAN_POINT('',(-58.67013494062,5.800555972921,
    87.169018581454));
#2065 = CARTESIAN_POINT('',(-58.58879207185,5.742784805977,
    87.251214057763));
#2066 = CARTESIAN_POINT('',(-58.47933018084,5.696542359397,
    87.306530004471));
#2067 = CARTESIAN_POINT('',(-58.362361403,5.663048126173,87.328316898474
    ));
#2068 = CARTESIAN_POINT('',(-58.25,5.640911860379,87.320490256916));
#2069 = CARTESIAN_POINT('',(-58.75,6.000000000003,86.891261156006));
#2070 = CARTESIAN_POINT('',(-58.75,5.944472260807,86.992508617718));
#2071 = CARTESIAN_POINT('',(-58.72080612349,5.890008426865,
    87.094339019329));
#2072 = CARTESIAN_POINT('',(-58.66228916543,5.838884200156,
    87.187886426781));
#2073 = CARTESIAN_POINT('',(-58.57786609471,5.793131065294,
    87.264076850422));
#2074 = CARTESIAN_POINT('',(-58.47478645176,5.754027379004,
    87.315496677509));
#2075 = CARTESIAN_POINT('',(-58.36239373607,5.721816759703,
    87.338406285521));
#2076 = CARTESIAN_POINT('',(-58.25,5.695948058487,87.332677777175));
#2077 = ADVANCED_FACE('',(#2078),#2089,.T.);
#2078 = FACE_BOUND('',#2079,.T.);
#2079 = EDGE_LOOP('',(#2080,#2081,#2082,#2088));
#2080 = ORIENTED_EDGE('',*,*,#768,.F.);
#2081 = ORIENTED_EDGE('',*,*,#1932,.T.);
#2082 = ORIENTED_EDGE('',*,*,#2083,.T.);
#2083 = EDGE_CURVE('',#1870,#1901,#2084,.T.);
#2084 = LINE('',#2085,#2086);
#2085 = CARTESIAN_POINT('',(58.75,5.695948058487,87.332677777175));
#2086 = VECTOR('',#2087,1.);
#2087 = DIRECTION('',(-1.,-0.,-0.));
#2088 = ORIENTED_EDGE('',*,*,#2011,.F.);
#2089 = CYLINDRICAL_SURFACE('',#2090,0.25);
#2090 = AXIS2_PLACEMENT_3D('',#2091,#2092,#2093);
#2091 = CARTESIAN_POINT('',(58.75,5.750000000003,87.088590932756));
#2092 = DIRECTION('',(-1.,-0.,-0.));
#2093 = DIRECTION('',(0.,-1.,0.));
#2094 = ADVANCED_FACE('',(#2095),#2130,.T.);
#2095 = FACE_BOUND('',#2096,.F.);
#2096 = EDGE_LOOP('',(#2097,#2111,#2112,#2123));
#2097 = ORIENTED_EDGE('',*,*,#2098,.F.);
#2098 = EDGE_CURVE('',#787,#2099,#2101,.T.);
#2099 = VERTEX_POINT('',#2100);
#2100 = CARTESIAN_POINT('',(58.25,20.125080006591,70.396364992338));
#2101 = B_SPLINE_CURVE_WITH_KNOTS('',8,(#2102,#2103,#2104,#2105,#2106,
    #2107,#2108,#2109,#2110),.UNSPECIFIED.,.F.,.F.,(9,9),(0.,1.),
  .PIECEWISE_BEZIER_KNOTS.);
#2102 = CARTESIAN_POINT('',(58.75,20.1,69.36406010905));
#2103 = CARTESIAN_POINT('',(58.75,20.086658142581,69.512292822656));
#2104 = CARTESIAN_POINT('',(58.729272396847,20.068893367809,
    69.660130033627));
#2105 = CARTESIAN_POINT('',(58.687061489243,20.050971291785,
    69.804398782046));
#2106 = CARTESIAN_POINT('',(58.624184715086,20.037880002481,
    69.942118085014));
#2107 = CARTESIAN_POINT('',(58.543387183852,20.034999911904,
    70.070738287584));
#2108 = CARTESIAN_POINT('',(58.449842200903,20.047105490222,
    70.189001301843));
#2109 = CARTESIAN_POINT('',(58.349921534804,20.076928244898,
    70.29712969087));
#2110 = CARTESIAN_POINT('',(58.25,20.125080006591,70.396364992338));
#2111 = ORIENTED_EDGE('',*,*,#794,.T.);
#2112 = ORIENTED_EDGE('',*,*,#2113,.T.);
#2113 = EDGE_CURVE('',#795,#2114,#2116,.T.);
#2114 = VERTEX_POINT('',#2115);
#2115 = CARTESIAN_POINT('',(58.25,16.245948058486,67.332677777178));
#2116 = B_SPLINE_CURVE_WITH_KNOTS('',5,(#2117,#2118,#2119,#2120,#2121,
    #2122),.UNSPECIFIED.,.F.,.F.,(6,6),(0.,1.),
  .PIECEWISE_BEZIER_KNOTS.);
#2117 = CARTESIAN_POINT('',(58.75,16.550000000002,66.891261156009));
#2118 = CARTESIAN_POINT('',(58.75,16.472020534247,67.033446360877));
#2119 = CARTESIAN_POINT('',(58.688492497977,16.396385848255,
    67.176723387845));
#2120 = CARTESIAN_POINT('',(58.564305821681,16.331468150107,
    67.288928428317));
#2121 = CARTESIAN_POINT('',(58.40707963268,16.28210172885,
    67.340683846005));
#2122 = CARTESIAN_POINT('',(58.25,16.245948058486,67.332677777178));
#2123 = ORIENTED_EDGE('',*,*,#2124,.F.);
#2124 = EDGE_CURVE('',#2099,#2114,#2125,.T.);
#2125 = CIRCLE('',#2126,5.675624999995);
#2126 = AXIS2_PLACEMENT_3D('',#2127,#2128,#2129);
#2127 = CARTESIAN_POINT('',(58.25,15.01883385622,72.874059362592));
#2128 = DIRECTION('',(-1.,0.,-0.));
#2129 = DIRECTION('',(0.,0.899679973637,-0.436550048718));
#2130 = TOROIDAL_SURFACE('',#2131,6.175624999995,0.5);
#2131 = AXIS2_PLACEMENT_3D('',#2132,#2133,#2134);
#2132 = CARTESIAN_POINT('',(58.25,15.01883385622,72.874059362592));
#2133 = DIRECTION('',(1.,0.,0.));
#2134 = DIRECTION('',(0.,0.899679973637,-0.436550048718));
#2135 = ADVANCED_FACE('',(#2136),#2150,.F.);
#2136 = FACE_BOUND('',#2137,.F.);
#2137 = EDGE_LOOP('',(#2138,#2139,#2140));
#2138 = ORIENTED_EDGE('',*,*,#2113,.F.);
#2139 = ORIENTED_EDGE('',*,*,#817,.T.);
#2140 = ORIENTED_EDGE('',*,*,#2141,.F.);
#2141 = EDGE_CURVE('',#2114,#818,#2142,.T.);
#2142 = B_SPLINE_CURVE_WITH_KNOTS('',6,(#2143,#2144,#2145,#2146,#2147,
    #2148,#2149),.UNSPECIFIED.,.F.,.F.,(7,7),(0.,1.),
  .PIECEWISE_BEZIER_KNOTS.);
#2143 = CARTESIAN_POINT('',(58.25,16.245948058486,67.332677777178));
#2144 = CARTESIAN_POINT('',(58.25,16.190911860382,67.32049025692));
#2145 = CARTESIAN_POINT('',(58.25,16.139175033904,67.293413303301));
#2146 = CARTESIAN_POINT('',(58.25,16.095761690485,67.252549380886));
#2147 = CARTESIAN_POINT('',(58.25,16.065250608985,67.201327779493));
#2148 = CARTESIAN_POINT('',(58.25,16.050000000002,67.144960416987));
#2149 = CARTESIAN_POINT('',(58.25,16.050000000002,67.088590932759));
#2150 = B_SPLINE_SURFACE_WITH_KNOTS('',6,7,(
    (#2151,#2152,#2153,#2154,#2155,#2156,#2157,#2158)
    ,(#2159,#2160,#2161,#2162,#2163,#2164,#2165,#2166)
    ,(#2167,#2168,#2169,#2170,#2171,#2172,#2173,#2174)
    ,(#2175,#2176,#2177,#2178,#2179,#2180,#2181,#2182)
    ,(#2183,#2184,#2185,#2186,#2187,#2188,#2189,#2190)
    ,(#2191,#2192,#2193,#2194,#2195,#2196,#2197,#2198)
    ,(#2199,#2200,#2201,#2202,#2203,#2204,#2205,#2206
  )),.UNSPECIFIED.,.F.,.F.,.F.,(7,7),(8,8),(0.,1.),(0.,1.),
  .PIECEWISE_BEZIER_KNOTS.);
#2151 = CARTESIAN_POINT('',(58.75,16.550000000002,66.891261156009));
#2152 = CARTESIAN_POINT('',(58.75,16.494472260807,66.992508617721));
#2153 = CARTESIAN_POINT('',(58.720806123491,16.440008426865,
    67.094339019331));
#2154 = CARTESIAN_POINT('',(58.662289165433,16.388884200155,
    67.187886426786));
#2155 = CARTESIAN_POINT('',(58.577866094711,16.343131065294,
    67.264076850423));
#2156 = CARTESIAN_POINT('',(58.474786451769,16.304027379003,
    67.315496677514));
#2157 = CARTESIAN_POINT('',(58.362393736075,16.271816759703,
    67.338406285523));
#2158 = CARTESIAN_POINT('',(58.25,16.245948058486,67.332677777178));
#2159 = CARTESIAN_POINT('',(58.75,16.550000000002,66.891261156009));
#2160 = CARTESIAN_POINT('',(58.75,16.481830043684,66.984402885998));
#2161 = CARTESIAN_POINT('',(58.723199012738,16.414302987995,
    67.079140343527));
#2162 = CARTESIAN_POINT('',(58.670134940622,16.350555972921,
    67.16901858146));
#2163 = CARTESIAN_POINT('',(58.588792071859,16.292784805978,
    67.251214057764));
#2164 = CARTESIAN_POINT('',(58.47933018084,16.246542359399,
    67.306530004476));
#2165 = CARTESIAN_POINT('',(58.362361403,16.213048126176,67.328316898477
    ));
#2166 = CARTESIAN_POINT('',(58.25,16.190911860382,67.32049025692));
#2167 = CARTESIAN_POINT('',(58.75,16.550000000002,66.891261156009));
#2168 = CARTESIAN_POINT('',(58.75,16.462322895358,66.964196218129));
#2169 = CARTESIAN_POINT('',(58.72459922515,16.381505793372,
    67.052097244253));
#2170 = CARTESIAN_POINT('',(58.674762553145,16.301777283238,
    67.134573988991));
#2171 = CARTESIAN_POINT('',(58.595260571129,16.228859295499,
    67.215219578971));
#2172 = CARTESIAN_POINT('',(58.482007817034,16.176100214908,
    67.272322278807));
#2173 = CARTESIAN_POINT('',(58.362329069925,16.150737751364,
    67.302394666497));
#2174 = CARTESIAN_POINT('',(58.25,16.139175033904,67.293413303301));
#2175 = CARTESIAN_POINT('',(58.75,16.550000000002,66.891261156009));
#2176 = CARTESIAN_POINT('',(58.75,16.459060178977,66.961660409143));
#2177 = CARTESIAN_POINT('',(58.725059143425,16.363525138261,
    67.03649385872));
#2178 = CARTESIAN_POINT('',(58.676287283901,16.271025369148,
    67.109729089132));
#2179 = CARTESIAN_POINT('',(58.59739022442,16.183403517136,
    67.179883253758));
#2180 = CARTESIAN_POINT('',(58.482875091729,16.121788371335,
    67.230015185773));
#2181 = CARTESIAN_POINT('',(58.362296736852,16.093169137218,
    67.253865063797));
#2182 = CARTESIAN_POINT('',(58.25,16.095761690485,67.252549380886));
#2183 = CARTESIAN_POINT('',(58.75,16.550000000002,66.891261156009));
#2184 = CARTESIAN_POINT('',(58.75,16.457369925399,66.957862258329));
#2185 = CARTESIAN_POINT('',(58.724553883185,16.352349476988,
    67.015392849571));
#2186 = CARTESIAN_POINT('',(58.674656010071,16.253706596725,
    67.074033436199));
#2187 = CARTESIAN_POINT('',(58.595126446187,16.15914381539,
    67.127450027282));
#2188 = CARTESIAN_POINT('',(58.481901833179,16.092538255784,
    67.167465554774));
#2189 = CARTESIAN_POINT('',(58.362264403777,16.05840124271,
    67.186926884261));
#2190 = CARTESIAN_POINT('',(58.25,16.065250608985,67.201327779493));
#2191 = CARTESIAN_POINT('',(58.75,16.550000000002,66.891261156009));
#2192 = CARTESIAN_POINT('',(58.75,16.442580165482,66.933868564977));
#2193 = CARTESIAN_POINT('',(58.723058560052,16.334182626982,
    66.976573130596));
#2194 = CARTESIAN_POINT('',(58.669815608838,16.231915206752,
    67.017897197188));
#2195 = CARTESIAN_POINT('',(58.588414650886,16.138996958847,
    67.056328433145));
#2196 = CARTESIAN_POINT('',(58.479057869641,16.075094419877,
    67.090631236342));
#2197 = CARTESIAN_POINT('',(58.362232070703,16.046821892077,
    67.120182336361));
#2198 = CARTESIAN_POINT('',(58.25,16.050000000002,67.144960416987));
#2199 = CARTESIAN_POINT('',(58.75,16.550000000002,66.891261156009));
#2200 = CARTESIAN_POINT('',(58.75,16.437800262374,66.919451124116));
#2201 = CARTESIAN_POINT('',(58.720625556725,16.32560106751,
    66.947641092223));
#2202 = CARTESIAN_POINT('',(58.6618813611,16.22262652959,66.975831060329
    ));
#2203 = CARTESIAN_POINT('',(58.577373470413,16.138118638901,
    67.004021028438));
#2204 = CARTESIAN_POINT('',(58.474398932491,16.079374443278,
    67.032210996544));
#2205 = CARTESIAN_POINT('',(58.362199737628,16.050000000002,
    67.060400964652));
#2206 = CARTESIAN_POINT('',(58.25,16.050000000002,67.088590932759));
#2207 = ADVANCED_FACE('',(#2208),#2225,.F.);
#2208 = FACE_BOUND('',#2209,.F.);
#2209 = EDGE_LOOP('',(#2210,#2211,#2212));
#2210 = ORIENTED_EDGE('',*,*,#855,.F.);
#2211 = ORIENTED_EDGE('',*,*,#2098,.T.);
#2212 = ORIENTED_EDGE('',*,*,#2213,.F.);
#2213 = EDGE_CURVE('',#848,#2099,#2214,.T.);
#2214 = B_SPLINE_CURVE_WITH_KNOTS('',9,(#2215,#2216,#2217,#2218,#2219,
    #2220,#2221,#2222,#2223,#2224),.UNSPECIFIED.,.F.,.F.,(10,10),(0.,1.)
  ,.PIECEWISE_BEZIER_KNOTS.);
#2215 = CARTESIAN_POINT('',(58.25,20.6,70.287227480159));
#2216 = CARTESIAN_POINT('',(58.25,20.6,70.36194483765));
#2217 = CARTESIAN_POINT('',(58.250000000001,20.574877817246,
    70.436663406191));
#2218 = CARTESIAN_POINT('',(58.249999999999,20.524633153407,
    70.501724773527));
#2219 = CARTESIAN_POINT('',(58.25,20.45359528065,70.547487183072));
#2220 = CARTESIAN_POINT('',(58.250000000001,20.370413786613,
    70.566602447588));
#2221 = CARTESIAN_POINT('',(58.249999999999,20.286524853024,
    70.556442511055));
#2222 = CARTESIAN_POINT('',(58.250000000001,20.212918192094,
    70.51984241221));
#2223 = CARTESIAN_POINT('',(58.25,20.157697872645,70.463586702558));
#2224 = CARTESIAN_POINT('',(58.25,20.125080006591,70.396364992338));
#2225 = B_SPLINE_SURFACE_WITH_KNOTS('',9,8,(
    (#2226,#2227,#2228,#2229,#2230,#2231,#2232,#2233,#2234)
    ,(#2235,#2236,#2237,#2238,#2239,#2240,#2241,#2242,#2243)
    ,(#2244,#2245,#2246,#2247,#2248,#2249,#2250,#2251,#2252)
    ,(#2253,#2254,#2255,#2256,#2257,#2258,#2259,#2260,#2261)
    ,(#2262,#2263,#2264,#2265,#2266,#2267,#2268,#2269,#2270)
    ,(#2271,#2272,#2273,#2274,#2275,#2276,#2277,#2278,#2279)
    ,(#2280,#2281,#2282,#2283,#2284,#2285,#2286,#2287,#2288)
    ,(#2289,#2290,#2291,#2292,#2293,#2294,#2295,#2296,#2297)
    ,(#2298,#2299,#2300,#2301,#2302,#2303,#2304,#2305,#2306)
    ,(#2307,#2308,#2309,#2310,#2311,#2312,#2313,#2314,#2315
  )),.UNSPECIFIED.,.F.,.F.,.F.,(10,10),(9,9),(0.,1.),(0.,1.),
  .PIECEWISE_BEZIER_KNOTS.);
#2226 = CARTESIAN_POINT('',(58.75,20.1,69.36406010905));
#2227 = CARTESIAN_POINT('',(58.75,20.198174770425,69.479456030439));
#2228 = CARTESIAN_POINT('',(58.72796960552,20.296349571752,
    69.594851951828));
#2229 = CARTESIAN_POINT('',(58.683909032935,20.388756617168,
    69.710247873216));
#2230 = CARTESIAN_POINT('',(58.619629377892,20.469629377889,
    69.825643794605));
#2231 = CARTESIAN_POINT('',(58.538756617167,20.533909032936,
    69.941039715992));
#2232 = CARTESIAN_POINT('',(58.446349571753,20.577969605519,
    70.056435637382));
#2233 = CARTESIAN_POINT('',(58.348174770425,20.6,70.17183155877));
#2234 = CARTESIAN_POINT('',(58.25,20.6,70.287227480159));
#2235 = CARTESIAN_POINT('',(58.75,20.1,69.36406010905));
#2236 = CARTESIAN_POINT('',(58.75,20.192380145017,69.490928433814));
#2237 = CARTESIAN_POINT('',(58.730601836493,20.289208851467,
    69.61775281384));
#2238 = CARTESIAN_POINT('',(58.691937126284,20.385207105677,
    69.744180698026));
#2239 = CARTESIAN_POINT('',(58.634243701213,20.476134205798,
    69.869880866053));
#2240 = CARTESIAN_POINT('',(58.551880506288,20.554205764581,
    69.994570022922));
#2241 = CARTESIAN_POINT('',(58.452073921649,20.602491998292,
    70.118108381092));
#2242 = CARTESIAN_POINT('',(58.348368855356,20.617244156623,
    70.240520669791));
#2243 = CARTESIAN_POINT('',(58.25,20.6,70.36194483765));
#2244 = CARTESIAN_POINT('',(58.75,20.1,69.364060109051));
#2245 = CARTESIAN_POINT('',(58.75,20.167169324125,69.50552919546));
#2246 = CARTESIAN_POINT('',(58.732642572512,20.26860320299,
    69.652961403591));
#2247 = CARTESIAN_POINT('',(58.698093394435,20.368601414796,
    69.803290485345));
#2248 = CARTESIAN_POINT('',(58.645377919575,20.469082266224,
    69.951847160367));
#2249 = CARTESIAN_POINT('',(58.561895688166,20.557757564217,
    70.093816189634));
#2250 = CARTESIAN_POINT('',(58.456488452484,20.610025565818,
    70.223965889439));
#2251 = CARTESIAN_POINT('',(58.348562940287,20.6259529454,
    70.338655591833));
#2252 = CARTESIAN_POINT('',(58.250000000001,20.574877817246,
    70.436663406191));
#2253 = CARTESIAN_POINT('',(58.75,20.1,69.36406010905));
#2254 = CARTESIAN_POINT('',(58.75,20.158035965166,69.512870120468));
#2255 = CARTESIAN_POINT('',(58.733877867139,20.254699625435,
    69.688453010999));
#2256 = CARTESIAN_POINT('',(58.701881232703,20.354988714986,
    69.87276663704));
#2257 = CARTESIAN_POINT('',(58.652372157617,20.456205692936,
    70.055719398903));
#2258 = CARTESIAN_POINT('',(58.56824966347,20.54313102501,70.22359226302
    ));
#2259 = CARTESIAN_POINT('',(58.459333458131,20.590916617372,
    70.360964930333));
#2260 = CARTESIAN_POINT('',(58.348757025217,20.595159792741,
    70.458827168953));
#2261 = CARTESIAN_POINT('',(58.249999999999,20.524633153407,
    70.501724773527));
#2262 = CARTESIAN_POINT('',(58.75,20.1,69.36406010905));
#2263 = CARTESIAN_POINT('',(58.75,20.150910779846,69.517157143801));
#2264 = CARTESIAN_POINT('',(58.734450980958,20.226798375123,
    69.72048981174));
#2265 = CARTESIAN_POINT('',(58.703650599723,20.307002343163,
    69.939951642074));
#2266 = CARTESIAN_POINT('',(58.655703888894,20.386545060473,
    70.158782726804));
#2267 = CARTESIAN_POINT('',(58.571338905762,20.453651668078,
    70.353033690189));
#2268 = CARTESIAN_POINT('',(58.460792455342,20.492993810902,
    70.495596822235));
#2269 = CARTESIAN_POINT('',(58.348951110149,20.49913459177,
    70.570713608124));
#2270 = CARTESIAN_POINT('',(58.25,20.45359528065,70.547487183072));
#2271 = CARTESIAN_POINT('',(58.75,20.1,69.36406010905));
#2272 = CARTESIAN_POINT('',(58.75,20.144115216302,69.518947667953));
#2273 = CARTESIAN_POINT('',(58.734415872793,20.182412589092,
    69.730899551707));
#2274 = CARTESIAN_POINT('',(58.703539813298,20.219269405149,
    69.96016851345));
#2275 = CARTESIAN_POINT('',(58.655566249726,20.253097259204,
    70.189445483244));
#2276 = CARTESIAN_POINT('',(58.571322645379,20.283059565082,
    70.391945943166));
#2277 = CARTESIAN_POINT('',(58.460938155145,20.31199483823,
    70.536506837597));
#2278 = CARTESIAN_POINT('',(58.349145195081,20.339500140007,
    70.606739013027));
#2279 = CARTESIAN_POINT('',(58.250000000001,20.370413786613,
    70.566602447588));
#2280 = CARTESIAN_POINT('',(58.75,20.1,69.364060109051));
#2281 = CARTESIAN_POINT('',(58.75,20.135970722668,69.51879909542));
#2282 = CARTESIAN_POINT('',(58.733826501473,20.144128479031,
    69.715245438028));
#2283 = CARTESIAN_POINT('',(58.701687191233,20.148403044873,
    69.92189888447));
#2284 = CARTESIAN_POINT('',(58.652152376437,20.147758181059,
    70.128697786748));
#2285 = CARTESIAN_POINT('',(58.568360112657,20.148718539629,
    70.315861718164));
#2286 = CARTESIAN_POINT('',(58.459843268571,20.167629467386,
    70.458657489462));
#2287 = CARTESIAN_POINT('',(58.34933928001,20.205983320511,
    70.547991618089));
#2288 = CARTESIAN_POINT('',(58.249999999999,20.286524853024,
    70.556442511055));
#2289 = CARTESIAN_POINT('',(58.75,20.1,69.36406010905));
#2290 = CARTESIAN_POINT('',(58.75,20.12479874708,69.517268828696));
#2291 = CARTESIAN_POINT('',(58.732736825824,20.117064919458,
    69.691550009395));
#2292 = CARTESIAN_POINT('',(58.698231051334,20.107459680714,
    69.868406943646));
#2293 = CARTESIAN_POINT('',(58.645655405353,20.092777604043,
    70.044635534707));
#2294 = CARTESIAN_POINT('',(58.562610537939,20.080934772924,
    70.20919593498));
#2295 = CARTESIAN_POINT('',(58.457580506654,20.092494015309,
    70.346576401302));
#2296 = CARTESIAN_POINT('',(58.349533364943,20.127119527555,
    70.454850205044));
#2297 = CARTESIAN_POINT('',(58.250000000001,20.212918192094,
    70.51984241221));
#2298 = CARTESIAN_POINT('',(58.75,20.1,69.36406010905));
#2299 = CARTESIAN_POINT('',(58.75,20.096530001245,69.518562802745));
#2300 = CARTESIAN_POINT('',(58.731290106427,20.084698872743,
    69.674873339602));
#2301 = CARTESIAN_POINT('',(58.693521352231,20.068570715542,
    69.829923348205));
#2302 = CARTESIAN_POINT('',(58.636552810021,20.052015528553,
    69.981522310676));
#2303 = CARTESIAN_POINT('',(58.554470394779,20.04155806841,
    70.124807088738));
#2304 = CARTESIAN_POINT('',(58.454333386139,20.05341327185,
    70.252531228103));
#2305 = CARTESIAN_POINT('',(58.349727449873,20.092268975006,
    70.364838912775));
#2306 = CARTESIAN_POINT('',(58.25,20.157697872645,70.463586702558));
#2307 = CARTESIAN_POINT('',(58.75,20.1,69.36406010905));
#2308 = CARTESIAN_POINT('',(58.75,20.086658142581,69.512292822656));
#2309 = CARTESIAN_POINT('',(58.729272396847,20.068893367809,
    69.660130033627));
#2310 = CARTESIAN_POINT('',(58.687061489243,20.050971291785,
    69.804398782046));
#2311 = CARTESIAN_POINT('',(58.624184715086,20.037880002481,
    69.942118085014));
#2312 = CARTESIAN_POINT('',(58.543387183852,20.034999911904,
    70.070738287584));
#2313 = CARTESIAN_POINT('',(58.449842200903,20.047105490222,
    70.189001301843));
#2314 = CARTESIAN_POINT('',(58.349921534804,20.076928244898,
    70.29712969087));
#2315 = CARTESIAN_POINT('',(58.25,20.125080006591,70.396364992338));
#2316 = ADVANCED_FACE('',(#2317),#2339,.T.);
#2317 = FACE_BOUND('',#2318,.T.);
#2318 = EDGE_LOOP('',(#2319,#2320,#2321,#2329));
#2319 = ORIENTED_EDGE('',*,*,#873,.F.);
#2320 = ORIENTED_EDGE('',*,*,#2141,.F.);
#2321 = ORIENTED_EDGE('',*,*,#2322,.T.);
#2322 = EDGE_CURVE('',#2114,#2323,#2325,.T.);
#2323 = VERTEX_POINT('',#2324);
#2324 = CARTESIAN_POINT('',(-58.25,16.245948058486,67.332677777178));
#2325 = LINE('',#2326,#2327);
#2326 = CARTESIAN_POINT('',(58.75,16.245948058486,67.332677777178));
#2327 = VECTOR('',#2328,1.);
#2328 = DIRECTION('',(-1.,-0.,-0.));
#2329 = ORIENTED_EDGE('',*,*,#2330,.F.);
#2330 = EDGE_CURVE('',#874,#2323,#2331,.T.);
#2331 = B_SPLINE_CURVE_WITH_KNOTS('',6,(#2332,#2333,#2334,#2335,#2336,
    #2337,#2338),.UNSPECIFIED.,.F.,.F.,(7,7),(0.,1.),
  .PIECEWISE_BEZIER_KNOTS.);
#2332 = CARTESIAN_POINT('',(-58.25,16.050000000002,67.088590932759));
#2333 = CARTESIAN_POINT('',(-58.25,16.050000000002,67.144960416984));
#2334 = CARTESIAN_POINT('',(-58.24999999999,16.065250608986,
    67.201327779498));
#2335 = CARTESIAN_POINT('',(-58.25,16.09576169048,67.25254938088));
#2336 = CARTESIAN_POINT('',(-58.24999999999,16.139175033911,
    67.293413303304));
#2337 = CARTESIAN_POINT('',(-58.25,16.190911860378,67.320490256919));
#2338 = CARTESIAN_POINT('',(-58.25,16.245948058486,67.332677777178));
#2339 = CYLINDRICAL_SURFACE('',#2340,0.25);
#2340 = AXIS2_PLACEMENT_3D('',#2341,#2342,#2343);
#2341 = CARTESIAN_POINT('',(58.75,16.300000000002,67.088590932759));
#2342 = DIRECTION('',(-1.,-0.,-0.));
#2343 = DIRECTION('',(0.,-1.,0.));
#2344 = ADVANCED_FACE('',(#2345),#2370,.T.);
#2345 = FACE_BOUND('',#2346,.F.);
#2346 = EDGE_LOOP('',(#2347,#2348,#2349,#2357));
#2347 = ORIENTED_EDGE('',*,*,#897,.F.);
#2348 = ORIENTED_EDGE('',*,*,#2213,.T.);
#2349 = ORIENTED_EDGE('',*,*,#2350,.T.);
#2350 = EDGE_CURVE('',#2099,#2351,#2353,.T.);
#2351 = VERTEX_POINT('',#2352);
#2352 = CARTESIAN_POINT('',(-58.25,20.125080006591,70.396364992338));
#2353 = LINE('',#2354,#2355);
#2354 = CARTESIAN_POINT('',(58.75,20.125080006591,70.396364992338));
#2355 = VECTOR('',#2356,1.);
#2356 = DIRECTION('',(-1.,-0.,-0.));
#2357 = ORIENTED_EDGE('',*,*,#2358,.T.);
#2358 = EDGE_CURVE('',#2351,#898,#2359,.T.);
#2359 = B_SPLINE_CURVE_WITH_KNOTS('',9,(#2360,#2361,#2362,#2363,#2364,
    #2365,#2366,#2367,#2368,#2369),.UNSPECIFIED.,.F.,.F.,(10,10),(0.,1.)
  ,.PIECEWISE_BEZIER_KNOTS.);
#2360 = CARTESIAN_POINT('',(-58.25,20.125080006591,70.396364992338));
#2361 = CARTESIAN_POINT('',(-58.25,20.157697872644,70.463586702556));
#2362 = CARTESIAN_POINT('',(-58.25,20.212918192098,70.519842412223));
#2363 = CARTESIAN_POINT('',(-58.24999999999,20.286524853018,
    70.556442511034));
#2364 = CARTESIAN_POINT('',(-58.25,20.370413786621,70.566602447621));
#2365 = CARTESIAN_POINT('',(-58.25,20.453595280643,70.547487183038));
#2366 = CARTESIAN_POINT('',(-58.25,20.52463315341,70.501724773549));
#2367 = CARTESIAN_POINT('',(-58.25,20.574877817244,70.436663406178));
#2368 = CARTESIAN_POINT('',(-58.25,20.6,70.361944837652));
#2369 = CARTESIAN_POINT('',(-58.25,20.6,70.287227480159));
#2370 = CYLINDRICAL_SURFACE('',#2371,0.25);
#2371 = AXIS2_PLACEMENT_3D('',#2372,#2373,#2374);
#2372 = CARTESIAN_POINT('',(58.75,20.35,70.287227480159));
#2373 = DIRECTION('',(-1.,-0.,-0.));
#2374 = DIRECTION('',(0.,1.,0.));
#2375 = ADVANCED_FACE('',(#2376),#2392,.F.);
#2376 = FACE_BOUND('',#2377,.F.);
#2377 = EDGE_LOOP('',(#2378,#2379,#2391));
#2378 = ORIENTED_EDGE('',*,*,#923,.F.);
#2379 = ORIENTED_EDGE('',*,*,#2380,.T.);
#2380 = EDGE_CURVE('',#924,#2323,#2381,.T.);
#2381 = B_SPLINE_CURVE_WITH_KNOTS('',8,(#2382,#2383,#2384,#2385,#2386,
    #2387,#2388,#2389,#2390),.UNSPECIFIED.,.F.,.F.,(9,9),(0.,1.),
  .PIECEWISE_BEZIER_KNOTS.);
#2382 = CARTESIAN_POINT('',(-58.75,16.550000000002,66.891261156009));
#2383 = CARTESIAN_POINT('',(-58.75,16.501413228206,66.979852685007));
#2384 = CARTESIAN_POINT('',(-58.72810534632,16.453624159324,
    67.068881878806));
#2385 = CARTESIAN_POINT('',(-58.68423061284,16.408056508457,
    67.152804677384));
#2386 = CARTESIAN_POINT('',(-58.62008100667,16.366006620124,
    67.225983698856));
#2387 = CARTESIAN_POINT('',(-58.53920881674,16.328467906221,
    67.283357813974));
#2388 = CARTESIAN_POINT('',(-58.44668902655,16.295974498152,
    67.321224539395));
#2389 = CARTESIAN_POINT('',(-58.34834451906,16.268583172051,
    67.33769022198));
#2390 = CARTESIAN_POINT('',(-58.25,16.245948058486,67.332677777178));
#2391 = ORIENTED_EDGE('',*,*,#2330,.F.);
#2392 = B_SPLINE_SURFACE_WITH_KNOTS('',6,8,(
    (#2393,#2394,#2395,#2396,#2397,#2398,#2399,#2400,#2401)
    ,(#2402,#2403,#2404,#2405,#2406,#2407,#2408,#2409,#2410)
    ,(#2411,#2412,#2413,#2414,#2415,#2416,#2417,#2418,#2419)
    ,(#2420,#2421,#2422,#2423,#2424,#2425,#2426,#2427,#2428)
    ,(#2429,#2430,#2431,#2432,#2433,#2434,#2435,#2436,#2437)
    ,(#2438,#2439,#2440,#2441,#2442,#2443,#2444,#2445,#2446)
    ,(#2447,#2448,#2449,#2450,#2451,#2452,#2453,#2454,#2455
  )),.UNSPECIFIED.,.F.,.F.,.F.,(7,7),(9,9),(0.,1.),(0.,1.),
  .PIECEWISE_BEZIER_KNOTS.);
#2393 = CARTESIAN_POINT('',(-58.75,16.550000000002,66.891261156009));
#2394 = CARTESIAN_POINT('',(-58.75,16.451825229577,66.915927378102));
#2395 = CARTESIAN_POINT('',(-58.72796960552,16.35365042825,
    66.940593600196));
#2396 = CARTESIAN_POINT('',(-58.68390903293,16.261243382834,
    66.96525982229));
#2397 = CARTESIAN_POINT('',(-58.61962937789,16.180370622112,
    66.989926044384));
#2398 = CARTESIAN_POINT('',(-58.53875661716,16.116090967066,
    67.014592266478));
#2399 = CARTESIAN_POINT('',(-58.44634957175,16.072030394483,
    67.039258488571));
#2400 = CARTESIAN_POINT('',(-58.34817477042,16.050000000002,
    67.063924710665));
#2401 = CARTESIAN_POINT('',(-58.25,16.050000000002,67.088590932759));
#2402 = CARTESIAN_POINT('',(-58.75,16.550000000002,66.891261156009));
#2403 = CARTESIAN_POINT('',(-58.75,16.456007644797,66.928542638856));
#2404 = CARTESIAN_POINT('',(-58.72986271402,16.361342577609,
    66.965897065837));
#2405 = CARTESIAN_POINT('',(-58.6895615748,16.270071678132,
    67.002400426947));
#2406 = CARTESIAN_POINT('',(-58.6294233269,16.185727418488,
    67.03711315854));
#2407 = CARTESIAN_POINT('',(-58.54718571717,16.114839695527,
    67.069191739074));
#2408 = CARTESIAN_POINT('',(-58.44992021388,16.068086853929,
    67.098019087991));
#2409 = CARTESIAN_POINT('',(-58.34820306186,16.047219155568,
    67.123279596437));
#2410 = CARTESIAN_POINT('',(-58.25,16.050000000002,67.144960416984));
#2411 = CARTESIAN_POINT('',(-58.75,16.550000000002,66.891261156009));
#2412 = CARTESIAN_POINT('',(-58.75,16.468948684724,66.949537120538));
#2413 = CARTESIAN_POINT('',(-58.73102545158,16.377679916523,
    66.999864969433));
#2414 = CARTESIAN_POINT('',(-58.69301558705,16.290450808323,
    67.052120095929));
#2415 = CARTESIAN_POINT('',(-58.63538420373,16.206770821958,
    67.100634100142));
#2416 = CARTESIAN_POINT('',(-58.55231509087,16.133919862037,
    67.142532729805));
#2417 = CARTESIAN_POINT('',(-58.45210251502,16.085082967896,
    67.173428069656));
#2418 = CARTESIAN_POINT('',(-58.3482313533,16.059257413496,
    67.188726996169));
#2419 = CARTESIAN_POINT('',(-58.24999999999,16.065250608986,
    67.201327779498));
#2420 = CARTESIAN_POINT('',(-58.75,16.550000000002,66.891261156009));
#2421 = CARTESIAN_POINT('',(-58.75,16.470427656605,66.952860502501));
#2422 = CARTESIAN_POINT('',(-58.73141827855,16.387377459444,
    67.017808017998));
#2423 = CARTESIAN_POINT('',(-58.69418018408,16.305507129007,
    67.082439666466));
#2424 = CARTESIAN_POINT('',(-58.63739392015,16.227502358119,
    67.144562867208));
#2425 = CARTESIAN_POINT('',(-58.55405050252,16.160092183901,67.198856517
    ));
#2426 = CARTESIAN_POINT('',(-58.45285442399,16.11479353527,
    67.23584651564));
#2427 = CARTESIAN_POINT('',(-58.34825964474,16.093493206372,
    67.253700603428));
#2428 = CARTESIAN_POINT('',(-58.25,16.09576169048,67.25254938088));
#2429 = CARTESIAN_POINT('',(-58.75,16.550000000002,66.891261156009));
#2430 = CARTESIAN_POINT('',(-58.75,16.473282533438,66.955079335364));
#2431 = CARTESIAN_POINT('',(-58.73105981604,16.402625187541,
    67.031270051509));
#2432 = CARTESIAN_POINT('',(-58.69309803417,16.331556972807,
    67.103877124248));
#2433 = CARTESIAN_POINT('',(-58.63550614149,16.265484191795,
    67.174572103634));
#2434 = CARTESIAN_POINT('',(-58.55243751737,16.208956138547,
    67.236865005942));
#2435 = CARTESIAN_POINT('',(-58.45219852743,16.168918543936,
    67.27854736536));
#2436 = CARTESIAN_POINT('',(-58.34828793618,16.149292411687,
    67.301271996099));
#2437 = CARTESIAN_POINT('',(-58.24999999999,16.139175033911,
    67.293413303304));
#2438 = CARTESIAN_POINT('',(-58.75,16.550000000002,66.891261156009));
#2439 = CARTESIAN_POINT('',(-58.75,16.490351288223,66.972760169749));
#2440 = CARTESIAN_POINT('',(-58.72996868518,16.431195298287,
    67.055395763576));
#2441 = CARTESIAN_POINT('',(-58.68981180563,16.374427355187,
    67.135506932055));
#2442 = CARTESIAN_POINT('',(-58.62977453307,16.321717637188,
    67.209846553865));
#2443 = CARTESIAN_POINT('',(-58.54752170069,16.275410140123,
    67.272150227599));
#2444 = CARTESIAN_POINT('',(-58.45015741201,16.238179347461,
    67.311916512409));
#2445 = CARTESIAN_POINT('',(-58.34831622762,16.210281092948,
    67.327338568282));
#2446 = CARTESIAN_POINT('',(-58.25,16.190911860378,67.320490256919));
#2447 = CARTESIAN_POINT('',(-58.75,16.550000000002,66.891261156009));
#2448 = CARTESIAN_POINT('',(-58.75,16.501413228206,66.979852685007));
#2449 = CARTESIAN_POINT('',(-58.72810534632,16.453624159324,
    67.068881878806));
#2450 = CARTESIAN_POINT('',(-58.68423061284,16.408056508457,
    67.152804677384));
#2451 = CARTESIAN_POINT('',(-58.62008100667,16.366006620124,
    67.225983698856));
#2452 = CARTESIAN_POINT('',(-58.53920881674,16.328467906221,
    67.283357813974));
#2453 = CARTESIAN_POINT('',(-58.44668902655,16.295974498152,
    67.321224539395));
#2454 = CARTESIAN_POINT('',(-58.34834451906,16.268583172051,
    67.33769022198));
#2455 = CARTESIAN_POINT('',(-58.25,16.245948058486,67.332677777178));
#2456 = ADVANCED_FACE('',(#2457),#2470,.F.);
#2457 = FACE_BOUND('',#2458,.F.);
#2458 = EDGE_LOOP('',(#2459,#2468,#2469));
#2459 = ORIENTED_EDGE('',*,*,#2460,.F.);
#2460 = EDGE_CURVE('',#949,#2351,#2461,.T.);
#2461 = B_SPLINE_CURVE_WITH_KNOTS('',5,(#2462,#2463,#2464,#2465,#2466,
    #2467),.UNSPECIFIED.,.F.,.F.,(6,6),(0.,1.),
  .PIECEWISE_BEZIER_KNOTS.);
#2462 = CARTESIAN_POINT('',(-58.75,20.1,69.364060109051));
#2463 = CARTESIAN_POINT('',(-58.75,20.077992328221,69.608573058435));
#2464 = CARTESIAN_POINT('',(-58.68849249797,20.043148244181,
    69.847486247922));
#2465 = CARTESIAN_POINT('',(-58.56430582168,20.02309489659,
    70.06050146862));
#2466 = CARTESIAN_POINT('',(-58.40707963267,20.049384001176,
    70.240364138929));
#2467 = CARTESIAN_POINT('',(-58.25,20.125080006591,70.396364992338));
#2468 = ORIENTED_EDGE('',*,*,#948,.T.);
#2469 = ORIENTED_EDGE('',*,*,#2358,.F.);
#2470 = B_SPLINE_SURFACE_WITH_KNOTS('',9,8,(
    (#2471,#2472,#2473,#2474,#2475,#2476,#2477,#2478,#2479)
    ,(#2480,#2481,#2482,#2483,#2484,#2485,#2486,#2487,#2488)
    ,(#2489,#2490,#2491,#2492,#2493,#2494,#2495,#2496,#2497)
    ,(#2498,#2499,#2500,#2501,#2502,#2503,#2504,#2505,#2506)
    ,(#2507,#2508,#2509,#2510,#2511,#2512,#2513,#2514,#2515)
    ,(#2516,#2517,#2518,#2519,#2520,#2521,#2522,#2523,#2524)
    ,(#2525,#2526,#2527,#2528,#2529,#2530,#2531,#2532,#2533)
    ,(#2534,#2535,#2536,#2537,#2538,#2539,#2540,#2541,#2542)
    ,(#2543,#2544,#2545,#2546,#2547,#2548,#2549,#2550,#2551)
    ,(#2552,#2553,#2554,#2555,#2556,#2557,#2558,#2559,#2560
  )),.UNSPECIFIED.,.F.,.F.,.F.,(10,10),(9,9),(0.,1.),(0.,1.),
  .PIECEWISE_BEZIER_KNOTS.);
#2471 = CARTESIAN_POINT('',(-58.75,20.1,69.36406010905));
#2472 = CARTESIAN_POINT('',(-58.75,20.086658142581,69.512292822655));
#2473 = CARTESIAN_POINT('',(-58.72927239684,20.068893367809,
    69.660130033628));
#2474 = CARTESIAN_POINT('',(-58.68706148924,20.050971291784,
    69.804398782044));
#2475 = CARTESIAN_POINT('',(-58.62418471508,20.037880002482,
    69.942118085016));
#2476 = CARTESIAN_POINT('',(-58.54338718385,20.034999911904,
    70.070738287582));
#2477 = CARTESIAN_POINT('',(-58.4498422009,20.047105490223,
    70.189001301844));
#2478 = CARTESIAN_POINT('',(-58.3499215348,20.076928244898,
    70.29712969087));
#2479 = CARTESIAN_POINT('',(-58.25,20.125080006591,70.396364992338));
#2480 = CARTESIAN_POINT('',(-58.75,20.1,69.36406010905));
#2481 = CARTESIAN_POINT('',(-58.75,20.096530001245,69.518562802744));
#2482 = CARTESIAN_POINT('',(-58.73129010642,20.084698872743,
    69.674873339603));
#2483 = CARTESIAN_POINT('',(-58.69352135223,20.068570715541,
    69.829923348202));
#2484 = CARTESIAN_POINT('',(-58.63655281002,20.052015528554,
    69.981522310677));
#2485 = CARTESIAN_POINT('',(-58.55447039477,20.041558068409,
    70.124807088735));
#2486 = CARTESIAN_POINT('',(-58.45433338613,20.053413271851,
    70.252531228102));
#2487 = CARTESIAN_POINT('',(-58.34972744987,20.092268975005,
    70.364838912773));
#2488 = CARTESIAN_POINT('',(-58.25,20.157697872644,70.463586702556));
#2489 = CARTESIAN_POINT('',(-58.75,20.1,69.36406010905));
#2490 = CARTESIAN_POINT('',(-58.75,20.124798747079,69.517268828696));
#2491 = CARTESIAN_POINT('',(-58.73273682582,20.117064919459,
    69.691550009399));
#2492 = CARTESIAN_POINT('',(-58.69823105133,20.107459680713,
    69.868406943648));
#2493 = CARTESIAN_POINT('',(-58.64565540535,20.092777604042,
    70.044635534715));
#2494 = CARTESIAN_POINT('',(-58.56261053793,20.080934772922,
    70.209195934987));
#2495 = CARTESIAN_POINT('',(-58.45758050665,20.092494015308,
    70.346576401311));
#2496 = CARTESIAN_POINT('',(-58.34953336494,20.127119527555,
    70.454850205057));
#2497 = CARTESIAN_POINT('',(-58.25,20.212918192098,70.519842412223));
#2498 = CARTESIAN_POINT('',(-58.75,20.1,69.364060109051));
#2499 = CARTESIAN_POINT('',(-58.75,20.135970722668,69.51879909542));
#2500 = CARTESIAN_POINT('',(-58.73382650147,20.14412847903,
    69.715245438024));
#2501 = CARTESIAN_POINT('',(-58.70168719123,20.148403044871,
    69.921898884461));
#2502 = CARTESIAN_POINT('',(-58.65215237643,20.147758181058,
    70.128697786741));
#2503 = CARTESIAN_POINT('',(-58.56836011265,20.148718539627,
    70.315861718151));
#2504 = CARTESIAN_POINT('',(-58.45984326857,20.167629467384,
    70.458657489448));
#2505 = CARTESIAN_POINT('',(-58.34933928001,20.205983320506,
    70.547991618069));
#2506 = CARTESIAN_POINT('',(-58.24999999999,20.286524853018,
    70.556442511034));
#2507 = CARTESIAN_POINT('',(-58.75,20.1,69.364060109051));
#2508 = CARTESIAN_POINT('',(-58.75,20.144115216301,69.518947667953));
#2509 = CARTESIAN_POINT('',(-58.73441587279,20.182412589093,
    69.730899551715));
#2510 = CARTESIAN_POINT('',(-58.70353981329,20.219269405149,
    69.96016851346));
#2511 = CARTESIAN_POINT('',(-58.65556624972,20.253097259205,
    70.189445483261));
#2512 = CARTESIAN_POINT('',(-58.57132264537,20.283059565081,
    70.391945943183));
#2513 = CARTESIAN_POINT('',(-58.46093815514,20.311994838231,
    70.536506837619));
#2514 = CARTESIAN_POINT('',(-58.34914519508,20.339500140011,
    70.606739013058));
#2515 = CARTESIAN_POINT('',(-58.25,20.370413786621,70.566602447621));
#2516 = CARTESIAN_POINT('',(-58.75,20.1,69.364060109051));
#2517 = CARTESIAN_POINT('',(-58.75,20.150910779846,69.517157143801));
#2518 = CARTESIAN_POINT('',(-58.73445098095,20.226798375121,
    69.720489811734));
#2519 = CARTESIAN_POINT('',(-58.70365059972,20.307002343158,
    69.939951642062));
#2520 = CARTESIAN_POINT('',(-58.65570388889,20.386545060467,
    70.158782726793));
#2521 = CARTESIAN_POINT('',(-58.57133890576,20.45365166807,
    70.353033690172));
#2522 = CARTESIAN_POINT('',(-58.46079245534,20.492993810894,
    70.495596822215));
#2523 = CARTESIAN_POINT('',(-58.34895111014,20.499134591761,
    70.570713608093));
#2524 = CARTESIAN_POINT('',(-58.25,20.453595280643,70.547487183038));
#2525 = CARTESIAN_POINT('',(-58.75,20.1,69.364060109051));
#2526 = CARTESIAN_POINT('',(-58.75,20.158035965166,69.512870120468));
#2527 = CARTESIAN_POINT('',(-58.73387786713,20.254699625436,
    69.688453011005));
#2528 = CARTESIAN_POINT('',(-58.7018812327,20.354988714988,
    69.872766637046));
#2529 = CARTESIAN_POINT('',(-58.65237215761,20.456205692939,
    70.055719398915));
#2530 = CARTESIAN_POINT('',(-58.56824966347,20.543131025013,
    70.223592263031));
#2531 = CARTESIAN_POINT('',(-58.45933345813,20.590916617376,
    70.360964930349));
#2532 = CARTESIAN_POINT('',(-58.34875702521,20.595159792745,
    70.458827168974));
#2533 = CARTESIAN_POINT('',(-58.25,20.52463315341,70.501724773549));
#2534 = CARTESIAN_POINT('',(-58.75,20.1,69.364060109051));
#2535 = CARTESIAN_POINT('',(-58.75,20.167169324125,69.50552919546));
#2536 = CARTESIAN_POINT('',(-58.73264257251,20.268603202989,
    69.65296140359));
#2537 = CARTESIAN_POINT('',(-58.69809339443,20.368601414793,
    69.80329048534));
#2538 = CARTESIAN_POINT('',(-58.64537791957,20.469082266221,
    69.951847160364));
#2539 = CARTESIAN_POINT('',(-58.56189568816,20.557757564212,
    70.093816189627));
#2540 = CARTESIAN_POINT('',(-58.45648845248,20.610025565813,
    70.223965889432));
#2541 = CARTESIAN_POINT('',(-58.34856294028,20.625952945395,
    70.338655591821));
#2542 = CARTESIAN_POINT('',(-58.25,20.574877817244,70.436663406178));
#2543 = CARTESIAN_POINT('',(-58.75,20.1,69.364060109051));
#2544 = CARTESIAN_POINT('',(-58.75,20.192380145017,69.490928433814));
#2545 = CARTESIAN_POINT('',(-58.73060183649,20.289208851467,
    69.617752813841));
#2546 = CARTESIAN_POINT('',(-58.69193712628,20.385207105678,
    69.744180698026));
#2547 = CARTESIAN_POINT('',(-58.63424370121,20.476134205798,
    69.869880866056));
#2548 = CARTESIAN_POINT('',(-58.55188050628,20.554205764581,
    69.994570022923));
#2549 = CARTESIAN_POINT('',(-58.45207392164,20.602491998293,
    70.118108381095));
#2550 = CARTESIAN_POINT('',(-58.34836885535,20.617244156623,
    70.240520669793));
#2551 = CARTESIAN_POINT('',(-58.25,20.6,70.361944837652));
#2552 = CARTESIAN_POINT('',(-58.75,20.1,69.364060109051));
#2553 = CARTESIAN_POINT('',(-58.75,20.198174770425,69.479456030439));
#2554 = CARTESIAN_POINT('',(-58.72796960552,20.296349571752,
    69.594851951829));
#2555 = CARTESIAN_POINT('',(-58.68390903293,20.388756617168,
    69.710247873215));
#2556 = CARTESIAN_POINT('',(-58.61962937789,20.469629377889,
    69.825643794607));
#2557 = CARTESIAN_POINT('',(-58.53875661716,20.533909032936,
    69.941039715992));
#2558 = CARTESIAN_POINT('',(-58.44634957175,20.577969605519,
    70.056435637383));
#2559 = CARTESIAN_POINT('',(-58.34817477042,20.6,70.17183155877));
#2560 = CARTESIAN_POINT('',(-58.25,20.6,70.287227480159));
#2561 = ADVANCED_FACE('',(#2562),#2574,.T.);
#2562 = FACE_BOUND('',#2563,.F.);
#2563 = EDGE_LOOP('',(#2564,#2565,#2566,#2567));
#2564 = ORIENTED_EDGE('',*,*,#2380,.F.);
#2565 = ORIENTED_EDGE('',*,*,#980,.T.);
#2566 = ORIENTED_EDGE('',*,*,#2460,.T.);
#2567 = ORIENTED_EDGE('',*,*,#2568,.F.);
#2568 = EDGE_CURVE('',#2323,#2351,#2569,.T.);
#2569 = CIRCLE('',#2570,5.675624999995);
#2570 = AXIS2_PLACEMENT_3D('',#2571,#2572,#2573);
#2571 = CARTESIAN_POINT('',(-58.25,15.018833856219,72.874059362592));
#2572 = DIRECTION('',(1.,2.301763417227E-16,0.));
#2573 = DIRECTION('',(-4.976591264466E-17,0.216207766064,-0.976347377675
    ));
#2574 = TOROIDAL_SURFACE('',#2575,6.175624999995,0.5);
#2575 = AXIS2_PLACEMENT_3D('',#2576,#2577,#2578);
#2576 = CARTESIAN_POINT('',(-58.25,15.018833856219,72.874059362592));
#2577 = DIRECTION('',(-1.,-2.301763417227E-16,0.));
#2578 = DIRECTION('',(-4.976591264466E-17,0.216207766064,-0.976347377675
    ));
#2579 = ADVANCED_FACE('',(#2580),#2619,.T.);
#2580 = FACE_BOUND('',#2581,.F.);
#2581 = EDGE_LOOP('',(#2582,#2583,#2598,#2606));
#2582 = ORIENTED_EDGE('',*,*,#996,.F.);
#2583 = ORIENTED_EDGE('',*,*,#2584,.T.);
#2584 = EDGE_CURVE('',#997,#2585,#2587,.T.);
#2585 = VERTEX_POINT('',#2586);
#2586 = CARTESIAN_POINT('',(58.25,30.675080006591,50.396364992341));
#2587 = B_SPLINE_CURVE_WITH_KNOTS('',9,(#2588,#2589,#2590,#2591,#2592,
    #2593,#2594,#2595,#2596,#2597),.UNSPECIFIED.,.F.,.F.,(10,10),(0.,1.)
  ,.PIECEWISE_BEZIER_KNOTS.);
#2588 = CARTESIAN_POINT('',(58.25,31.15,50.287227480161));
#2589 = CARTESIAN_POINT('',(58.25,31.15,50.361944837653));
#2590 = CARTESIAN_POINT('',(58.25,31.124877817245,50.436663406188));
#2591 = CARTESIAN_POINT('',(58.249999999999,31.074633153408,
    50.501724773541));
#2592 = CARTESIAN_POINT('',(58.25,31.003595280646,50.547487183056));
#2593 = CARTESIAN_POINT('',(58.250000000001,30.920413786617,
    50.566602447612));
#2594 = CARTESIAN_POINT('',(58.249999999999,30.836524853021,
    50.556442511043));
#2595 = CARTESIAN_POINT('',(58.250000000001,30.762918192096,
    50.519842412223));
#2596 = CARTESIAN_POINT('',(58.25,30.707697872644,50.463586702559));
#2597 = CARTESIAN_POINT('',(58.25,30.675080006591,50.396364992341));
#2598 = ORIENTED_EDGE('',*,*,#2599,.T.);
#2599 = EDGE_CURVE('',#2585,#2600,#2602,.T.);
#2600 = VERTEX_POINT('',#2601);
#2601 = CARTESIAN_POINT('',(-58.25,30.675080006591,50.396364992341));
#2602 = LINE('',#2603,#2604);
#2603 = CARTESIAN_POINT('',(58.75,30.675080006591,50.396364992341));
#2604 = VECTOR('',#2605,1.);
#2605 = DIRECTION('',(-1.,-0.,-0.));
#2606 = ORIENTED_EDGE('',*,*,#2607,.T.);
#2607 = EDGE_CURVE('',#2600,#999,#2608,.T.);
#2608 = B_SPLINE_CURVE_WITH_KNOTS('',9,(#2609,#2610,#2611,#2612,#2613,
    #2614,#2615,#2616,#2617,#2618),.UNSPECIFIED.,.F.,.F.,(10,10),(0.,1.)
  ,.PIECEWISE_BEZIER_KNOTS.);
#2609 = CARTESIAN_POINT('',(-58.25,30.675080006591,50.396364992341));
#2610 = CARTESIAN_POINT('',(-58.24999999999,30.707697872644,
    50.463586702559));
#2611 = CARTESIAN_POINT('',(-58.25,30.762918192099,50.519842412223));
#2612 = CARTESIAN_POINT('',(-58.24999999999,30.836524853017,
    50.556442511044));
#2613 = CARTESIAN_POINT('',(-58.25,30.920413786623,50.566602447611));
#2614 = CARTESIAN_POINT('',(-58.24999999999,31.003595280641,
    50.547487183059));
#2615 = CARTESIAN_POINT('',(-58.25,31.074633153412,50.501724773538));
#2616 = CARTESIAN_POINT('',(-58.24999999999,31.124877817243,
    50.436663406191));
#2617 = CARTESIAN_POINT('',(-58.25,31.15,50.361944837652));
#2618 = CARTESIAN_POINT('',(-58.25,31.15,50.287227480161));
#2619 = CYLINDRICAL_SURFACE('',#2620,0.25);
#2620 = AXIS2_PLACEMENT_3D('',#2621,#2622,#2623);
#2621 = CARTESIAN_POINT('',(58.75,30.9,50.287227480161));
#2622 = DIRECTION('',(-1.,-0.,-0.));
#2623 = DIRECTION('',(0.,1.,0.));
#2624 = ADVANCED_FACE('',(#2625),#2641,.F.);
#2625 = FACE_BOUND('',#2626,.F.);
#2626 = EDGE_LOOP('',(#2627,#2628,#2640));
#2627 = ORIENTED_EDGE('',*,*,#1029,.F.);
#2628 = ORIENTED_EDGE('',*,*,#2629,.T.);
#2629 = EDGE_CURVE('',#1030,#2585,#2630,.T.);
#2630 = B_SPLINE_CURVE_WITH_KNOTS('',8,(#2631,#2632,#2633,#2634,#2635,
    #2636,#2637,#2638,#2639),.UNSPECIFIED.,.F.,.F.,(9,9),(0.,1.),
  .PIECEWISE_BEZIER_KNOTS.);
#2631 = CARTESIAN_POINT('',(58.75,30.65,49.364060109053));
#2632 = CARTESIAN_POINT('',(58.75,30.636658142581,49.512292822658));
#2633 = CARTESIAN_POINT('',(58.729272396847,30.618893367809,
    49.660130033631));
#2634 = CARTESIAN_POINT('',(58.687061489243,30.600971291785,
    49.804398782047));
#2635 = CARTESIAN_POINT('',(58.624184715087,30.58788000248,
    49.942118085019));
#2636 = CARTESIAN_POINT('',(58.543387183852,30.584999911904,
    50.070738287585));
#2637 = CARTESIAN_POINT('',(58.449842200904,30.597105490222,
    50.189001301847));
#2638 = CARTESIAN_POINT('',(58.349921534805,30.626928244898,
    50.297129690873));
#2639 = CARTESIAN_POINT('',(58.25,30.675080006591,50.396364992341));
#2640 = ORIENTED_EDGE('',*,*,#2584,.F.);
#2641 = B_SPLINE_SURFACE_WITH_KNOTS('',9,8,(
    (#2642,#2643,#2644,#2645,#2646,#2647,#2648,#2649,#2650)
    ,(#2651,#2652,#2653,#2654,#2655,#2656,#2657,#2658,#2659)
    ,(#2660,#2661,#2662,#2663,#2664,#2665,#2666,#2667,#2668)
    ,(#2669,#2670,#2671,#2672,#2673,#2674,#2675,#2676,#2677)
    ,(#2678,#2679,#2680,#2681,#2682,#2683,#2684,#2685,#2686)
    ,(#2687,#2688,#2689,#2690,#2691,#2692,#2693,#2694,#2695)
    ,(#2696,#2697,#2698,#2699,#2700,#2701,#2702,#2703,#2704)
    ,(#2705,#2706,#2707,#2708,#2709,#2710,#2711,#2712,#2713)
    ,(#2714,#2715,#2716,#2717,#2718,#2719,#2720,#2721,#2722)
    ,(#2723,#2724,#2725,#2726,#2727,#2728,#2729,#2730,#2731
  )),.UNSPECIFIED.,.F.,.F.,.F.,(10,10),(9,9),(0.,1.),(0.,1.),
  .PIECEWISE_BEZIER_KNOTS.);
#2642 = CARTESIAN_POINT('',(58.75,30.65,49.364060109053));
#2643 = CARTESIAN_POINT('',(58.75,30.748174770425,49.479456030442));
#2644 = CARTESIAN_POINT('',(58.727969605519,30.846349571752,
    49.594851951831));
#2645 = CARTESIAN_POINT('',(58.683909032936,30.938756617167,
    49.710247873218));
#2646 = CARTESIAN_POINT('',(58.619629377889,31.01962937789,
    49.825643794609));
#2647 = CARTESIAN_POINT('',(58.538756617168,31.083909032936,
    49.941039715995));
#2648 = CARTESIAN_POINT('',(58.446349571752,31.12796960552,
    50.056435637385));
#2649 = CARTESIAN_POINT('',(58.348174770425,31.15,50.171831558773));
#2650 = CARTESIAN_POINT('',(58.25,31.15,50.287227480161));
#2651 = CARTESIAN_POINT('',(58.75,30.65,49.364060109053));
#2652 = CARTESIAN_POINT('',(58.75,30.742380145017,49.490928433816));
#2653 = CARTESIAN_POINT('',(58.730601836492,30.839208851467,
    49.617752813843));
#2654 = CARTESIAN_POINT('',(58.691937126285,30.935207105676,
    49.744180698029));
#2655 = CARTESIAN_POINT('',(58.634243701211,31.026134205799,
    49.869880866057));
#2656 = CARTESIAN_POINT('',(58.55188050629,31.10420576458,
    49.994570022925));
#2657 = CARTESIAN_POINT('',(58.452073921648,31.152491998293,
    50.118108381096));
#2658 = CARTESIAN_POINT('',(58.348368855356,31.167244156623,
    50.240520669794));
#2659 = CARTESIAN_POINT('',(58.25,31.15,50.361944837653));
#2660 = CARTESIAN_POINT('',(58.75,30.65,49.364060109053));
#2661 = CARTESIAN_POINT('',(58.75,30.717169324125,49.505529195463));
#2662 = CARTESIAN_POINT('',(58.732642572511,30.81860320299,
    49.652961403593));
#2663 = CARTESIAN_POINT('',(58.698093394436,30.918601414795,
    49.803290485345));
#2664 = CARTESIAN_POINT('',(58.645377919573,31.019082266224,
    49.951847160368));
#2665 = CARTESIAN_POINT('',(58.561895688167,31.107757564216,
    50.093816189632));
#2666 = CARTESIAN_POINT('',(58.456488452483,31.160025565817,
    50.223965889439));
#2667 = CARTESIAN_POINT('',(58.348562940287,31.175952945399,
    50.33865559183));
#2668 = CARTESIAN_POINT('',(58.25,31.124877817245,50.436663406188));
#2669 = CARTESIAN_POINT('',(58.75,30.65,49.364060109053));
#2670 = CARTESIAN_POINT('',(58.75,30.708035965165,49.512870120471));
#2671 = CARTESIAN_POINT('',(58.733877867139,30.804699625435,
    49.688453011005));
#2672 = CARTESIAN_POINT('',(58.701881232703,30.904988714985,
    49.872766637046));
#2673 = CARTESIAN_POINT('',(58.652372157616,31.006205692936,
    50.055719398913));
#2674 = CARTESIAN_POINT('',(58.568249663471,31.093131025009,
    50.223592263029));
#2675 = CARTESIAN_POINT('',(58.45933345813,31.140916617371,
    50.360964930345));
#2676 = CARTESIAN_POINT('',(58.348757025217,31.145159792741,
    50.458827168968));
#2677 = CARTESIAN_POINT('',(58.249999999999,31.074633153408,
    50.501724773541));
#2678 = CARTESIAN_POINT('',(58.75,30.65,49.364060109053));
#2679 = CARTESIAN_POINT('',(58.75,30.700910779846,49.517157143803));
#2680 = CARTESIAN_POINT('',(58.734450980957,30.776798375123,
    49.720489811739));
#2681 = CARTESIAN_POINT('',(58.703650599723,30.857002343162,
    49.939951642069));
#2682 = CARTESIAN_POINT('',(58.655703888893,30.936545060473,
    50.1587827268));
#2683 = CARTESIAN_POINT('',(58.571338905763,31.003651668078,
    50.35303369018));
#2684 = CARTESIAN_POINT('',(58.460792455341,31.042993810902,
    50.495596822225));
#2685 = CARTESIAN_POINT('',(58.348951110149,31.049134591768,
    50.570713608109));
#2686 = CARTESIAN_POINT('',(58.25,31.003595280646,50.547487183056));
#2687 = CARTESIAN_POINT('',(58.75,30.65,49.364060109053));
#2688 = CARTESIAN_POINT('',(58.75,30.694115216301,49.518947667956));
#2689 = CARTESIAN_POINT('',(58.734415872793,30.732412589092,
    49.730899551715));
#2690 = CARTESIAN_POINT('',(58.703539813299,30.769269405147,
    49.96016851346));
#2691 = CARTESIAN_POINT('',(58.655566249726,30.803097259201,
    50.189445483259));
#2692 = CARTESIAN_POINT('',(58.57132264538,30.833059565077,
    50.391945943181));
#2693 = CARTESIAN_POINT('',(58.460938155145,30.861994838226,
    50.536506837616));
#2694 = CARTESIAN_POINT('',(58.349145195081,30.889500140006,
    50.606739013051));
#2695 = CARTESIAN_POINT('',(58.250000000001,30.920413786617,
    50.566602447612));
#2696 = CARTESIAN_POINT('',(58.75,30.65,49.364060109053));
#2697 = CARTESIAN_POINT('',(58.75,30.685970722668,49.518799095422));
#2698 = CARTESIAN_POINT('',(58.733826501473,30.694128479031,
    49.715245438028));
#2699 = CARTESIAN_POINT('',(58.701687191233,30.698403044873,
    49.921898884467));
#2700 = CARTESIAN_POINT('',(58.652152376437,30.69775818106,
    50.128697786746));
#2701 = CARTESIAN_POINT('',(58.568360112657,30.69871853963,
    50.315861718157));
#2702 = CARTESIAN_POINT('',(58.459843268571,30.717629467387,
    50.458657489455));
#2703 = CARTESIAN_POINT('',(58.34933928001,30.75598332051,
    50.547991618078));
#2704 = CARTESIAN_POINT('',(58.249999999999,30.836524853021,
    50.556442511043));
#2705 = CARTESIAN_POINT('',(58.75,30.65,49.364060109053));
#2706 = CARTESIAN_POINT('',(58.75,30.674798747079,49.517268828698));
#2707 = CARTESIAN_POINT('',(58.732736825824,30.667064919458,
    49.691550009401));
#2708 = CARTESIAN_POINT('',(58.698231051334,30.657459680713,
    49.868406943651));
#2709 = CARTESIAN_POINT('',(58.645655405353,30.64277760404,
    50.044635534716));
#2710 = CARTESIAN_POINT('',(58.562610537939,30.630934772921,
    50.209195934988));
#2711 = CARTESIAN_POINT('',(58.457580506655,30.642494015306,
    50.346576401313));
#2712 = CARTESIAN_POINT('',(58.349533364943,30.677119527553,
    50.454850205057));
#2713 = CARTESIAN_POINT('',(58.250000000001,30.762918192096,
    50.519842412223));
#2714 = CARTESIAN_POINT('',(58.75,30.65,49.364060109053));
#2715 = CARTESIAN_POINT('',(58.75,30.646530001245,49.518562802747));
#2716 = CARTESIAN_POINT('',(58.731290106428,30.634698872743,
    49.674873339605));
#2717 = CARTESIAN_POINT('',(58.693521352231,30.618570715542,
    49.829923348205));
#2718 = CARTESIAN_POINT('',(58.636552810022,30.602015528552,
    49.98152231068));
#2719 = CARTESIAN_POINT('',(58.554470394779,30.59155806841,
    50.124807088738));
#2720 = CARTESIAN_POINT('',(58.454333386139,30.60341327185,
    50.252531228106));
#2721 = CARTESIAN_POINT('',(58.349727449873,30.642268975005,
    50.364838912776));
#2722 = CARTESIAN_POINT('',(58.25,30.707697872644,50.463586702559));
#2723 = CARTESIAN_POINT('',(58.75,30.65,49.364060109053));
#2724 = CARTESIAN_POINT('',(58.75,30.636658142581,49.512292822658));
#2725 = CARTESIAN_POINT('',(58.729272396847,30.618893367809,
    49.660130033631));
#2726 = CARTESIAN_POINT('',(58.687061489243,30.600971291785,
    49.804398782047));
#2727 = CARTESIAN_POINT('',(58.624184715087,30.58788000248,
    49.942118085019));
#2728 = CARTESIAN_POINT('',(58.543387183852,30.584999911904,
    50.070738287585));
#2729 = CARTESIAN_POINT('',(58.449842200904,30.597105490222,
    50.189001301847));
#2730 = CARTESIAN_POINT('',(58.349921534805,30.626928244898,
    50.297129690873));
#2731 = CARTESIAN_POINT('',(58.25,30.675080006591,50.396364992341));
#2732 = ADVANCED_FACE('',(#2733),#2746,.F.);
#2733 = FACE_BOUND('',#2734,.F.);
#2734 = EDGE_LOOP('',(#2735,#2744,#2745));
#2735 = ORIENTED_EDGE('',*,*,#2736,.F.);
#2736 = EDGE_CURVE('',#1055,#2600,#2737,.T.);
#2737 = B_SPLINE_CURVE_WITH_KNOTS('',5,(#2738,#2739,#2740,#2741,#2742,
    #2743),.UNSPECIFIED.,.F.,.F.,(6,6),(0.,1.),
  .PIECEWISE_BEZIER_KNOTS.);
#2738 = CARTESIAN_POINT('',(-58.75,30.65,49.364060109053));
#2739 = CARTESIAN_POINT('',(-58.75,30.627992328221,49.608573058437));
#2740 = CARTESIAN_POINT('',(-58.68849249797,30.593148244181,
    49.847486247925));
#2741 = CARTESIAN_POINT('',(-58.56430582168,30.57309489659,
    50.060501468622));
#2742 = CARTESIAN_POINT('',(-58.40707963267,30.599384001176,
    50.240364138932));
#2743 = CARTESIAN_POINT('',(-58.25,30.675080006591,50.396364992341));
#2744 = ORIENTED_EDGE('',*,*,#1054,.T.);
#2745 = ORIENTED_EDGE('',*,*,#2607,.F.);
#2746 = B_SPLINE_SURFACE_WITH_KNOTS('',9,8,(
    (#2747,#2748,#2749,#2750,#2751,#2752,#2753,#2754,#2755)
    ,(#2756,#2757,#2758,#2759,#2760,#2761,#2762,#2763,#2764)
    ,(#2765,#2766,#2767,#2768,#2769,#2770,#2771,#2772,#2773)
    ,(#2774,#2775,#2776,#2777,#2778,#2779,#2780,#2781,#2782)
    ,(#2783,#2784,#2785,#2786,#2787,#2788,#2789,#2790,#2791)
    ,(#2792,#2793,#2794,#2795,#2796,#2797,#2798,#2799,#2800)
    ,(#2801,#2802,#2803,#2804,#2805,#2806,#2807,#2808,#2809)
    ,(#2810,#2811,#2812,#2813,#2814,#2815,#2816,#2817,#2818)
    ,(#2819,#2820,#2821,#2822,#2823,#2824,#2825,#2826,#2827)
    ,(#2828,#2829,#2830,#2831,#2832,#2833,#2834,#2835,#2836
  )),.UNSPECIFIED.,.F.,.F.,.F.,(10,10),(9,9),(0.,1.),(0.,1.),
  .PIECEWISE_BEZIER_KNOTS.);
#2747 = CARTESIAN_POINT('',(-58.75,30.65,49.364060109053));
#2748 = CARTESIAN_POINT('',(-58.75,30.636658142581,49.512292822658));
#2749 = CARTESIAN_POINT('',(-58.72927239684,30.618893367809,
    49.660130033631));
#2750 = CARTESIAN_POINT('',(-58.68706148924,30.600971291785,
    49.804398782047));
#2751 = CARTESIAN_POINT('',(-58.62418471508,30.587880002481,
    49.94211808502));
#2752 = CARTESIAN_POINT('',(-58.54338718385,30.584999911904,
    50.070738287584));
#2753 = CARTESIAN_POINT('',(-58.4498422009,30.597105490222,
    50.189001301848));
#2754 = CARTESIAN_POINT('',(-58.3499215348,30.626928244898,
    50.297129690873));
#2755 = CARTESIAN_POINT('',(-58.25,30.675080006591,50.396364992341));
#2756 = CARTESIAN_POINT('',(-58.75,30.65,49.364060109053));
#2757 = CARTESIAN_POINT('',(-58.75,30.646530001245,49.518562802747));
#2758 = CARTESIAN_POINT('',(-58.73129010642,30.634698872743,
    49.674873339605));
#2759 = CARTESIAN_POINT('',(-58.69352135223,30.618570715542,
    49.829923348205));
#2760 = CARTESIAN_POINT('',(-58.63655281002,30.602015528552,
    49.981522310681));
#2761 = CARTESIAN_POINT('',(-58.55447039477,30.59155806841,
    50.124807088738));
#2762 = CARTESIAN_POINT('',(-58.45433338613,30.60341327185,
    50.252531228107));
#2763 = CARTESIAN_POINT('',(-58.34972744987,30.642268975005,
    50.364838912776));
#2764 = CARTESIAN_POINT('',(-58.24999999999,30.707697872644,
    50.463586702559));
#2765 = CARTESIAN_POINT('',(-58.75,30.65,49.364060109053));
#2766 = CARTESIAN_POINT('',(-58.75,30.674798747079,49.517268828698));
#2767 = CARTESIAN_POINT('',(-58.73273682582,30.667064919459,
    49.691550009401));
#2768 = CARTESIAN_POINT('',(-58.69823105133,30.657459680714,
    49.868406943651));
#2769 = CARTESIAN_POINT('',(-58.64565540535,30.642777604042,
    50.044635534717));
#2770 = CARTESIAN_POINT('',(-58.56261053794,30.630934772923,
    50.209195934988));
#2771 = CARTESIAN_POINT('',(-58.45758050665,30.642494015308,
    50.346576401313));
#2772 = CARTESIAN_POINT('',(-58.34953336494,30.677119527556,
    50.454850205057));
#2773 = CARTESIAN_POINT('',(-58.25,30.762918192099,50.519842412223));
#2774 = CARTESIAN_POINT('',(-58.75,30.65,49.364060109053));
#2775 = CARTESIAN_POINT('',(-58.75,30.685970722668,49.518799095422));
#2776 = CARTESIAN_POINT('',(-58.73382650147,30.69412847903,
    49.715245438028));
#2777 = CARTESIAN_POINT('',(-58.70168719123,30.698403044872,
    49.921898884467));
#2778 = CARTESIAN_POINT('',(-58.65215237643,30.697758181058,
    50.128697786747));
#2779 = CARTESIAN_POINT('',(-58.56836011265,30.698718539628,
    50.315861718157));
#2780 = CARTESIAN_POINT('',(-58.45984326856,30.717629467384,
    50.458657489456));
#2781 = CARTESIAN_POINT('',(-58.34933928,30.755983320506,50.547991618078
    ));
#2782 = CARTESIAN_POINT('',(-58.24999999999,30.836524853017,
    50.556442511044));
#2783 = CARTESIAN_POINT('',(-58.75,30.65,49.364060109053));
#2784 = CARTESIAN_POINT('',(-58.75,30.694115216301,49.518947667956));
#2785 = CARTESIAN_POINT('',(-58.73441587279,30.732412589093,
    49.730899551715));
#2786 = CARTESIAN_POINT('',(-58.7035398133,30.769269405149,
    49.96016851346));
#2787 = CARTESIAN_POINT('',(-58.65556624972,30.803097259204,
    50.189445483259));
#2788 = CARTESIAN_POINT('',(-58.57132264538,30.833059565081,
    50.39194594318));
#2789 = CARTESIAN_POINT('',(-58.46093815514,30.86199483823,
    50.536506837616));
#2790 = CARTESIAN_POINT('',(-58.34914519508,30.889500140012,
    50.60673901305));
#2791 = CARTESIAN_POINT('',(-58.25,30.920413786623,50.566602447611));
#2792 = CARTESIAN_POINT('',(-58.75,30.65,49.364060109053));
#2793 = CARTESIAN_POINT('',(-58.75,30.700910779846,49.517157143803));
#2794 = CARTESIAN_POINT('',(-58.73445098095,30.776798375121,
    49.72048981174));
#2795 = CARTESIAN_POINT('',(-58.70365059972,30.857002343161,
    49.93995164207));
#2796 = CARTESIAN_POINT('',(-58.65570388889,30.936545060472,
    50.158782726801));
#2797 = CARTESIAN_POINT('',(-58.57133890575,31.003651668076,
    50.353033690182));
#2798 = CARTESIAN_POINT('',(-58.46079245533,31.042993810899,
    50.495596822227));
#2799 = CARTESIAN_POINT('',(-58.34895111014,31.049134591763,
    50.570713608112));
#2800 = CARTESIAN_POINT('',(-58.24999999999,31.003595280641,
    50.547487183059));
#2801 = CARTESIAN_POINT('',(-58.75,30.65,49.364060109053));
#2802 = CARTESIAN_POINT('',(-58.75,30.708035965165,49.512870120471));
#2803 = CARTESIAN_POINT('',(-58.73387786714,30.804699625436,
    49.688453011004));
#2804 = CARTESIAN_POINT('',(-58.7018812327,30.904988714986,
    49.872766637046));
#2805 = CARTESIAN_POINT('',(-58.65237215761,31.006205692937,
    50.055719398911));
#2806 = CARTESIAN_POINT('',(-58.56824966347,31.09313102501,
    50.223592263028));
#2807 = CARTESIAN_POINT('',(-58.45933345813,31.140916617373,
    50.360964930343));
#2808 = CARTESIAN_POINT('',(-58.34875702522,31.145159792744,
    50.458827168966));
#2809 = CARTESIAN_POINT('',(-58.25,31.074633153412,50.501724773538));
#2810 = CARTESIAN_POINT('',(-58.75,30.65,49.364060109053));
#2811 = CARTESIAN_POINT('',(-58.75,30.717169324125,49.505529195463));
#2812 = CARTESIAN_POINT('',(-58.73264257251,30.81860320299,
    49.652961403593));
#2813 = CARTESIAN_POINT('',(-58.69809339443,30.918601414795,
    49.803290485347));
#2814 = CARTESIAN_POINT('',(-58.64537791957,31.019082266224,
    49.951847160369));
#2815 = CARTESIAN_POINT('',(-58.56189568816,31.107757564216,
    50.093816189634));
#2816 = CARTESIAN_POINT('',(-58.45648845248,31.160025565817,
    50.22396588944));
#2817 = CARTESIAN_POINT('',(-58.34856294028,31.175952945397,
    50.338655591833));
#2818 = CARTESIAN_POINT('',(-58.24999999999,31.124877817243,
    50.436663406191));
#2819 = CARTESIAN_POINT('',(-58.75,30.65,49.364060109053));
#2820 = CARTESIAN_POINT('',(-58.75,30.742380145017,49.490928433816));
#2821 = CARTESIAN_POINT('',(-58.73060183649,30.839208851467,
    49.617752813843));
#2822 = CARTESIAN_POINT('',(-58.69193712628,30.935207105676,
    49.744180698029));
#2823 = CARTESIAN_POINT('',(-58.63424370121,31.026134205799,
    49.869880866056));
#2824 = CARTESIAN_POINT('',(-58.55188050628,31.10420576458,
    49.994570022925));
#2825 = CARTESIAN_POINT('',(-58.45207392164,31.152491998292,
    50.118108381095));
#2826 = CARTESIAN_POINT('',(-58.34836885535,31.167244156623,
    50.240520669793));
#2827 = CARTESIAN_POINT('',(-58.25,31.15,50.361944837652));
#2828 = CARTESIAN_POINT('',(-58.75,30.65,49.364060109053));
#2829 = CARTESIAN_POINT('',(-58.75,30.748174770425,49.479456030442));
#2830 = CARTESIAN_POINT('',(-58.72796960551,30.846349571752,
    49.59485195183));
#2831 = CARTESIAN_POINT('',(-58.68390903293,30.938756617167,
    49.710247873219));
#2832 = CARTESIAN_POINT('',(-58.61962937789,31.01962937789,
    49.825643794608));
#2833 = CARTESIAN_POINT('',(-58.53875661716,31.083909032936,
    49.941039715996));
#2834 = CARTESIAN_POINT('',(-58.44634957175,31.12796960552,
    50.056435637385));
#2835 = CARTESIAN_POINT('',(-58.34817477042,31.15,50.171831558773));
#2836 = CARTESIAN_POINT('',(-58.25,31.15,50.287227480161));
#2837 = ADVANCED_FACE('',(#2838),#2860,.T.);
#2838 = FACE_BOUND('',#2839,.F.);
#2839 = EDGE_LOOP('',(#2840,#2841,#2842,#2853));
#2840 = ORIENTED_EDGE('',*,*,#2629,.F.);
#2841 = ORIENTED_EDGE('',*,*,#1086,.T.);
#2842 = ORIENTED_EDGE('',*,*,#2843,.T.);
#2843 = EDGE_CURVE('',#1087,#2844,#2846,.T.);
#2844 = VERTEX_POINT('',#2845);
#2845 = CARTESIAN_POINT('',(58.25,26.795948058485,47.332677777181));
#2846 = B_SPLINE_CURVE_WITH_KNOTS('',5,(#2847,#2848,#2849,#2850,#2851,
    #2852),.UNSPECIFIED.,.F.,.F.,(6,6),(0.,1.),
  .PIECEWISE_BEZIER_KNOTS.);
#2847 = CARTESIAN_POINT('',(58.75,27.100000000001,46.891261156011));
#2848 = CARTESIAN_POINT('',(58.75,27.022020534246,47.03344636088));
#2849 = CARTESIAN_POINT('',(58.688492497977,26.946385848254,
    47.176723387848));
#2850 = CARTESIAN_POINT('',(58.564305821681,26.881468150106,
    47.288928428319));
#2851 = CARTESIAN_POINT('',(58.40707963268,26.832101728849,
    47.340683846007));
#2852 = CARTESIAN_POINT('',(58.25,26.795948058485,47.332677777181));
#2853 = ORIENTED_EDGE('',*,*,#2854,.F.);
#2854 = EDGE_CURVE('',#2585,#2844,#2855,.T.);
#2855 = CIRCLE('',#2856,5.675624999995);
#2856 = AXIS2_PLACEMENT_3D('',#2857,#2858,#2859);
#2857 = CARTESIAN_POINT('',(58.25,25.568833856219,52.874059362595));
#2858 = DIRECTION('',(-1.,0.,-0.));
#2859 = DIRECTION('',(0.,0.899679973637,-0.436550048718));
#2860 = TOROIDAL_SURFACE('',#2861,6.175624999995,0.5);
#2861 = AXIS2_PLACEMENT_3D('',#2862,#2863,#2864);
#2862 = CARTESIAN_POINT('',(58.25,25.568833856219,52.874059362595));
#2863 = DIRECTION('',(1.,0.,0.));
#2864 = DIRECTION('',(0.,0.899679973637,-0.436550048718));
#2865 = ADVANCED_FACE('',(#2866),#2891,.T.);
#2866 = FACE_BOUND('',#2867,.F.);
#2867 = EDGE_LOOP('',(#2868,#2882,#2883,#2884));
#2868 = ORIENTED_EDGE('',*,*,#2869,.F.);
#2869 = EDGE_CURVE('',#1112,#2870,#2872,.T.);
#2870 = VERTEX_POINT('',#2871);
#2871 = CARTESIAN_POINT('',(-58.25,26.795948058485,47.332677777181));
#2872 = B_SPLINE_CURVE_WITH_KNOTS('',8,(#2873,#2874,#2875,#2876,#2877,
    #2878,#2879,#2880,#2881),.UNSPECIFIED.,.F.,.F.,(9,9),(0.,1.),
  .PIECEWISE_BEZIER_KNOTS.);
#2873 = CARTESIAN_POINT('',(-58.75,27.100000000001,46.891261156011));
#2874 = CARTESIAN_POINT('',(-58.75,27.051413228206,46.97985268501));
#2875 = CARTESIAN_POINT('',(-58.72810534632,27.003624159323,
    47.068881878807));
#2876 = CARTESIAN_POINT('',(-58.68423061284,26.958056508457,
    47.152804677389));
#2877 = CARTESIAN_POINT('',(-58.62008100667,26.916006620123,
    47.225983698854));
#2878 = CARTESIAN_POINT('',(-58.53920881674,26.87846790622,
    47.283357813979));
#2879 = CARTESIAN_POINT('',(-58.44668902655,26.845974498151,
    47.321224539395));
#2880 = CARTESIAN_POINT('',(-58.34834451906,26.81858317205,
    47.337690221983));
#2881 = CARTESIAN_POINT('',(-58.25,26.795948058485,47.332677777181));
#2882 = ORIENTED_EDGE('',*,*,#1111,.T.);
#2883 = ORIENTED_EDGE('',*,*,#2736,.T.);
#2884 = ORIENTED_EDGE('',*,*,#2885,.F.);
#2885 = EDGE_CURVE('',#2870,#2600,#2886,.T.);
#2886 = CIRCLE('',#2887,5.675624999995);
#2887 = AXIS2_PLACEMENT_3D('',#2888,#2889,#2890);
#2888 = CARTESIAN_POINT('',(-58.25,25.568833856219,52.874059362595));
#2889 = DIRECTION('',(1.,2.301763417227E-16,0.));
#2890 = DIRECTION('',(-4.976591264464E-17,0.216207766064,-0.976347377675
    ));
#2891 = TOROIDAL_SURFACE('',#2892,6.175624999995,0.5);
#2892 = AXIS2_PLACEMENT_3D('',#2893,#2894,#2895);
#2893 = CARTESIAN_POINT('',(-58.25,25.568833856219,52.874059362595));
#2894 = DIRECTION('',(-1.,-2.301763417227E-16,0.));
#2895 = DIRECTION('',(-4.976591264464E-17,0.216207766064,-0.976347377675
    ));
#2896 = ADVANCED_FACE('',(#2897),#2911,.F.);
#2897 = FACE_BOUND('',#2898,.F.);
#2898 = EDGE_LOOP('',(#2899,#2900,#2901));
#2899 = ORIENTED_EDGE('',*,*,#2843,.F.);
#2900 = ORIENTED_EDGE('',*,*,#1134,.T.);
#2901 = ORIENTED_EDGE('',*,*,#2902,.F.);
#2902 = EDGE_CURVE('',#2844,#1135,#2903,.T.);
#2903 = B_SPLINE_CURVE_WITH_KNOTS('',6,(#2904,#2905,#2906,#2907,#2908,
    #2909,#2910),.UNSPECIFIED.,.F.,.F.,(7,7),(0.,1.),
  .PIECEWISE_BEZIER_KNOTS.);
#2904 = CARTESIAN_POINT('',(58.25,26.795948058485,47.332677777181));
#2905 = CARTESIAN_POINT('',(58.25,26.740911860381,47.320490256922));
#2906 = CARTESIAN_POINT('',(58.25,26.689175033904,47.293413303306));
#2907 = CARTESIAN_POINT('',(58.25,26.645761690484,47.252549380884));
#2908 = CARTESIAN_POINT('',(58.25,26.615250608984,47.201327779499));
#2909 = CARTESIAN_POINT('',(58.25,26.600000000001,47.144960416987));
#2910 = CARTESIAN_POINT('',(58.25,26.600000000001,47.088590932762));
#2911 = B_SPLINE_SURFACE_WITH_KNOTS('',6,7,(
    (#2912,#2913,#2914,#2915,#2916,#2917,#2918,#2919)
    ,(#2920,#2921,#2922,#2923,#2924,#2925,#2926,#2927)
    ,(#2928,#2929,#2930,#2931,#2932,#2933,#2934,#2935)
    ,(#2936,#2937,#2938,#2939,#2940,#2941,#2942,#2943)
    ,(#2944,#2945,#2946,#2947,#2948,#2949,#2950,#2951)
    ,(#2952,#2953,#2954,#2955,#2956,#2957,#2958,#2959)
    ,(#2960,#2961,#2962,#2963,#2964,#2965,#2966,#2967
  )),.UNSPECIFIED.,.F.,.F.,.F.,(7,7),(8,8),(0.,1.),(0.,1.),
  .PIECEWISE_BEZIER_KNOTS.);
#2912 = CARTESIAN_POINT('',(58.75,27.100000000001,46.891261156011));
#2913 = CARTESIAN_POINT('',(58.75,27.044472260806,46.992508617723));
#2914 = CARTESIAN_POINT('',(58.720806123491,26.990008426864,
    47.094339019334));
#2915 = CARTESIAN_POINT('',(58.662289165433,26.938884200154,
    47.187886426788));
#2916 = CARTESIAN_POINT('',(58.577866094711,26.893131065293,
    47.264076850426));
#2917 = CARTESIAN_POINT('',(58.474786451769,26.854027379003,
    47.315496677515));
#2918 = CARTESIAN_POINT('',(58.362393736075,26.821816759702,
    47.338406285526));
#2919 = CARTESIAN_POINT('',(58.25,26.795948058485,47.332677777181));
#2920 = CARTESIAN_POINT('',(58.75,27.100000000001,46.891261156011));
#2921 = CARTESIAN_POINT('',(58.75,27.031830043683,46.984402886));
#2922 = CARTESIAN_POINT('',(58.723199012738,26.964302987994,
    47.07914034353));
#2923 = CARTESIAN_POINT('',(58.670134940622,26.900555972921,
    47.169018581461));
#2924 = CARTESIAN_POINT('',(58.588792071859,26.842784805978,
    47.251214057768));
#2925 = CARTESIAN_POINT('',(58.47933018084,26.796542359398,
    47.306530004477));
#2926 = CARTESIAN_POINT('',(58.362361403,26.763048126175,47.32831689848)
  );
#2927 = CARTESIAN_POINT('',(58.25,26.740911860381,47.320490256922));
#2928 = CARTESIAN_POINT('',(58.75,27.100000000001,46.891261156011));
#2929 = CARTESIAN_POINT('',(58.75,27.012322895357,46.964196218132));
#2930 = CARTESIAN_POINT('',(58.72459922515,26.931505793372,
    47.052097244256));
#2931 = CARTESIAN_POINT('',(58.674762553145,26.851777283237,
    47.134573988993));
#2932 = CARTESIAN_POINT('',(58.595260571129,26.778859295499,
    47.215219578974));
#2933 = CARTESIAN_POINT('',(58.482007817034,26.726100214908,
    47.27232227881));
#2934 = CARTESIAN_POINT('',(58.362329069925,26.700737751363,
    47.302394666501));
#2935 = CARTESIAN_POINT('',(58.25,26.689175033904,47.293413303306));
#2936 = CARTESIAN_POINT('',(58.75,27.100000000001,46.891261156011));
#2937 = CARTESIAN_POINT('',(58.75,27.009060178976,46.961660409145));
#2938 = CARTESIAN_POINT('',(58.725059143425,26.91352513826,
    47.036493858721));
#2939 = CARTESIAN_POINT('',(58.676287283901,26.821025369147,
    47.109729089133));
#2940 = CARTESIAN_POINT('',(58.59739022442,26.733403517135,
    47.179883253759));
#2941 = CARTESIAN_POINT('',(58.482875091729,26.671788371334,
    47.230015185773));
#2942 = CARTESIAN_POINT('',(58.362296736852,26.643169137218,
    47.253865063796));
#2943 = CARTESIAN_POINT('',(58.25,26.645761690484,47.252549380884));
#2944 = CARTESIAN_POINT('',(58.75,27.100000000001,46.891261156011));
#2945 = CARTESIAN_POINT('',(58.75,27.007369925398,46.957862258331));
#2946 = CARTESIAN_POINT('',(58.724553883185,26.902349476987,
    47.015392849575));
#2947 = CARTESIAN_POINT('',(58.674656010072,26.803706596724,
    47.074033436202));
#2948 = CARTESIAN_POINT('',(58.595126446187,26.709143815389,
    47.127450027285));
#2949 = CARTESIAN_POINT('',(58.481901833179,26.642538255783,
    47.167465554778));
#2950 = CARTESIAN_POINT('',(58.362264403777,26.608401242709,
    47.186926884267));
#2951 = CARTESIAN_POINT('',(58.25,26.615250608984,47.201327779499));
#2952 = CARTESIAN_POINT('',(58.75,27.100000000001,46.891261156011));
#2953 = CARTESIAN_POINT('',(58.75,26.992580165481,46.93386856498));
#2954 = CARTESIAN_POINT('',(58.723058560052,26.884182626981,
    46.976573130598));
#2955 = CARTESIAN_POINT('',(58.669815608839,26.781915206751,
    47.017897197189));
#2956 = CARTESIAN_POINT('',(58.588414650885,26.688996958846,
    47.056328433146));
#2957 = CARTESIAN_POINT('',(58.479057869641,26.625094419877,
    47.090631236344));
#2958 = CARTESIAN_POINT('',(58.362232070703,26.596821892076,
    47.120182336362));
#2959 = CARTESIAN_POINT('',(58.25,26.600000000001,47.144960416987));
#2960 = CARTESIAN_POINT('',(58.75,27.100000000001,46.891261156011));
#2961 = CARTESIAN_POINT('',(58.75,26.987800262373,46.919451124118));
#2962 = CARTESIAN_POINT('',(58.720625556725,26.87560106751,
    46.947641092226));
#2963 = CARTESIAN_POINT('',(58.6618813611,26.772626529589,
    46.975831060332));
#2964 = CARTESIAN_POINT('',(58.577373470413,26.688118638901,
    47.004021028441));
#2965 = CARTESIAN_POINT('',(58.474398932491,26.629374443277,
    47.032210996547));
#2966 = CARTESIAN_POINT('',(58.362199737628,26.600000000001,
    47.060400964655));
#2967 = CARTESIAN_POINT('',(58.25,26.600000000001,47.088590932762));
#2968 = ADVANCED_FACE('',(#2969),#2983,.F.);
#2969 = FACE_BOUND('',#2970,.F.);
#2970 = EDGE_LOOP('',(#2971,#2972,#2973));
#2971 = ORIENTED_EDGE('',*,*,#1172,.F.);
#2972 = ORIENTED_EDGE('',*,*,#2869,.T.);
#2973 = ORIENTED_EDGE('',*,*,#2974,.F.);
#2974 = EDGE_CURVE('',#1165,#2870,#2975,.T.);
#2975 = B_SPLINE_CURVE_WITH_KNOTS('',6,(#2976,#2977,#2978,#2979,#2980,
    #2981,#2982),.UNSPECIFIED.,.F.,.F.,(7,7),(0.,1.),
  .PIECEWISE_BEZIER_KNOTS.);
#2976 = CARTESIAN_POINT('',(-58.25,26.600000000001,47.088590932762));
#2977 = CARTESIAN_POINT('',(-58.25,26.600000000001,47.144960416987));
#2978 = CARTESIAN_POINT('',(-58.25,26.615250608984,47.201327779499));
#2979 = CARTESIAN_POINT('',(-58.25,26.645761690486,47.252549380884));
#2980 = CARTESIAN_POINT('',(-58.25,26.689175033903,47.293413303305));
#2981 = CARTESIAN_POINT('',(-58.25,26.740911860382,47.320490256922));
#2982 = CARTESIAN_POINT('',(-58.25,26.795948058485,47.332677777181));
#2983 = B_SPLINE_SURFACE_WITH_KNOTS('',6,8,(
    (#2984,#2985,#2986,#2987,#2988,#2989,#2990,#2991,#2992)
    ,(#2993,#2994,#2995,#2996,#2997,#2998,#2999,#3000,#3001)
    ,(#3002,#3003,#3004,#3005,#3006,#3007,#3008,#3009,#3010)
    ,(#3011,#3012,#3013,#3014,#3015,#3016,#3017,#3018,#3019)
    ,(#3020,#3021,#3022,#3023,#3024,#3025,#3026,#3027,#3028)
    ,(#3029,#3030,#3031,#3032,#3033,#3034,#3035,#3036,#3037)
    ,(#3038,#3039,#3040,#3041,#3042,#3043,#3044,#3045,#3046
  )),.UNSPECIFIED.,.F.,.F.,.F.,(7,7),(9,9),(0.,1.),(0.,1.),
  .PIECEWISE_BEZIER_KNOTS.);
#2984 = CARTESIAN_POINT('',(-58.75,27.100000000001,46.891261156011));
#2985 = CARTESIAN_POINT('',(-58.75,27.001825229577,46.915927378105));
#2986 = CARTESIAN_POINT('',(-58.72796960552,26.90365042825,
    46.940593600199));
#2987 = CARTESIAN_POINT('',(-58.68390903293,26.811243382833,
    46.965259822293));
#2988 = CARTESIAN_POINT('',(-58.61962937789,26.730370622113,
    46.989926044386));
#2989 = CARTESIAN_POINT('',(-58.53875661716,26.666090967065,
    47.01459226648));
#2990 = CARTESIAN_POINT('',(-58.44634957175,26.622030394483,
    47.039258488574));
#2991 = CARTESIAN_POINT('',(-58.34817477042,26.600000000001,
    47.063924710668));
#2992 = CARTESIAN_POINT('',(-58.25,26.600000000001,47.088590932762));
#2993 = CARTESIAN_POINT('',(-58.75,27.100000000001,46.891261156011));
#2994 = CARTESIAN_POINT('',(-58.75,27.006007644796,46.928542638858));
#2995 = CARTESIAN_POINT('',(-58.72986271402,26.911342577608,
    46.965897065839));
#2996 = CARTESIAN_POINT('',(-58.6895615748,26.820071678131,
    47.00240042695));
#2997 = CARTESIAN_POINT('',(-58.6294233269,26.735727418489,
    47.037113158542));
#2998 = CARTESIAN_POINT('',(-58.54718571717,26.664839695525,
    47.069191739077));
#2999 = CARTESIAN_POINT('',(-58.44992021388,26.618086853929,
    47.098019087994));
#3000 = CARTESIAN_POINT('',(-58.34820306186,26.597219155567,
    47.12327959644));
#3001 = CARTESIAN_POINT('',(-58.25,26.600000000001,47.144960416987));
#3002 = CARTESIAN_POINT('',(-58.75,27.100000000001,46.891261156011));
#3003 = CARTESIAN_POINT('',(-58.75,27.018948684723,46.949537120541));
#3004 = CARTESIAN_POINT('',(-58.73102545158,26.927679916522,
    46.999864969434));
#3005 = CARTESIAN_POINT('',(-58.69301558705,26.840450808322,
    47.052120095932));
#3006 = CARTESIAN_POINT('',(-58.63538420373,26.756770821957,
    47.100634100143));
#3007 = CARTESIAN_POINT('',(-58.55231509087,26.683919862036,
    47.142532729809));
#3008 = CARTESIAN_POINT('',(-58.45210251502,26.635082967895,
    47.173428069657));
#3009 = CARTESIAN_POINT('',(-58.3482313533,26.609257413493,
    47.188726996171));
#3010 = CARTESIAN_POINT('',(-58.25,26.615250608984,47.201327779499));
#3011 = CARTESIAN_POINT('',(-58.75,27.100000000001,46.891261156011));
#3012 = CARTESIAN_POINT('',(-58.75,27.020427656604,46.952860502504));
#3013 = CARTESIAN_POINT('',(-58.73141827855,26.937377459445,47.017808018
    ));
#3014 = CARTESIAN_POINT('',(-58.69418018408,26.855507129008,
    47.08243966647));
#3015 = CARTESIAN_POINT('',(-58.63739392015,26.777502358121,
    47.144562867208));
#3016 = CARTESIAN_POINT('',(-58.55405050252,26.710092183904,
    47.198856517005));
#3017 = CARTESIAN_POINT('',(-58.45285442399,26.664793535274,
    47.235846515642));
#3018 = CARTESIAN_POINT('',(-58.34825964474,26.643493206377,
    47.253700603432));
#3019 = CARTESIAN_POINT('',(-58.25,26.645761690486,47.252549380884));
#3020 = CARTESIAN_POINT('',(-58.75,27.100000000001,46.891261156011));
#3021 = CARTESIAN_POINT('',(-58.75,27.023282533438,46.955079335367));
#3022 = CARTESIAN_POINT('',(-58.73105981604,26.952625187539,
    47.031270051511));
#3023 = CARTESIAN_POINT('',(-58.69309803417,26.881556972805,
    47.103877124253));
#3024 = CARTESIAN_POINT('',(-58.63550614149,26.815484191793,
    47.174572103634));
#3025 = CARTESIAN_POINT('',(-58.55243751737,26.758956138544,
    47.236865005947));
#3026 = CARTESIAN_POINT('',(-58.45219852743,26.718918543933,
    47.278547365361));
#3027 = CARTESIAN_POINT('',(-58.34828793618,26.69929241168,
    47.301271996101));
#3028 = CARTESIAN_POINT('',(-58.25,26.689175033903,47.293413303305));
#3029 = CARTESIAN_POINT('',(-58.75,27.100000000001,46.891261156011));
#3030 = CARTESIAN_POINT('',(-58.75,27.040351288223,46.972760169752));
#3031 = CARTESIAN_POINT('',(-58.72996868518,26.981195298287,
    47.055395763577));
#3032 = CARTESIAN_POINT('',(-58.68981180563,26.924427355189,
    47.13550693206));
#3033 = CARTESIAN_POINT('',(-58.62977453307,26.871717637189,
    47.209846553863));
#3034 = CARTESIAN_POINT('',(-58.54752170069,26.825410140126,
    47.272150227605));
#3035 = CARTESIAN_POINT('',(-58.45015741201,26.788179347463,
    47.311916512409));
#3036 = CARTESIAN_POINT('',(-58.34831622762,26.760281092951,
    47.327338568285));
#3037 = CARTESIAN_POINT('',(-58.25,26.740911860382,47.320490256922));
#3038 = CARTESIAN_POINT('',(-58.75,27.100000000001,46.891261156011));
#3039 = CARTESIAN_POINT('',(-58.75,27.051413228206,46.97985268501));
#3040 = CARTESIAN_POINT('',(-58.72810534632,27.003624159323,
    47.068881878807));
#3041 = CARTESIAN_POINT('',(-58.68423061284,26.958056508457,
    47.152804677389));
#3042 = CARTESIAN_POINT('',(-58.62008100667,26.916006620123,
    47.225983698854));
#3043 = CARTESIAN_POINT('',(-58.53920881674,26.87846790622,
    47.283357813979));
#3044 = CARTESIAN_POINT('',(-58.44668902655,26.845974498151,
    47.321224539395));
#3045 = CARTESIAN_POINT('',(-58.34834451906,26.81858317205,
    47.337690221983));
#3046 = CARTESIAN_POINT('',(-58.25,26.795948058485,47.332677777181));
#3047 = ADVANCED_FACE('',(#3048),#3059,.T.);
#3048 = FACE_BOUND('',#3049,.T.);
#3049 = EDGE_LOOP('',(#3050,#3051,#3052,#3058));
#3050 = ORIENTED_EDGE('',*,*,#1190,.F.);
#3051 = ORIENTED_EDGE('',*,*,#2902,.F.);
#3052 = ORIENTED_EDGE('',*,*,#3053,.T.);
#3053 = EDGE_CURVE('',#2844,#2870,#3054,.T.);
#3054 = LINE('',#3055,#3056);
#3055 = CARTESIAN_POINT('',(58.75,26.795948058485,47.332677777181));
#3056 = VECTOR('',#3057,1.);
#3057 = DIRECTION('',(-1.,-0.,-0.));
#3058 = ORIENTED_EDGE('',*,*,#2974,.F.);
#3059 = CYLINDRICAL_SURFACE('',#3060,0.25);
#3060 = AXIS2_PLACEMENT_3D('',#3061,#3062,#3063);
#3061 = CARTESIAN_POINT('',(58.75,26.850000000001,47.088590932762));
#3062 = DIRECTION('',(-1.,-0.,-0.));
#3063 = DIRECTION('',(0.,-1.,0.));
#3064 = ADVANCED_FACE('',(#3065),#3104,.T.);
#3065 = FACE_BOUND('',#3066,.F.);
#3066 = EDGE_LOOP('',(#3067,#3068,#3083,#3091));
#3067 = ORIENTED_EDGE('',*,*,#1207,.F.);
#3068 = ORIENTED_EDGE('',*,*,#3069,.T.);
#3069 = EDGE_CURVE('',#1208,#3070,#3072,.T.);
#3070 = VERTEX_POINT('',#3071);
#3071 = CARTESIAN_POINT('',(58.25,41.22508000659,30.396364992344));
#3072 = B_SPLINE_CURVE_WITH_KNOTS('',9,(#3073,#3074,#3075,#3076,#3077,
    #3078,#3079,#3080,#3081,#3082),.UNSPECIFIED.,.F.,.F.,(10,10),(0.,1.)
  ,.PIECEWISE_BEZIER_KNOTS.);
#3073 = CARTESIAN_POINT('',(58.25,41.7,30.287227480164));
#3074 = CARTESIAN_POINT('',(58.25,41.7,30.361944837656));
#3075 = CARTESIAN_POINT('',(58.250000000001,41.674877817245,
    30.436663406192));
#3076 = CARTESIAN_POINT('',(58.249999999999,41.624633153408,
    30.501724773542));
#3077 = CARTESIAN_POINT('',(58.25,41.553595280645,30.547487183061));
#3078 = CARTESIAN_POINT('',(58.250000000001,41.470413786618,
    30.566602447612));
#3079 = CARTESIAN_POINT('',(58.249999999999,41.386524853019,
    30.556442511048));
#3080 = CARTESIAN_POINT('',(58.250000000001,41.312918192096,
    30.519842412225));
#3081 = CARTESIAN_POINT('',(58.25,41.257697872643,30.463586702562));
#3082 = CARTESIAN_POINT('',(58.25,41.22508000659,30.396364992344));
#3083 = ORIENTED_EDGE('',*,*,#3084,.T.);
#3084 = EDGE_CURVE('',#3070,#3085,#3087,.T.);
#3085 = VERTEX_POINT('',#3086);
#3086 = CARTESIAN_POINT('',(-58.25,41.22508000659,30.396364992344));
#3087 = LINE('',#3088,#3089);
#3088 = CARTESIAN_POINT('',(58.75,41.22508000659,30.396364992344));
#3089 = VECTOR('',#3090,1.);
#3090 = DIRECTION('',(-1.,-0.,-0.));
#3091 = ORIENTED_EDGE('',*,*,#3092,.T.);
#3092 = EDGE_CURVE('',#3085,#1210,#3093,.T.);
#3093 = B_SPLINE_CURVE_WITH_KNOTS('',9,(#3094,#3095,#3096,#3097,#3098,
    #3099,#3100,#3101,#3102,#3103),.UNSPECIFIED.,.F.,.F.,(10,10),(0.,1.)
  ,.PIECEWISE_BEZIER_KNOTS.);
#3094 = CARTESIAN_POINT('',(-58.25,41.22508000659,30.396364992344));
#3095 = CARTESIAN_POINT('',(-58.25,41.257697872643,30.463586702562));
#3096 = CARTESIAN_POINT('',(-58.25,41.312918192097,30.519842412227));
#3097 = CARTESIAN_POINT('',(-58.24999999999,41.386524853019,
    30.556442511044));
#3098 = CARTESIAN_POINT('',(-58.25,41.470413786619,30.566602447619));
#3099 = CARTESIAN_POINT('',(-58.24999999999,41.553595280645,
    30.547487183054));
#3100 = CARTESIAN_POINT('',(-58.25,41.624633153408,30.501724773547));
#3101 = CARTESIAN_POINT('',(-58.24999999999,41.674877817245,
    30.436663406189));
#3102 = CARTESIAN_POINT('',(-58.25,41.7,30.361944837656));
#3103 = CARTESIAN_POINT('',(-58.25,41.7,30.287227480164));
#3104 = CYLINDRICAL_SURFACE('',#3105,0.25);
#3105 = AXIS2_PLACEMENT_3D('',#3106,#3107,#3108);
#3106 = CARTESIAN_POINT('',(58.75,41.45,30.287227480164));
#3107 = DIRECTION('',(-1.,-0.,-0.));
#3108 = DIRECTION('',(0.,1.,0.));
#3109 = ADVANCED_FACE('',(#3110),#3126,.F.);
#3110 = FACE_BOUND('',#3111,.F.);
#3111 = EDGE_LOOP('',(#3112,#3113,#3125));
#3112 = ORIENTED_EDGE('',*,*,#1240,.F.);
#3113 = ORIENTED_EDGE('',*,*,#3114,.T.);
#3114 = EDGE_CURVE('',#1241,#3070,#3115,.T.);
#3115 = B_SPLINE_CURVE_WITH_KNOTS('',8,(#3116,#3117,#3118,#3119,#3120,
    #3121,#3122,#3123,#3124),.UNSPECIFIED.,.F.,.F.,(9,9),(0.,1.),
  .PIECEWISE_BEZIER_KNOTS.);
#3116 = CARTESIAN_POINT('',(58.75,41.2,29.364060109056));
#3117 = CARTESIAN_POINT('',(58.75,41.18665814258,29.512292822661));
#3118 = CARTESIAN_POINT('',(58.729272396848,41.168893367809,
    29.660130033634));
#3119 = CARTESIAN_POINT('',(58.687061489242,41.150971291784,
    29.804398782049));
#3120 = CARTESIAN_POINT('',(58.624184715087,41.137880002481,
    29.942118085023));
#3121 = CARTESIAN_POINT('',(58.543387183852,41.134999911903,
    30.070738287587));
#3122 = CARTESIAN_POINT('',(58.449842200904,41.147105490222,
    30.18900130185));
#3123 = CARTESIAN_POINT('',(58.349921534805,41.176928244897,
    30.297129690876));
#3124 = CARTESIAN_POINT('',(58.25,41.22508000659,30.396364992344));
#3125 = ORIENTED_EDGE('',*,*,#3069,.F.);
#3126 = B_SPLINE_SURFACE_WITH_KNOTS('',9,8,(
    (#3127,#3128,#3129,#3130,#3131,#3132,#3133,#3134,#3135)
    ,(#3136,#3137,#3138,#3139,#3140,#3141,#3142,#3143,#3144)
    ,(#3145,#3146,#3147,#3148,#3149,#3150,#3151,#3152,#3153)
    ,(#3154,#3155,#3156,#3157,#3158,#3159,#3160,#3161,#3162)
    ,(#3163,#3164,#3165,#3166,#3167,#3168,#3169,#3170,#3171)
    ,(#3172,#3173,#3174,#3175,#3176,#3177,#3178,#3179,#3180)
    ,(#3181,#3182,#3183,#3184,#3185,#3186,#3187,#3188,#3189)
    ,(#3190,#3191,#3192,#3193,#3194,#3195,#3196,#3197,#3198)
    ,(#3199,#3200,#3201,#3202,#3203,#3204,#3205,#3206,#3207)
    ,(#3208,#3209,#3210,#3211,#3212,#3213,#3214,#3215,#3216
  )),.UNSPECIFIED.,.F.,.F.,.F.,(10,10),(9,9),(0.,1.),(0.,1.),
  .PIECEWISE_BEZIER_KNOTS.);
#3127 = CARTESIAN_POINT('',(58.75,41.2,29.364060109056));
#3128 = CARTESIAN_POINT('',(58.75,41.298174770424,29.479456030445));
#3129 = CARTESIAN_POINT('',(58.727969605519,41.396349571752,
    29.594851951833));
#3130 = CARTESIAN_POINT('',(58.683909032936,41.488756617167,
    29.710247873222));
#3131 = CARTESIAN_POINT('',(58.619629377889,41.569629377889,
    29.825643794609));
#3132 = CARTESIAN_POINT('',(58.538756617168,41.633909032936,
    29.941039715999));
#3133 = CARTESIAN_POINT('',(58.446349571752,41.677969605519,
    30.056435637387));
#3134 = CARTESIAN_POINT('',(58.348174770425,41.7,30.171831558776));
#3135 = CARTESIAN_POINT('',(58.25,41.7,30.287227480164));
#3136 = CARTESIAN_POINT('',(58.75,41.2,29.364060109056));
#3137 = CARTESIAN_POINT('',(58.75,41.292380145017,29.49092843382));
#3138 = CARTESIAN_POINT('',(58.730601836492,41.389208851467,
    29.617752813845));
#3139 = CARTESIAN_POINT('',(58.691937126285,41.485207105676,
    29.744180698033));
#3140 = CARTESIAN_POINT('',(58.634243701211,41.576134205798,
    29.869880866058));
#3141 = CARTESIAN_POINT('',(58.55188050629,41.65420576458,
    29.994570022929));
#3142 = CARTESIAN_POINT('',(58.452073921648,41.702491998292,
    30.118108381097));
#3143 = CARTESIAN_POINT('',(58.348368855356,41.717244156622,
    30.240520669797));
#3144 = CARTESIAN_POINT('',(58.25,41.7,30.361944837656));
#3145 = CARTESIAN_POINT('',(58.75,41.2,29.364060109056));
#3146 = CARTESIAN_POINT('',(58.75,41.267169324125,29.505529195466));
#3147 = CARTESIAN_POINT('',(58.732642572511,41.36860320299,
    29.652961403596));
#3148 = CARTESIAN_POINT('',(58.698093394436,41.468601414795,
    29.80329048535));
#3149 = CARTESIAN_POINT('',(58.645377919573,41.569082266224,
    29.951847160371));
#3150 = CARTESIAN_POINT('',(58.561895688167,41.657757564216,
    30.093816189637));
#3151 = CARTESIAN_POINT('',(58.456488452483,41.710025565817,
    30.223965889441));
#3152 = CARTESIAN_POINT('',(58.348562940287,41.725952945398,
    30.338655591834));
#3153 = CARTESIAN_POINT('',(58.250000000001,41.674877817245,
    30.436663406192));
#3154 = CARTESIAN_POINT('',(58.75,41.2,29.364060109056));
#3155 = CARTESIAN_POINT('',(58.75,41.258035965165,29.512870120474));
#3156 = CARTESIAN_POINT('',(58.733877867139,41.354699625435,
    29.688453011007));
#3157 = CARTESIAN_POINT('',(58.701881232703,41.454988714985,
    29.872766637049));
#3158 = CARTESIAN_POINT('',(58.652372157616,41.556205692936,
    30.055719398914));
#3159 = CARTESIAN_POINT('',(58.568249663471,41.643131025009,
    30.223592263031));
#3160 = CARTESIAN_POINT('',(58.45933345813,41.690916617371,
    30.360964930346));
#3161 = CARTESIAN_POINT('',(58.348757025217,41.695159792741,
    30.458827168969));
#3162 = CARTESIAN_POINT('',(58.249999999999,41.624633153408,
    30.501724773542));
#3163 = CARTESIAN_POINT('',(58.75,41.2,29.364060109056));
#3164 = CARTESIAN_POINT('',(58.75,41.250910779845,29.517157143806));
#3165 = CARTESIAN_POINT('',(58.734450980958,41.326798375122,
    29.720489811743));
#3166 = CARTESIAN_POINT('',(58.703650599723,41.407002343162,
    29.939951642073));
#3167 = CARTESIAN_POINT('',(58.655703888893,41.486545060473,
    30.158782726804));
#3168 = CARTESIAN_POINT('',(58.571338905763,41.553651668077,
    30.353033690185));
#3169 = CARTESIAN_POINT('',(58.460792455341,41.592993810901,
    30.49559682223));
#3170 = CARTESIAN_POINT('',(58.348951110149,41.599134591767,
    30.570713608115));
#3171 = CARTESIAN_POINT('',(58.25,41.553595280645,30.547487183061));
#3172 = CARTESIAN_POINT('',(58.75,41.2,29.364060109056));
#3173 = CARTESIAN_POINT('',(58.75,41.244115216301,29.518947667959));
#3174 = CARTESIAN_POINT('',(58.734415872793,41.282412589092,
    29.730899551717));
#3175 = CARTESIAN_POINT('',(58.703539813299,41.319269405147,
    29.960168513462));
#3176 = CARTESIAN_POINT('',(58.655566249726,41.353097259201,
    30.18944548326));
#3177 = CARTESIAN_POINT('',(58.57132264538,41.383059565077,
    30.391945943182));
#3178 = CARTESIAN_POINT('',(58.460938155145,41.411994838226,
    30.536506837616));
#3179 = CARTESIAN_POINT('',(58.349145195081,41.439500140007,
    30.606739013051));
#3180 = CARTESIAN_POINT('',(58.250000000001,41.470413786618,
    30.566602447612));
#3181 = CARTESIAN_POINT('',(58.75,41.2,29.364060109056));
#3182 = CARTESIAN_POINT('',(58.75,41.235970722667,29.518799095425));
#3183 = CARTESIAN_POINT('',(58.733826501473,41.24412847903,
    29.715245438031));
#3184 = CARTESIAN_POINT('',(58.701687191233,41.248403044872,
    29.92189888447));
#3185 = CARTESIAN_POINT('',(58.652152376437,41.24775818106,
    30.12869778675));
#3186 = CARTESIAN_POINT('',(58.568360112658,41.248718539629,
    30.315861718161));
#3187 = CARTESIAN_POINT('',(58.459843268571,41.267629467386,
    30.458657489459));
#3188 = CARTESIAN_POINT('',(58.34933928001,41.305983320508,
    30.547991618082));
#3189 = CARTESIAN_POINT('',(58.249999999999,41.386524853019,
    30.556442511048));
#3190 = CARTESIAN_POINT('',(58.75,41.2,29.364060109056));
#3191 = CARTESIAN_POINT('',(58.75,41.224798747079,29.517268828701));
#3192 = CARTESIAN_POINT('',(58.732736825824,41.217064919458,
    29.691550009404));
#3193 = CARTESIAN_POINT('',(58.698231051333,41.207459680712,
    29.868406943653));
#3194 = CARTESIAN_POINT('',(58.645655405353,41.192777604041,
    30.044635534719));
#3195 = CARTESIAN_POINT('',(58.562610537939,41.180934772921,
    30.20919593499));
#3196 = CARTESIAN_POINT('',(58.457580506654,41.192494015306,
    30.346576401315));
#3197 = CARTESIAN_POINT('',(58.349533364943,41.227119527554,
    30.454850205059));
#3198 = CARTESIAN_POINT('',(58.250000000001,41.312918192096,
    30.519842412225));
#3199 = CARTESIAN_POINT('',(58.75,41.2,29.364060109056));
#3200 = CARTESIAN_POINT('',(58.75,41.196530001244,29.51856280275));
#3201 = CARTESIAN_POINT('',(58.731290106428,41.184698872743,
    29.674873339609));
#3202 = CARTESIAN_POINT('',(58.69352135223,41.168570715541,
    29.829923348207));
#3203 = CARTESIAN_POINT('',(58.636552810022,41.152015528553,
    29.981522310684));
#3204 = CARTESIAN_POINT('',(58.554470394779,41.141558068409,
    30.12480708874));
#3205 = CARTESIAN_POINT('',(58.454333386139,41.15341327185,
    30.252531228109));
#3206 = CARTESIAN_POINT('',(58.349727449873,41.192268975005,
    30.364838912779));
#3207 = CARTESIAN_POINT('',(58.25,41.257697872643,30.463586702562));
#3208 = CARTESIAN_POINT('',(58.75,41.2,29.364060109056));
#3209 = CARTESIAN_POINT('',(58.75,41.18665814258,29.512292822661));
#3210 = CARTESIAN_POINT('',(58.729272396848,41.168893367809,
    29.660130033634));
#3211 = CARTESIAN_POINT('',(58.687061489242,41.150971291784,
    29.804398782049));
#3212 = CARTESIAN_POINT('',(58.624184715087,41.137880002481,
    29.942118085023));
#3213 = CARTESIAN_POINT('',(58.543387183852,41.134999911903,
    30.070738287587));
#3214 = CARTESIAN_POINT('',(58.449842200904,41.147105490222,
    30.18900130185));
#3215 = CARTESIAN_POINT('',(58.349921534805,41.176928244897,
    30.297129690876));
#3216 = CARTESIAN_POINT('',(58.25,41.22508000659,30.396364992344));
#3217 = ADVANCED_FACE('',(#3218),#3231,.F.);
#3218 = FACE_BOUND('',#3219,.F.);
#3219 = EDGE_LOOP('',(#3220,#3229,#3230));
#3220 = ORIENTED_EDGE('',*,*,#3221,.F.);
#3221 = EDGE_CURVE('',#1266,#3085,#3222,.T.);
#3222 = B_SPLINE_CURVE_WITH_KNOTS('',5,(#3223,#3224,#3225,#3226,#3227,
    #3228),.UNSPECIFIED.,.F.,.F.,(6,6),(0.,1.),
  .PIECEWISE_BEZIER_KNOTS.);
#3223 = CARTESIAN_POINT('',(-58.75,41.2,29.364060109056));
#3224 = CARTESIAN_POINT('',(-58.75,41.177992328221,29.608573058441));
#3225 = CARTESIAN_POINT('',(-58.68849249797,41.143148244181,
    29.847486247928));
#3226 = CARTESIAN_POINT('',(-58.56430582168,41.123094896589,
    30.060501468625));
#3227 = CARTESIAN_POINT('',(-58.40707963267,41.149384001176,
    30.240364138935));
#3228 = CARTESIAN_POINT('',(-58.25,41.22508000659,30.396364992344));
#3229 = ORIENTED_EDGE('',*,*,#1265,.T.);
#3230 = ORIENTED_EDGE('',*,*,#3092,.F.);
#3231 = B_SPLINE_SURFACE_WITH_KNOTS('',9,8,(
    (#3232,#3233,#3234,#3235,#3236,#3237,#3238,#3239,#3240)
    ,(#3241,#3242,#3243,#3244,#3245,#3246,#3247,#3248,#3249)
    ,(#3250,#3251,#3252,#3253,#3254,#3255,#3256,#3257,#3258)
    ,(#3259,#3260,#3261,#3262,#3263,#3264,#3265,#3266,#3267)
    ,(#3268,#3269,#3270,#3271,#3272,#3273,#3274,#3275,#3276)
    ,(#3277,#3278,#3279,#3280,#3281,#3282,#3283,#3284,#3285)
    ,(#3286,#3287,#3288,#3289,#3290,#3291,#3292,#3293,#3294)
    ,(#3295,#3296,#3297,#3298,#3299,#3300,#3301,#3302,#3303)
    ,(#3304,#3305,#3306,#3307,#3308,#3309,#3310,#3311,#3312)
    ,(#3313,#3314,#3315,#3316,#3317,#3318,#3319,#3320,#3321
  )),.UNSPECIFIED.,.F.,.F.,.F.,(10,10),(9,9),(0.,1.),(0.,1.),
  .PIECEWISE_BEZIER_KNOTS.);
#3232 = CARTESIAN_POINT('',(-58.75,41.2,29.364060109056));
#3233 = CARTESIAN_POINT('',(-58.75,41.18665814258,29.512292822661));
#3234 = CARTESIAN_POINT('',(-58.72927239684,41.168893367808,
    29.660130033634));
#3235 = CARTESIAN_POINT('',(-58.68706148924,41.150971291785,
    29.80439878205));
#3236 = CARTESIAN_POINT('',(-58.62418471508,41.137880002479,
    29.942118085023));
#3237 = CARTESIAN_POINT('',(-58.54338718385,41.134999911904,
    30.070738287587));
#3238 = CARTESIAN_POINT('',(-58.4498422009,41.147105490221,
    30.18900130185));
#3239 = CARTESIAN_POINT('',(-58.3499215348,41.176928244897,
    30.297129690876));
#3240 = CARTESIAN_POINT('',(-58.25,41.22508000659,30.396364992344));
#3241 = CARTESIAN_POINT('',(-58.75,41.2,29.364060109056));
#3242 = CARTESIAN_POINT('',(-58.75,41.196530001245,29.51856280275));
#3243 = CARTESIAN_POINT('',(-58.73129010642,41.184698872742,
    29.674873339608));
#3244 = CARTESIAN_POINT('',(-58.69352135223,41.168570715542,
    29.829923348207));
#3245 = CARTESIAN_POINT('',(-58.63655281002,41.152015528551,
    29.981522310684));
#3246 = CARTESIAN_POINT('',(-58.55447039478,41.14155806841,
    30.124807088741));
#3247 = CARTESIAN_POINT('',(-58.45433338613,41.153413271849,
    30.252531228109));
#3248 = CARTESIAN_POINT('',(-58.34972744987,41.192268975005,
    30.364838912779));
#3249 = CARTESIAN_POINT('',(-58.25,41.257697872643,30.463586702562));
#3250 = CARTESIAN_POINT('',(-58.75,41.2,29.364060109056));
#3251 = CARTESIAN_POINT('',(-58.75,41.224798747079,29.517268828701));
#3252 = CARTESIAN_POINT('',(-58.73273682582,41.217064919458,
    29.691550009405));
#3253 = CARTESIAN_POINT('',(-58.69823105133,41.207459680713,
    29.868406943654));
#3254 = CARTESIAN_POINT('',(-58.64565540535,41.19277760404,
    30.04463553472));
#3255 = CARTESIAN_POINT('',(-58.56261053794,41.180934772922,
    30.209195934991));
#3256 = CARTESIAN_POINT('',(-58.45758050665,41.192494015306,
    30.346576401316));
#3257 = CARTESIAN_POINT('',(-58.34953336494,41.227119527555,
    30.454850205061));
#3258 = CARTESIAN_POINT('',(-58.25,41.312918192097,30.519842412227));
#3259 = CARTESIAN_POINT('',(-58.75,41.2,29.364060109056));
#3260 = CARTESIAN_POINT('',(-58.75,41.235970722667,29.518799095425));
#3261 = CARTESIAN_POINT('',(-58.73382650147,41.24412847903,
    29.71524543803));
#3262 = CARTESIAN_POINT('',(-58.70168719123,41.248403044872,
    29.921898884469));
#3263 = CARTESIAN_POINT('',(-58.65215237643,41.247758181058,
    30.128697786748));
#3264 = CARTESIAN_POINT('',(-58.56836011265,41.248718539629,
    30.315861718159));
#3265 = CARTESIAN_POINT('',(-58.45984326856,41.267629467385,
    30.458657489456));
#3266 = CARTESIAN_POINT('',(-58.34933928,41.305983320507,30.547991618078
    ));
#3267 = CARTESIAN_POINT('',(-58.24999999999,41.386524853019,
    30.556442511044));
#3268 = CARTESIAN_POINT('',(-58.75,41.2,29.364060109056));
#3269 = CARTESIAN_POINT('',(-58.75,41.244115216301,29.518947667959));
#3270 = CARTESIAN_POINT('',(-58.73441587279,41.282412589092,
    29.730899551719));
#3271 = CARTESIAN_POINT('',(-58.7035398133,41.319269405148,
    29.960168513464));
#3272 = CARTESIAN_POINT('',(-58.65556624972,41.353097259202,
    30.189445483264));
#3273 = CARTESIAN_POINT('',(-58.57132264538,41.383059565079,
    30.391945943186));
#3274 = CARTESIAN_POINT('',(-58.46093815515,41.411994838228,
    30.536506837621));
#3275 = CARTESIAN_POINT('',(-58.34914519508,41.439500140008,
    30.606739013058));
#3276 = CARTESIAN_POINT('',(-58.25,41.470413786619,30.566602447619));
#3277 = CARTESIAN_POINT('',(-58.75,41.2,29.364060109056));
#3278 = CARTESIAN_POINT('',(-58.75,41.250910779845,29.517157143807));
#3279 = CARTESIAN_POINT('',(-58.73445098095,41.326798375122,
    29.720489811741));
#3280 = CARTESIAN_POINT('',(-58.70365059972,41.407002343161,
    29.939951642071));
#3281 = CARTESIAN_POINT('',(-58.65570388888,41.486545060472,
    30.1587827268));
#3282 = CARTESIAN_POINT('',(-58.57133890575,41.553651668077,
    30.353033690181));
#3283 = CARTESIAN_POINT('',(-58.46079245533,41.5929938109,
    30.495596822225));
#3284 = CARTESIAN_POINT('',(-58.34895111014,41.599134591766,
    30.570713608107));
#3285 = CARTESIAN_POINT('',(-58.24999999999,41.553595280645,
    30.547487183054));
#3286 = CARTESIAN_POINT('',(-58.75,41.2,29.364060109056));
#3287 = CARTESIAN_POINT('',(-58.75,41.258035965165,29.512870120474));
#3288 = CARTESIAN_POINT('',(-58.73387786714,41.354699625435,
    29.688453011008));
#3289 = CARTESIAN_POINT('',(-58.7018812327,41.454988714985,
    29.87276663705));
#3290 = CARTESIAN_POINT('',(-58.65237215761,41.556205692936,
    30.055719398916));
#3291 = CARTESIAN_POINT('',(-58.56824966347,41.643131025009,
    30.223592263034));
#3292 = CARTESIAN_POINT('',(-58.45933345813,41.690916617371,
    30.360964930349));
#3293 = CARTESIAN_POINT('',(-58.34875702522,41.695159792741,
    30.458827168974));
#3294 = CARTESIAN_POINT('',(-58.25,41.624633153408,30.501724773547));
#3295 = CARTESIAN_POINT('',(-58.75,41.2,29.364060109056));
#3296 = CARTESIAN_POINT('',(-58.75,41.267169324125,29.505529195466));
#3297 = CARTESIAN_POINT('',(-58.73264257251,41.36860320299,
    29.652961403595));
#3298 = CARTESIAN_POINT('',(-58.69809339443,41.468601414795,
    29.803290485348));
#3299 = CARTESIAN_POINT('',(-58.64537791957,41.569082266224,
    29.95184716037));
#3300 = CARTESIAN_POINT('',(-58.56189568816,41.657757564216,
    30.093816189635));
#3301 = CARTESIAN_POINT('',(-58.45648845248,41.710025565817,
    30.22396588944));
#3302 = CARTESIAN_POINT('',(-58.34856294028,41.725952945399,
    30.338655591831));
#3303 = CARTESIAN_POINT('',(-58.24999999999,41.674877817245,
    30.436663406189));
#3304 = CARTESIAN_POINT('',(-58.75,41.2,29.364060109056));
#3305 = CARTESIAN_POINT('',(-58.75,41.292380145017,29.49092843382));
#3306 = CARTESIAN_POINT('',(-58.73060183649,41.389208851467,
    29.617752813846));
#3307 = CARTESIAN_POINT('',(-58.69193712628,41.485207105676,
    29.744180698033));
#3308 = CARTESIAN_POINT('',(-58.63424370121,41.576134205799,
    29.869880866058));
#3309 = CARTESIAN_POINT('',(-58.55188050628,41.65420576458,
    29.994570022929));
#3310 = CARTESIAN_POINT('',(-58.45207392164,41.702491998292,
    30.118108381098));
#3311 = CARTESIAN_POINT('',(-58.34836885535,41.717244156623,
    30.240520669797));
#3312 = CARTESIAN_POINT('',(-58.25,41.7,30.361944837656));
#3313 = CARTESIAN_POINT('',(-58.75,41.2,29.364060109056));
#3314 = CARTESIAN_POINT('',(-58.75,41.298174770424,29.479456030445));
#3315 = CARTESIAN_POINT('',(-58.72796960552,41.396349571752,
    29.594851951833));
#3316 = CARTESIAN_POINT('',(-58.68390903293,41.488756617167,
    29.710247873222));
#3317 = CARTESIAN_POINT('',(-58.61962937789,41.56962937789,
    29.82564379461));
#3318 = CARTESIAN_POINT('',(-58.53875661716,41.633909032935,
    29.941039715999));
#3319 = CARTESIAN_POINT('',(-58.44634957175,41.677969605519,
    30.056435637387));
#3320 = CARTESIAN_POINT('',(-58.34817477042,41.7,30.171831558776));
#3321 = CARTESIAN_POINT('',(-58.25,41.7,30.287227480164));
#3322 = ADVANCED_FACE('',(#3323),#3345,.T.);
#3323 = FACE_BOUND('',#3324,.F.);
#3324 = EDGE_LOOP('',(#3325,#3326,#3327,#3338));
#3325 = ORIENTED_EDGE('',*,*,#3114,.F.);
#3326 = ORIENTED_EDGE('',*,*,#1297,.T.);
#3327 = ORIENTED_EDGE('',*,*,#3328,.T.);
#3328 = EDGE_CURVE('',#1298,#3329,#3331,.T.);
#3329 = VERTEX_POINT('',#3330);
#3330 = CARTESIAN_POINT('',(58.25,37.345948058485,27.332677777184));
#3331 = B_SPLINE_CURVE_WITH_KNOTS('',5,(#3332,#3333,#3334,#3335,#3336,
    #3337),.UNSPECIFIED.,.F.,.F.,(6,6),(0.,1.),
  .PIECEWISE_BEZIER_KNOTS.);
#3332 = CARTESIAN_POINT('',(58.75,37.650000000001,26.891261156014));
#3333 = CARTESIAN_POINT('',(58.75,37.572020534246,27.033446360883));
#3334 = CARTESIAN_POINT('',(58.688492497977,37.496385848254,
    27.17672338785));
#3335 = CARTESIAN_POINT('',(58.564305821681,37.431468150105,
    27.288928428322));
#3336 = CARTESIAN_POINT('',(58.40707963268,37.382101728849,
    27.34068384601));
#3337 = CARTESIAN_POINT('',(58.25,37.345948058485,27.332677777184));
#3338 = ORIENTED_EDGE('',*,*,#3339,.F.);
#3339 = EDGE_CURVE('',#3070,#3329,#3340,.T.);
#3340 = CIRCLE('',#3341,5.675624999995);
#3341 = AXIS2_PLACEMENT_3D('',#3342,#3343,#3344);
#3342 = CARTESIAN_POINT('',(58.25,36.118833856219,32.874059362598));
#3343 = DIRECTION('',(-1.,0.,-0.));
#3344 = DIRECTION('',(0.,0.899679973637,-0.436550048718));
#3345 = TOROIDAL_SURFACE('',#3346,6.175624999995,0.5);
#3346 = AXIS2_PLACEMENT_3D('',#3347,#3348,#3349);
#3347 = CARTESIAN_POINT('',(58.25,36.118833856219,32.874059362598));
#3348 = DIRECTION('',(1.,0.,0.));
#3349 = DIRECTION('',(0.,0.899679973637,-0.436550048718));
#3350 = ADVANCED_FACE('',(#3351),#3376,.T.);
#3351 = FACE_BOUND('',#3352,.F.);
#3352 = EDGE_LOOP('',(#3353,#3367,#3368,#3369));
#3353 = ORIENTED_EDGE('',*,*,#3354,.F.);
#3354 = EDGE_CURVE('',#1323,#3355,#3357,.T.);
#3355 = VERTEX_POINT('',#3356);
#3356 = CARTESIAN_POINT('',(-58.25,37.345948058485,27.332677777184));
#3357 = B_SPLINE_CURVE_WITH_KNOTS('',8,(#3358,#3359,#3360,#3361,#3362,
    #3363,#3364,#3365,#3366),.UNSPECIFIED.,.F.,.F.,(9,9),(0.,1.),
  .PIECEWISE_BEZIER_KNOTS.);
#3358 = CARTESIAN_POINT('',(-58.75,37.650000000001,26.891261156014));
#3359 = CARTESIAN_POINT('',(-58.75,37.601413228205,26.979852685013));
#3360 = CARTESIAN_POINT('',(-58.72810534632,37.553624159322,
    27.068881878811));
#3361 = CARTESIAN_POINT('',(-58.68423061284,37.508056508456,
    27.15280467739));
#3362 = CARTESIAN_POINT('',(-58.62008100667,37.466006620124,
    27.225983698859));
#3363 = CARTESIAN_POINT('',(-58.53920881674,37.428467906219,
    27.283357813981));
#3364 = CARTESIAN_POINT('',(-58.44668902655,37.395974498151,
    27.321224539399));
#3365 = CARTESIAN_POINT('',(-58.34834451906,37.368583172049,
    27.337690221986));
#3366 = CARTESIAN_POINT('',(-58.25,37.345948058485,27.332677777184));
#3367 = ORIENTED_EDGE('',*,*,#1322,.T.);
#3368 = ORIENTED_EDGE('',*,*,#3221,.T.);
#3369 = ORIENTED_EDGE('',*,*,#3370,.F.);
#3370 = EDGE_CURVE('',#3355,#3085,#3371,.T.);
#3371 = CIRCLE('',#3372,5.675624999995);
#3372 = AXIS2_PLACEMENT_3D('',#3373,#3374,#3375);
#3373 = CARTESIAN_POINT('',(-58.25,36.118833856219,32.874059362598));
#3374 = DIRECTION('',(1.,2.301763417227E-16,6.162975822039E-33));
#3375 = DIRECTION('',(-4.976591264464E-17,0.216207766064,-0.976347377675
    ));
#3376 = TOROIDAL_SURFACE('',#3377,6.175624999995,0.5);
#3377 = AXIS2_PLACEMENT_3D('',#3378,#3379,#3380);
#3378 = CARTESIAN_POINT('',(-58.25,36.118833856219,32.874059362598));
#3379 = DIRECTION('',(-1.,-2.301763417227E-16,0.));
#3380 = DIRECTION('',(-4.976591264464E-17,0.216207766064,-0.976347377675
    ));
#3381 = ADVANCED_FACE('',(#3382),#3396,.F.);
#3382 = FACE_BOUND('',#3383,.F.);
#3383 = EDGE_LOOP('',(#3384,#3385,#3386));
#3384 = ORIENTED_EDGE('',*,*,#3328,.F.);
#3385 = ORIENTED_EDGE('',*,*,#1345,.T.);
#3386 = ORIENTED_EDGE('',*,*,#3387,.F.);
#3387 = EDGE_CURVE('',#3329,#1346,#3388,.T.);
#3388 = B_SPLINE_CURVE_WITH_KNOTS('',6,(#3389,#3390,#3391,#3392,#3393,
    #3394,#3395),.UNSPECIFIED.,.F.,.F.,(7,7),(0.,1.),
  .PIECEWISE_BEZIER_KNOTS.);
#3389 = CARTESIAN_POINT('',(58.25,37.345948058485,27.332677777184));
#3390 = CARTESIAN_POINT('',(58.25,37.290911860381,27.320490256925));
#3391 = CARTESIAN_POINT('',(58.25,37.239175033904,27.293413303309));
#3392 = CARTESIAN_POINT('',(58.25,37.195761690484,27.252549380887));
#3393 = CARTESIAN_POINT('',(58.25,37.165250608983,27.201327779502));
#3394 = CARTESIAN_POINT('',(58.25,37.150000000001,27.14496041699));
#3395 = CARTESIAN_POINT('',(58.25,37.150000000001,27.088590932765));
#3396 = B_SPLINE_SURFACE_WITH_KNOTS('',6,7,(
    (#3397,#3398,#3399,#3400,#3401,#3402,#3403,#3404)
    ,(#3405,#3406,#3407,#3408,#3409,#3410,#3411,#3412)
    ,(#3413,#3414,#3415,#3416,#3417,#3418,#3419,#3420)
    ,(#3421,#3422,#3423,#3424,#3425,#3426,#3427,#3428)
    ,(#3429,#3430,#3431,#3432,#3433,#3434,#3435,#3436)
    ,(#3437,#3438,#3439,#3440,#3441,#3442,#3443,#3444)
    ,(#3445,#3446,#3447,#3448,#3449,#3450,#3451,#3452
  )),.UNSPECIFIED.,.F.,.F.,.F.,(7,7),(8,8),(0.,1.),(0.,1.),
  .PIECEWISE_BEZIER_KNOTS.);
#3397 = CARTESIAN_POINT('',(58.75,37.650000000001,26.891261156014));
#3398 = CARTESIAN_POINT('',(58.75,37.594472260805,26.992508617727));
#3399 = CARTESIAN_POINT('',(58.720806123491,37.540008426864,
    27.094339019337));
#3400 = CARTESIAN_POINT('',(58.662289165433,37.488884200153,
    27.187886426792));
#3401 = CARTESIAN_POINT('',(58.577866094711,37.443131065293,
    27.264076850428));
#3402 = CARTESIAN_POINT('',(58.474786451769,37.404027379002,
    27.315496677519));
#3403 = CARTESIAN_POINT('',(58.362393736075,37.371816759702,
    27.338406285529));
#3404 = CARTESIAN_POINT('',(58.25,37.345948058485,27.332677777184));
#3405 = CARTESIAN_POINT('',(58.75,37.650000000001,26.891261156014));
#3406 = CARTESIAN_POINT('',(58.75,37.581830043682,26.984402886003));
#3407 = CARTESIAN_POINT('',(58.723199012738,37.514302987994,
    27.079140343533));
#3408 = CARTESIAN_POINT('',(58.670134940622,37.45055597292,
    27.169018581465));
#3409 = CARTESIAN_POINT('',(58.588792071859,37.392784805977,
    27.25121405777));
#3410 = CARTESIAN_POINT('',(58.47933018084,37.346542359397,
    27.306530004481));
#3411 = CARTESIAN_POINT('',(58.362361403,37.313048126174,27.328316898483
    ));
#3412 = CARTESIAN_POINT('',(58.25,37.290911860381,27.320490256925));
#3413 = CARTESIAN_POINT('',(58.75,37.650000000001,26.891261156014));
#3414 = CARTESIAN_POINT('',(58.75,37.562322895357,26.964196218135));
#3415 = CARTESIAN_POINT('',(58.72459922515,37.481505793372,
    27.052097244259));
#3416 = CARTESIAN_POINT('',(58.674762553145,37.401777283236,
    27.134573988997));
#3417 = CARTESIAN_POINT('',(58.595260571129,37.328859295498,
    27.215219578977));
#3418 = CARTESIAN_POINT('',(58.482007817034,37.276100214907,
    27.272322278813));
#3419 = CARTESIAN_POINT('',(58.362329069925,37.250737751363,
    27.302394666504));
#3420 = CARTESIAN_POINT('',(58.25,37.239175033904,27.293413303309));
#3421 = CARTESIAN_POINT('',(58.75,37.650000000001,26.891261156014));
#3422 = CARTESIAN_POINT('',(58.75,37.559060178975,26.961660409148));
#3423 = CARTESIAN_POINT('',(58.725059143425,37.46352513826,
    27.036493858724));
#3424 = CARTESIAN_POINT('',(58.676287283901,37.371025369146,
    27.109729089136));
#3425 = CARTESIAN_POINT('',(58.59739022442,37.283403517135,
    27.179883253761));
#3426 = CARTESIAN_POINT('',(58.482875091729,37.221788371333,
    27.230015185776));
#3427 = CARTESIAN_POINT('',(58.362296736852,37.193169137217,
    27.253865063799));
#3428 = CARTESIAN_POINT('',(58.25,37.195761690484,27.252549380887));
#3429 = CARTESIAN_POINT('',(58.75,37.650000000001,26.891261156014));
#3430 = CARTESIAN_POINT('',(58.75,37.557369925397,26.957862258334));
#3431 = CARTESIAN_POINT('',(58.724553883185,37.452349476987,
    27.015392849578));
#3432 = CARTESIAN_POINT('',(58.674656010071,37.353706596722,
    27.074033436206));
#3433 = CARTESIAN_POINT('',(58.595126446187,37.259143815389,
    27.127450027288));
#3434 = CARTESIAN_POINT('',(58.481901833179,37.192538255782,
    27.167465554781));
#3435 = CARTESIAN_POINT('',(58.362264403777,37.158401242709,
    27.18692688427));
#3436 = CARTESIAN_POINT('',(58.25,37.165250608983,27.201327779502));
#3437 = CARTESIAN_POINT('',(58.75,37.650000000001,26.891261156014));
#3438 = CARTESIAN_POINT('',(58.75,37.542580165481,26.933868564982));
#3439 = CARTESIAN_POINT('',(58.723058560052,37.434182626981,
    26.976573130601));
#3440 = CARTESIAN_POINT('',(58.669815608838,37.33191520675,
    27.017897197192));
#3441 = CARTESIAN_POINT('',(58.588414650886,37.238996958846,
    27.056328433149));
#3442 = CARTESIAN_POINT('',(58.479057869641,37.175094419875,
    27.090631236346));
#3443 = CARTESIAN_POINT('',(58.362232070703,37.146821892076,
    27.120182336365));
#3444 = CARTESIAN_POINT('',(58.25,37.150000000001,27.14496041699));
#3445 = CARTESIAN_POINT('',(58.75,37.650000000001,26.891261156014));
#3446 = CARTESIAN_POINT('',(58.75,37.537800262372,26.919451124121));
#3447 = CARTESIAN_POINT('',(58.720625556725,37.42560106751,
    26.947641092229));
#3448 = CARTESIAN_POINT('',(58.6618813611,37.322626529588,
    26.975831060335));
#3449 = CARTESIAN_POINT('',(58.577373470413,37.238118638901,
    27.004021028443));
#3450 = CARTESIAN_POINT('',(58.474398932491,37.179374443276,
    27.03221099655));
#3451 = CARTESIAN_POINT('',(58.362199737628,37.150000000001,
    27.060400964657));
#3452 = CARTESIAN_POINT('',(58.25,37.150000000001,27.088590932765));
#3453 = ADVANCED_FACE('',(#3454),#3468,.F.);
#3454 = FACE_BOUND('',#3455,.F.);
#3455 = EDGE_LOOP('',(#3456,#3457,#3458));
#3456 = ORIENTED_EDGE('',*,*,#1383,.F.);
#3457 = ORIENTED_EDGE('',*,*,#3354,.T.);
#3458 = ORIENTED_EDGE('',*,*,#3459,.F.);
#3459 = EDGE_CURVE('',#1376,#3355,#3460,.T.);
#3460 = B_SPLINE_CURVE_WITH_KNOTS('',6,(#3461,#3462,#3463,#3464,#3465,
    #3466,#3467),.UNSPECIFIED.,.F.,.F.,(7,7),(0.,1.),
  .PIECEWISE_BEZIER_KNOTS.);
#3461 = CARTESIAN_POINT('',(-58.25,37.150000000001,27.088590932765));
#3462 = CARTESIAN_POINT('',(-58.25,37.150000000001,27.14496041699));
#3463 = CARTESIAN_POINT('',(-58.24999999999,37.165250608983,
    27.201327779503));
#3464 = CARTESIAN_POINT('',(-58.25,37.195761690484,27.252549380887));
#3465 = CARTESIAN_POINT('',(-58.24999999999,37.239175033904,
    27.293413303309));
#3466 = CARTESIAN_POINT('',(-58.25,37.29091186038,27.320490256925));
#3467 = CARTESIAN_POINT('',(-58.25,37.345948058485,27.332677777184));
#3468 = B_SPLINE_SURFACE_WITH_KNOTS('',6,8,(
    (#3469,#3470,#3471,#3472,#3473,#3474,#3475,#3476,#3477)
    ,(#3478,#3479,#3480,#3481,#3482,#3483,#3484,#3485,#3486)
    ,(#3487,#3488,#3489,#3490,#3491,#3492,#3493,#3494,#3495)
    ,(#3496,#3497,#3498,#3499,#3500,#3501,#3502,#3503,#3504)
    ,(#3505,#3506,#3507,#3508,#3509,#3510,#3511,#3512,#3513)
    ,(#3514,#3515,#3516,#3517,#3518,#3519,#3520,#3521,#3522)
    ,(#3523,#3524,#3525,#3526,#3527,#3528,#3529,#3530,#3531
  )),.UNSPECIFIED.,.F.,.F.,.F.,(7,7),(9,9),(0.,1.),(0.,1.),
  .PIECEWISE_BEZIER_KNOTS.);
#3469 = CARTESIAN_POINT('',(-58.75,37.650000000001,26.891261156014));
#3470 = CARTESIAN_POINT('',(-58.75,37.551825229576,26.915927378108));
#3471 = CARTESIAN_POINT('',(-58.72796960552,37.453650428249,
    26.940593600202));
#3472 = CARTESIAN_POINT('',(-58.68390903293,37.361243382833,
    26.965259822295));
#3473 = CARTESIAN_POINT('',(-58.61962937789,37.280370622111,
    26.989926044391));
#3474 = CARTESIAN_POINT('',(-58.53875661716,37.216090967065,
    27.014592266483));
#3475 = CARTESIAN_POINT('',(-58.44634957175,37.172030394481,
    27.039258488578));
#3476 = CARTESIAN_POINT('',(-58.34817477042,37.150000000001,
    27.063924710671));
#3477 = CARTESIAN_POINT('',(-58.25,37.150000000001,27.088590932765));
#3478 = CARTESIAN_POINT('',(-58.75,37.650000000001,26.891261156014));
#3479 = CARTESIAN_POINT('',(-58.75,37.556007644796,26.928542638861));
#3480 = CARTESIAN_POINT('',(-58.72986271402,37.461342577608,
    26.965897065843));
#3481 = CARTESIAN_POINT('',(-58.6895615748,37.370071678131,
    27.002400426952));
#3482 = CARTESIAN_POINT('',(-58.6294233269,37.285727418487,
    27.037113158546));
#3483 = CARTESIAN_POINT('',(-58.54718571717,37.214839695525,
    27.069191739079));
#3484 = CARTESIAN_POINT('',(-58.44992021388,37.168086853928,
    27.098019087998));
#3485 = CARTESIAN_POINT('',(-58.34820306186,37.147219155566,
    27.123279596443));
#3486 = CARTESIAN_POINT('',(-58.25,37.150000000001,27.14496041699));
#3487 = CARTESIAN_POINT('',(-58.75,37.650000000001,26.891261156014));
#3488 = CARTESIAN_POINT('',(-58.75,37.568948684723,26.949537120544));
#3489 = CARTESIAN_POINT('',(-58.73102545158,37.477679916521,
    26.999864969438));
#3490 = CARTESIAN_POINT('',(-58.69301558705,37.390450808321,
    27.052120095934));
#3491 = CARTESIAN_POINT('',(-58.63538420373,37.306770821956,
    27.100634100148));
#3492 = CARTESIAN_POINT('',(-58.55231509087,37.233919862035,
    27.142532729811));
#3493 = CARTESIAN_POINT('',(-58.45210251502,37.185082967894,
    27.173428069661));
#3494 = CARTESIAN_POINT('',(-58.3482313533,37.159257413493,
    27.188726996175));
#3495 = CARTESIAN_POINT('',(-58.24999999999,37.165250608983,
    27.201327779503));
#3496 = CARTESIAN_POINT('',(-58.75,37.650000000001,26.891261156014));
#3497 = CARTESIAN_POINT('',(-58.75,37.570427656604,26.952860502506));
#3498 = CARTESIAN_POINT('',(-58.73141827855,37.487377459444,
    27.017808018004));
#3499 = CARTESIAN_POINT('',(-58.69418018408,37.405507129007,
    27.082439666472));
#3500 = CARTESIAN_POINT('',(-58.63739392015,37.32750235812,
    27.144562867213));
#3501 = CARTESIAN_POINT('',(-58.55405050252,37.260092183902,
    27.198856517006));
#3502 = CARTESIAN_POINT('',(-58.45285442399,37.214793535272,
    27.235846515646));
#3503 = CARTESIAN_POINT('',(-58.34825964474,37.193493206375,
    27.253700603434));
#3504 = CARTESIAN_POINT('',(-58.25,37.195761690484,27.252549380887));
#3505 = CARTESIAN_POINT('',(-58.75,37.650000000001,26.891261156014));
#3506 = CARTESIAN_POINT('',(-58.75,37.573282533437,26.95507933537));
#3507 = CARTESIAN_POINT('',(-58.73105981604,37.502625187539,
    27.031270051515));
#3508 = CARTESIAN_POINT('',(-58.69309803417,37.431556972805,
    27.103877124254));
#3509 = CARTESIAN_POINT('',(-58.63550614149,37.365484191793,
    27.174572103639));
#3510 = CARTESIAN_POINT('',(-58.55243751737,37.308956138544,
    27.236865005949));
#3511 = CARTESIAN_POINT('',(-58.45219852743,37.268918543933,
    27.278547365365));
#3512 = CARTESIAN_POINT('',(-58.34828793618,37.249292411681,
    27.301271996105));
#3513 = CARTESIAN_POINT('',(-58.24999999999,37.239175033904,
    27.293413303309));
#3514 = CARTESIAN_POINT('',(-58.75,37.650000000001,26.891261156014));
#3515 = CARTESIAN_POINT('',(-58.75,37.590351288222,26.972760169755));
#3516 = CARTESIAN_POINT('',(-58.72996868518,37.531195298286,
    27.055395763581));
#3517 = CARTESIAN_POINT('',(-58.68981180563,37.474427355187,
    27.135506932061));
#3518 = CARTESIAN_POINT('',(-58.62977453307,37.421717637189,
    27.209846553869));
#3519 = CARTESIAN_POINT('',(-58.54752170069,37.375410140124,
    27.272150227607));
#3520 = CARTESIAN_POINT('',(-58.45015741201,37.338179347462,
    27.311916512413));
#3521 = CARTESIAN_POINT('',(-58.34831622762,37.31028109295,
    27.327338568288));
#3522 = CARTESIAN_POINT('',(-58.25,37.29091186038,27.320490256925));
#3523 = CARTESIAN_POINT('',(-58.75,37.650000000001,26.891261156014));
#3524 = CARTESIAN_POINT('',(-58.75,37.601413228205,26.979852685013));
#3525 = CARTESIAN_POINT('',(-58.72810534632,37.553624159322,
    27.068881878811));
#3526 = CARTESIAN_POINT('',(-58.68423061284,37.508056508456,
    27.15280467739));
#3527 = CARTESIAN_POINT('',(-58.62008100667,37.466006620124,
    27.225983698859));
#3528 = CARTESIAN_POINT('',(-58.53920881674,37.428467906219,
    27.283357813981));
#3529 = CARTESIAN_POINT('',(-58.44668902655,37.395974498151,
    27.321224539399));
#3530 = CARTESIAN_POINT('',(-58.34834451906,37.368583172049,
    27.337690221986));
#3531 = CARTESIAN_POINT('',(-58.25,37.345948058485,27.332677777184));
#3532 = ADVANCED_FACE('',(#3533),#3544,.T.);
#3533 = FACE_BOUND('',#3534,.T.);
#3534 = EDGE_LOOP('',(#3535,#3536,#3537,#3543));
#3535 = ORIENTED_EDGE('',*,*,#1401,.F.);
#3536 = ORIENTED_EDGE('',*,*,#3387,.F.);
#3537 = ORIENTED_EDGE('',*,*,#3538,.T.);
#3538 = EDGE_CURVE('',#3329,#3355,#3539,.T.);
#3539 = LINE('',#3540,#3541);
#3540 = CARTESIAN_POINT('',(58.75,37.345948058485,27.332677777184));
#3541 = VECTOR('',#3542,1.);
#3542 = DIRECTION('',(-1.,-0.,-0.));
#3543 = ORIENTED_EDGE('',*,*,#3459,.F.);
#3544 = CYLINDRICAL_SURFACE('',#3545,0.25);
#3545 = AXIS2_PLACEMENT_3D('',#3546,#3547,#3548);
#3546 = CARTESIAN_POINT('',(58.75,37.400000000001,27.088590932765));
#3547 = DIRECTION('',(-1.,-0.,-0.));
#3548 = DIRECTION('',(0.,-1.,0.));
#3549 = ADVANCED_FACE('',(#3550),#3560,.F.);
#3550 = FACE_BOUND('',#3551,.F.);
#3551 = EDGE_LOOP('',(#3552,#3553,#3554,#3555,#3556,#3557,#3558,#3559));
#3552 = ORIENTED_EDGE('',*,*,#1458,.F.);
#3553 = ORIENTED_EDGE('',*,*,#1508,.T.);
#3554 = ORIENTED_EDGE('',*,*,#1556,.F.);
#3555 = ORIENTED_EDGE('',*,*,#1599,.T.);
#3556 = ORIENTED_EDGE('',*,*,#1573,.F.);
#3557 = ORIENTED_EDGE('',*,*,#1533,.F.);
#3558 = ORIENTED_EDGE('',*,*,#1475,.F.);
#3559 = ORIENTED_EDGE('',*,*,#1435,.F.);
#3560 = PLANE('',#3561);
#3561 = AXIS2_PLACEMENT_3D('',#3562,#3563,#3564);
#3562 = CARTESIAN_POINT('',(6.799452016843E-15,23.6,-7.));
#3563 = DIRECTION('',(0.,0.,1.));
#3564 = DIRECTION('',(1.,0.,0.));
#3565 = ADVANCED_FACE('',(#3566),#3572,.F.);
#3566 = FACE_BOUND('',#3567,.T.);
#3567 = EDGE_LOOP('',(#3568,#3569,#3570,#3571));
#3568 = ORIENTED_EDGE('',*,*,#1630,.T.);
#3569 = ORIENTED_EDGE('',*,*,#1915,.F.);
#3570 = ORIENTED_EDGE('',*,*,#2083,.F.);
#3571 = ORIENTED_EDGE('',*,*,#1885,.T.);
#3572 = CYLINDRICAL_SURFACE('',#3573,5.675624999995);
#3573 = AXIS2_PLACEMENT_3D('',#3574,#3575,#3576);
#3574 = CARTESIAN_POINT('',(58.75,4.46883385622,92.874059362589));
#3575 = DIRECTION('',(1.,0.,0.));
#3576 = DIRECTION('',(0.,-1.,0.));
#3577 = ADVANCED_FACE('',(#3578),#3584,.F.);
#3578 = FACE_BOUND('',#3579,.T.);
#3579 = EDGE_LOOP('',(#3580,#3581,#3582,#3583));
#3580 = ORIENTED_EDGE('',*,*,#2350,.T.);
#3581 = ORIENTED_EDGE('',*,*,#2568,.F.);
#3582 = ORIENTED_EDGE('',*,*,#2322,.F.);
#3583 = ORIENTED_EDGE('',*,*,#2124,.F.);
#3584 = CYLINDRICAL_SURFACE('',#3585,5.675624999995);
#3585 = AXIS2_PLACEMENT_3D('',#3586,#3587,#3588);
#3586 = CARTESIAN_POINT('',(58.75,15.01883385622,72.874059362592));
#3587 = DIRECTION('',(1.,0.,0.));
#3588 = DIRECTION('',(0.,-1.,0.));
#3589 = ADVANCED_FACE('',(#3590),#3596,.F.);
#3590 = FACE_BOUND('',#3591,.T.);
#3591 = EDGE_LOOP('',(#3592,#3593,#3594,#3595));
#3592 = ORIENTED_EDGE('',*,*,#2599,.T.);
#3593 = ORIENTED_EDGE('',*,*,#2885,.F.);
#3594 = ORIENTED_EDGE('',*,*,#3053,.F.);
#3595 = ORIENTED_EDGE('',*,*,#2854,.F.);
#3596 = CYLINDRICAL_SURFACE('',#3597,5.675624999995);
#3597 = AXIS2_PLACEMENT_3D('',#3598,#3599,#3600);
#3598 = CARTESIAN_POINT('',(58.75,25.568833856219,52.874059362595));
#3599 = DIRECTION('',(1.,0.,0.));
#3600 = DIRECTION('',(0.,-1.,0.));
#3601 = ADVANCED_FACE('',(#3602),#3608,.F.);
#3602 = FACE_BOUND('',#3603,.T.);
#3603 = EDGE_LOOP('',(#3604,#3605,#3606,#3607));
#3604 = ORIENTED_EDGE('',*,*,#3084,.T.);
#3605 = ORIENTED_EDGE('',*,*,#3370,.F.);
#3606 = ORIENTED_EDGE('',*,*,#3538,.F.);
#3607 = ORIENTED_EDGE('',*,*,#3339,.F.);
#3608 = CYLINDRICAL_SURFACE('',#3609,5.675624999995);
#3609 = AXIS2_PLACEMENT_3D('',#3610,#3611,#3612);
#3610 = CARTESIAN_POINT('',(58.75,36.118833856219,32.874059362598));
#3611 = DIRECTION('',(1.,0.,0.));
#3612 = DIRECTION('',(0.,-1.,0.));
#3613 = ( GEOMETRIC_REPRESENTATION_CONTEXT(3) 
GLOBAL_UNCERTAINTY_ASSIGNED_CONTEXT((#3617)) 
GLOBAL_UNIT_ASSIGNED_CONTEXT((#3614,#3615,#3616)) REPRESENTATION_CONTEXT
('Context #1','3D Context with UNIT and UNCERTAINTY') );
#3614 = ( LENGTH_UNIT() NAMED_UNIT(*) SI_UNIT(.MILLI.,.METRE.) );
#3615 = ( NAMED_UNIT(*) PLANE_ANGLE_UNIT() SI_UNIT($,.RADIAN.) );
#3616 = ( NAMED_UNIT(*) SI_UNIT($,.STERADIAN.) SOLID_ANGLE_UNIT() );
#3617 = UNCERTAINTY_MEASURE_WITH_UNIT(LENGTH_MEASURE(5.E-05),#3614,
  'distance_accuracy_value','confusion accuracy');
#3618 = PRODUCT_RELATED_PRODUCT_CATEGORY('part',$,(#7));
#3619 = MECHANICAL_DESIGN_GEOMETRIC_PRESENTATION_REPRESENTATION('',(
    #3620),#3613);
#3620 = STYLED_ITEM('color',(#3621),#15);
#3621 = PRESENTATION_STYLE_ASSIGNMENT((#3622,#3628));
#3622 = SURFACE_STYLE_USAGE(.BOTH.,#3623);
#3623 = SURFACE_SIDE_STYLE('',(#3624));
#3624 = SURFACE_STYLE_FILL_AREA(#3625);
#3625 = FILL_AREA_STYLE('',(#3626));
#3626 = FILL_AREA_STYLE_COLOUR('',#3627);
#3627 = COLOUR_RGB('',0.678431390124,0.709803936702,0.741176476869);
#3628 = CURVE_STYLE('',#3629,POSITIVE_LENGTH_MEASURE(0.1),#3630);
#3629 = DRAUGHTING_PRE_DEFINED_CURVE_FONT('continuous');
#3630 = COLOUR_RGB('',9.803921802644E-02,9.803921802644E-02,
  9.803921802644E-02);
ENDSEC;
END-ISO-10303-21;
